# discrete GA / TSP-MTSP log
# cities=225  m=4  pop=100  gens=5000  pc=0.700  pm=0.700  seed=1001  bal=0.300

generation |   best    |  average  | std    | best_total | best_max  | spread
      1,   |  39640.200 |  41564.275 |  1060.313 |  39222.000 |  10526.000 |  1394.000
      2,   |  38776.300 |  40579.551 |   746.191 |  38488.000 |  10048.000 |   961.000
      3,   |  37821.900 |  40114.876 |   820.316 |  37407.000 |  10293.000 |  1383.000
      4,   |  37791.900 |  39521.304 |   805.463 |  37377.000 |  10293.000 |  1383.000
      5,   |  37126.400 |  38988.121 |   762.650 |  36983.000 |   9515.000 |   478.000
      6,   |  37121.900 |  38801.130 |   889.779 |  36908.000 |   9656.000 |   713.000
      7,   |  36054.400 |  38580.597 |  1053.458 |  35815.000 |   9429.000 |   798.000
      8,   |  36054.400 |  38041.897 |   900.145 |  35815.000 |   9429.000 |   798.000
      9,   |  36024.900 |  37510.072 |   750.011 |  35544.000 |   9727.000 |  1603.000
     10,   |  35631.600 |  37310.879 |   754.161 |  35529.000 |   8984.000 |   342.000
     11,   |  34939.600 |  37063.997 |   866.752 |  34696.000 |   9148.000 |   812.000
     12,   |  34939.600 |  36596.087 |   773.770 |  34696.000 |   9148.000 |   812.000
     13,   |  34353.500 |  36236.364 |   830.499 |  33803.000 |   9233.000 |  1835.000
     14,   |  34214.100 |  35549.850 |   776.722 |  33879.000 |   9059.000 |  1117.000
     15,   |  33768.600 |  35079.769 |   606.596 |  33420.000 |   9084.000 |  1162.000
     16,   |  33464.800 |  34983.106 |   599.520 |  33184.000 |   8817.000 |   936.000
     17,   |  33371.400 |  34741.487 |   717.518 |  33147.000 |   8713.000 |   748.000
     18,   |  33201.400 |  34474.148 |   702.859 |  33007.000 |   8588.000 |   648.000
     19,   |  32490.200 |  34210.150 |   650.524 |  32108.000 |   8784.000 |  1274.000
     20,   |  32478.600 |  33820.817 |   642.220 |  32421.000 |   8174.000 |   192.000
     21,   |  32138.900 |  33449.436 |   670.501 |  31748.000 |   8743.000 |  1303.000
     22,   |  31492.500 |  33111.614 |   661.512 |  31224.000 |   8333.000 |   895.000
     23,   |  31335.400 |  32725.569 |   657.835 |  30958.000 |   8320.000 |  1258.000
     24,   |  31141.900 |  32465.899 |   653.686 |  31018.000 |   7933.000 |   413.000
     25,   |  30997.600 |  32325.898 |   644.341 |  30901.000 |   7949.000 |   322.000
     26,   |  30581.300 |  32239.246 |   687.642 |  30335.000 |   7862.000 |   821.000
     27,   |  30581.300 |  32035.271 |   652.260 |  30335.000 |   7862.000 |   821.000
     28,   |  30581.300 |  31816.006 |   539.608 |  30335.000 |   7862.000 |   821.000
     29,   |  30444.000 |  31827.214 |   715.052 |  30165.000 |   7985.000 |   930.000
     30,   |  30444.000 |  31516.903 |   579.060 |  30165.000 |   7985.000 |   930.000
     31,   |  30403.000 |  31419.089 |   549.983 |  30205.000 |   7859.000 |   660.000
     32,   |  30403.000 |  31437.631 |   632.599 |  30205.000 |   7859.000 |   660.000
     33,   |  30069.500 |  31291.928 |   573.086 |  29651.000 |   7916.000 |  1395.000
     34,   |  29737.400 |  31256.538 |   680.058 |  29270.000 |   8228.000 |  1558.000
     35,   |  29737.400 |  31112.152 |   670.222 |  29270.000 |   8228.000 |  1558.000
     36,   |  29473.000 |  30845.676 |   685.336 |  29272.000 |   7568.000 |   670.000
     37,   |  29323.500 |  30640.917 |   732.359 |  29034.000 |   7775.000 |   965.000
     38,   |  29295.100 |  30556.118 |   682.165 |  28999.000 |   7816.000 |   987.000
     39,   |  29288.100 |  30527.214 |   672.826 |  28989.000 |   7816.000 |   997.000
     40,   |  29235.300 |  30245.921 |   703.067 |  28854.000 |   7882.000 |  1271.000
     41,   |  28970.000 |  30122.299 |   655.087 |  28673.000 |   7582.000 |   990.000
     42,   |  28925.800 |  29808.113 |   509.748 |  28522.000 |   7962.000 |  1346.000
     43,   |  28880.100 |  29676.005 |   492.992 |  28605.000 |   7582.000 |   917.000
     44,   |  28551.200 |  29602.725 |   488.267 |  28244.000 |   7635.000 |  1024.000
     45,   |  28401.200 |  29594.524 |   606.508 |  28094.000 |   7635.000 |  1024.000
     46,   |  28401.200 |  29459.000 |   526.199 |  28094.000 |   7635.000 |  1024.000
     47,   |  28129.200 |  29392.250 |   536.566 |  27822.000 |   7635.000 |  1024.000
     48,   |  28129.200 |  29352.800 |   599.746 |  27822.000 |   7635.000 |  1024.000
     49,   |  28026.000 |  29001.263 |   564.019 |  27816.000 |   7299.000 |   700.000
     50,   |  27980.000 |  28865.943 |   592.868 |  27785.000 |   7261.000 |   650.000
     51,   |  27884.400 |  28774.036 |   554.545 |  27636.000 |   7442.000 |   828.000
     52,   |  27798.500 |  28672.547 |   532.880 |  27518.000 |   7299.000 |   935.000
     53,   |  27798.500 |  28593.987 |   543.095 |  27518.000 |   7299.000 |   935.000
     54,   |  27577.400 |  28652.282 |   626.470 |  27359.000 |   7339.000 |   728.000
     55,   |  27467.300 |  28484.470 |   531.097 |  27296.000 |   7154.000 |   571.000
     56,   |  27430.300 |  28409.130 |   595.585 |  27214.000 |   7208.000 |   721.000
     57,   |  27397.300 |  28496.122 |   601.979 |  27190.000 |   7178.000 |   691.000
     58,   |  27269.600 |  28425.916 |   728.810 |  27038.000 |   7242.000 |   772.000
     59,   |  27237.000 |  28405.578 |   717.043 |  26988.000 |   7195.000 |   830.000
     60,   |  27120.400 |  28262.027 |   735.933 |  27004.000 |   6956.000 |   388.000
     61,   |  26979.300 |  28192.874 |   653.950 |  26895.000 |   6853.000 |   281.000
     62,   |  26979.300 |  28318.019 |   650.669 |  26895.000 |   6853.000 |   281.000
     63,   |  26979.300 |  28221.242 |   649.147 |  26895.000 |   6853.000 |   281.000
     64,   |  26979.300 |  28060.148 |   644.481 |  26895.000 |   6853.000 |   281.000
     65,   |  26941.400 |  28030.089 |   629.955 |  26537.000 |   7127.000 |  1348.000
     66,   |  26941.400 |  28079.386 |   638.569 |  26537.000 |   7127.000 |  1348.000
     67,   |  26941.400 |  28057.726 |   567.287 |  26537.000 |   7127.000 |  1348.000
     68,   |  26903.000 |  28039.813 |   685.224 |  26597.000 |   7116.000 |  1020.000
     69,   |  26740.900 |  27917.633 |   632.490 |  26371.000 |   7168.000 |  1233.000
     70,   |  26740.900 |  27912.523 |   625.173 |  26371.000 |   7168.000 |  1233.000
     71,   |  26740.900 |  27961.919 |   624.064 |  26371.000 |   7168.000 |  1233.000
     72,   |  26740.900 |  27903.421 |   673.861 |  26371.000 |   7168.000 |  1233.000
     73,   |  26740.900 |  27895.366 |   653.685 |  26371.000 |   7168.000 |  1233.000
     74,   |  26435.300 |  27757.243 |   624.842 |  26081.000 |   7116.000 |  1181.000
     75,   |  26435.300 |  27803.976 |   680.845 |  26081.000 |   7116.000 |  1181.000
     76,   |  26397.800 |  27796.596 |   696.865 |  26276.000 |   6769.000 |   406.000
     77,   |  26383.700 |  27796.254 |   766.677 |  25937.000 |   7146.000 |  1489.000
     78,   |  26272.100 |  27620.347 |   707.408 |  26036.000 |   6980.000 |   787.000
     79,   |  26185.000 |  27555.356 |   783.090 |  26074.000 |   6649.000 |   370.000
     80,   |  25992.000 |  27304.431 |   689.570 |  25932.000 |   6579.000 |   200.000
     81,   |  25992.000 |  27217.390 |   589.395 |  25932.000 |   6579.000 |   200.000
     82,   |  25992.000 |  27165.422 |   604.366 |  25932.000 |   6579.000 |   200.000
     83,   |  25798.900 |  26948.914 |   586.156 |  25726.000 |   6569.000 |   243.000
     84,   |  25798.900 |  26883.117 |   574.207 |  25726.000 |   6569.000 |   243.000
     85,   |  25776.800 |  26822.421 |   624.129 |  25547.000 |   6804.000 |   766.000
     86,   |  25684.200 |  26721.363 |   574.097 |  25566.000 |   6569.000 |   394.000
     87,   |  25684.200 |  26780.633 |   535.031 |  25566.000 |   6569.000 |   394.000
     88,   |  25592.200 |  26632.183 |   501.999 |  25474.000 |   6569.000 |   394.000
     89,   |  25592.200 |  26688.383 |   604.334 |  25474.000 |   6569.000 |   394.000
     90,   |  25313.200 |  26609.378 |   594.505 |  25144.000 |   6544.000 |   564.000
     91,   |  25313.200 |  26542.294 |   600.274 |  25144.000 |   6544.000 |   564.000
     92,   |  25313.200 |  26359.235 |   564.339 |  25144.000 |   6544.000 |   564.000
     93,   |  25313.200 |  26469.988 |   588.306 |  25144.000 |   6544.000 |   564.000
     94,   |  25313.200 |  26498.298 |   632.900 |  25144.000 |   6544.000 |   564.000
     95,   |  25249.400 |  26270.434 |   582.893 |  25172.000 |   6430.000 |   258.000
     96,   |  25108.600 |  26212.207 |   627.472 |  25048.000 |   6393.000 |   202.000
     97,   |  24980.100 |  26154.889 |   536.588 |  24924.000 |   6309.000 |   187.000
     98,   |  24922.100 |  26152.379 |   565.433 |  24824.000 |   6329.000 |   327.000
     99,   |  24922.100 |  26206.259 |   640.685 |  24824.000 |   6329.000 |   327.000
    100,   |  24820.300 |  26213.408 |   737.851 |  24652.000 |   6479.000 |   561.000
    101,   |  24820.300 |  26193.187 |   661.631 |  24652.000 |   6479.000 |   561.000
    102,   |  24820.300 |  26267.161 |   678.207 |  24652.000 |   6479.000 |   561.000
    103,   |  24820.300 |  26164.912 |   668.271 |  24652.000 |   6479.000 |   561.000
    104,   |  24820.300 |  26074.802 |   684.061 |  24652.000 |   6479.000 |   561.000
    105,   |  24791.700 |  25943.659 |   696.168 |  24588.000 |   6578.000 |   679.000
    106,   |  24791.700 |  25923.310 |   777.112 |  24588.000 |   6578.000 |   679.000
    107,   |  24645.700 |  25721.016 |   615.438 |  24520.000 |   6337.000 |   419.000
    108,   |  24645.700 |  25604.330 |   683.871 |  24520.000 |   6337.000 |   419.000
    109,   |  24645.700 |  25658.287 |   696.898 |  24520.000 |   6337.000 |   419.000
    110,   |  24645.700 |  25601.482 |   684.199 |  24520.000 |   6337.000 |   419.000
    111,   |  24586.800 |  25571.161 |   579.877 |  24453.000 |   6364.000 |   446.000
    112,   |  24489.000 |  25639.345 |   729.085 |  24396.000 |   6292.000 |   310.000
    113,   |  24489.000 |  25537.027 |   570.831 |  24396.000 |   6292.000 |   310.000
    114,   |  24489.000 |  25767.312 |   716.398 |  24396.000 |   6292.000 |   310.000
    115,   |  24489.000 |  25708.632 |   673.609 |  24396.000 |   6292.000 |   310.000
    116,   |  24417.400 |  25569.931 |   690.716 |  24328.000 |   6281.000 |   298.000
    117,   |  24332.900 |  25455.047 |   612.394 |  24179.000 |   6265.000 |   513.000
    118,   |  24332.900 |  25527.384 |   682.280 |  24179.000 |   6265.000 |   513.000
    119,   |  24332.900 |  25551.140 |   639.021 |  24179.000 |   6265.000 |   513.000
    120,   |  24332.900 |  25661.345 |   736.857 |  24179.000 |   6265.000 |   513.000
    121,   |  24277.700 |  25560.399 |   745.404 |  24182.000 |   6214.000 |   319.000
    122,   |  24043.100 |  25379.239 |   680.396 |  23948.000 |   6131.000 |   317.000
    123,   |  24043.100 |  25255.354 |   727.645 |  23948.000 |   6131.000 |   317.000
    124,   |  24043.100 |  25098.694 |   676.055 |  23948.000 |   6131.000 |   317.000
    125,   |  24025.400 |  25046.226 |   701.834 |  23927.000 |   6142.000 |   328.000
    126,   |  24001.700 |  25028.389 |   654.000 |  23930.000 |   6072.000 |   239.000
    127,   |  24001.700 |  24990.141 |   663.427 |  23930.000 |   6072.000 |   239.000
    128,   |  23874.100 |  24989.576 |   617.988 |  23779.000 |   6131.000 |   317.000
    129,   |  23874.100 |  25046.168 |   702.026 |  23779.000 |   6131.000 |   317.000
    130,   |  23874.100 |  25033.024 |   655.063 |  23779.000 |   6131.000 |   317.000
    131,   |  23833.900 |  24924.509 |   636.238 |  23683.000 |   6090.000 |   503.000
    132,   |  23833.900 |  24980.582 |   710.834 |  23683.000 |   6090.000 |   503.000
    133,   |  23637.200 |  24823.137 |   726.798 |  23438.000 |   6217.000 |   664.000
    134,   |  23633.800 |  24836.035 |   717.217 |  23518.000 |   6023.000 |   386.000
    135,   |  23618.700 |  24659.749 |   769.182 |  23436.000 |   6246.000 |   609.000
    136,   |  23618.700 |  24628.467 |   672.434 |  23436.000 |   6246.000 |   609.000
    137,   |  23596.400 |  24607.910 |   745.074 |  23477.000 |   6023.000 |   398.000
    138,   |  23596.400 |  24699.905 |   696.904 |  23477.000 |   6023.000 |   398.000
    139,   |  23596.400 |  24646.761 |   694.830 |  23477.000 |   6023.000 |   398.000
    140,   |  23567.700 |  24690.562 |   700.529 |  23445.000 |   6023.000 |   409.000
    141,   |  23567.700 |  24582.504 |   631.086 |  23445.000 |   6023.000 |   409.000
    142,   |  23558.200 |  24364.598 |   657.217 |  23431.000 |   6023.000 |   424.000
    143,   |  23558.200 |  24381.520 |   624.129 |  23431.000 |   6023.000 |   424.000
    144,   |  23558.200 |  24453.481 |   679.675 |  23431.000 |   6023.000 |   424.000
    145,   |  23530.800 |  24389.637 |   655.619 |  23349.000 |   6217.000 |   606.000
    146,   |  23464.700 |  24234.921 |   599.750 |  23258.000 |   6217.000 |   689.000
    147,   |  23464.700 |  24372.594 |   590.165 |  23258.000 |   6217.000 |   689.000
    148,   |  23464.700 |  24282.096 |   556.625 |  23258.000 |   6217.000 |   689.000
    149,   |  23464.700 |  24417.346 |   525.933 |  23258.000 |   6217.000 |   689.000
    150,   |  23464.700 |  24451.266 |   659.910 |  23258.000 |   6217.000 |   689.000
    151,   |  23354.300 |  24465.683 |   625.818 |  23177.000 |   6118.000 |   591.000
    152,   |  23305.600 |  24543.891 |   710.326 |  23137.000 |   6089.000 |   562.000
    153,   |  23305.600 |  24413.737 |   647.812 |  23137.000 |   6089.000 |   562.000
    154,   |  23305.600 |  24371.392 |   588.920 |  23137.000 |   6089.000 |   562.000
    155,   |  23225.900 |  24431.564 |   627.016 |  23042.000 |   6118.000 |   613.000
    156,   |  23220.100 |  24311.813 |   649.611 |  23128.000 |   5933.000 |   307.000
    157,   |  23220.100 |  24308.007 |   696.646 |  23128.000 |   5933.000 |   307.000
    158,   |  23106.100 |  24276.189 |   704.427 |  22903.000 |   6001.000 |   677.000
    159,   |  22990.300 |  24233.560 |   704.576 |  22852.000 |   6005.000 |   461.000
    160,   |  22966.300 |  24110.127 |   715.684 |  22762.000 |   6005.000 |   681.000
    161,   |  22966.300 |  24088.468 |   768.849 |  22762.000 |   6005.000 |   681.000
    162,   |  22966.300 |  24064.754 |   734.631 |  22762.000 |   6005.000 |   681.000
    163,   |  22957.200 |  24258.093 |   895.134 |  22752.000 |   6001.000 |   684.000
    164,   |  22720.100 |  24005.502 |   768.661 |  22550.000 |   5882.000 |   567.000
    165,   |  22720.100 |  23920.546 |   648.534 |  22550.000 |   5882.000 |   567.000
    166,   |  22573.600 |  23946.734 |   665.048 |  22396.000 |   5893.000 |   592.000
    167,   |  22573.600 |  23969.342 |   739.196 |  22396.000 |   5893.000 |   592.000
    168,   |  22573.600 |  23906.258 |   817.436 |  22396.000 |   5893.000 |   592.000
    169,   |  22573.600 |  23793.731 |   716.428 |  22396.000 |   5893.000 |   592.000
    170,   |  22573.600 |  23769.446 |   711.504 |  22396.000 |   5893.000 |   592.000
    171,   |  22573.600 |  23873.332 |   661.933 |  22396.000 |   5893.000 |   592.000
    172,   |  22573.600 |  23690.956 |   553.905 |  22396.000 |   5893.000 |   592.000
    173,   |  22573.600 |  23743.255 |   622.118 |  22396.000 |   5893.000 |   592.000
    174,   |  22573.600 |  23814.586 |   691.023 |  22396.000 |   5893.000 |   592.000
    175,   |  22573.600 |  23856.072 |   649.039 |  22396.000 |   5893.000 |   592.000
    176,   |  22566.600 |  23715.295 |   721.262 |  22389.000 |   5893.000 |   592.000
    177,   |  22566.600 |  23597.651 |   594.723 |  22389.000 |   5893.000 |   592.000
    178,   |  22503.000 |  23660.411 |   629.634 |  22323.000 |   5901.000 |   600.000
    179,   |  22503.000 |  23832.033 |   666.563 |  22323.000 |   5901.000 |   600.000
    180,   |  22503.000 |  23776.027 |   669.704 |  22323.000 |   5901.000 |   600.000
    181,   |  22503.000 |  23678.385 |   606.240 |  22323.000 |   5901.000 |   600.000
    182,   |  22503.000 |  23788.700 |   779.776 |  22323.000 |   5901.000 |   600.000
    183,   |  22503.000 |  23704.283 |   729.990 |  22323.000 |   5901.000 |   600.000
    184,   |  22503.000 |  23507.741 |   611.550 |  22323.000 |   5901.000 |   600.000
    185,   |  22503.000 |  23464.270 |   595.603 |  22323.000 |   5901.000 |   600.000
    186,   |  22499.500 |  23527.676 |   648.135 |  22375.000 |   5853.000 |   415.000
    187,   |  22374.800 |  23477.745 |   643.191 |  22160.000 |   6017.000 |   716.000
    188,   |  22286.500 |  23519.122 |   711.655 |  22129.000 |   5728.000 |   525.000
    189,   |  22286.500 |  23317.831 |   596.646 |  22129.000 |   5728.000 |   525.000
    190,   |  22280.100 |  23224.704 |   538.576 |  22128.000 |   5803.000 |   507.000
    191,   |  22159.900 |  23214.005 |   560.843 |  22027.000 |   5646.000 |   443.000
    192,   |  22159.900 |  23195.994 |   650.617 |  22027.000 |   5646.000 |   443.000
    193,   |  22140.900 |  23119.097 |   546.174 |  21990.000 |   5771.000 |   503.000
    194,   |  22140.900 |  23140.993 |   562.488 |  21990.000 |   5771.000 |   503.000
    195,   |  22140.900 |  23133.535 |   602.251 |  21990.000 |   5771.000 |   503.000
    196,   |  22061.000 |  23164.962 |   603.323 |  21899.000 |   5830.000 |   540.000
    197,   |  22057.400 |  23141.479 |   674.476 |  21944.000 |   5646.000 |   378.000
    198,   |  21909.700 |  22987.438 |   668.801 |  21790.000 |   5705.000 |   399.000
    199,   |  21842.200 |  23070.164 |   649.454 |  21736.000 |   5615.000 |   354.000
    200,   |  21842.200 |  23019.506 |   610.990 |  21736.000 |   5615.000 |   354.000
    201,   |  21803.500 |  23033.546 |   650.187 |  21679.000 |   5664.000 |   415.000
    202,   |  21803.500 |  22982.145 |   569.045 |  21679.000 |   5664.000 |   415.000
    203,   |  21803.500 |  23017.261 |   697.756 |  21679.000 |   5664.000 |   415.000
    204,   |  21803.500 |  23076.618 |   679.580 |  21679.000 |   5664.000 |   415.000
    205,   |  21782.600 |  23135.363 |   675.250 |  21725.000 |   5550.000 |   192.000
    206,   |  21657.300 |  23022.755 |   717.901 |  21597.000 |   5504.000 |   201.000
    207,   |  21657.300 |  22946.065 |   722.597 |  21597.000 |   5504.000 |   201.000
    208,   |  21657.300 |  22820.034 |   637.984 |  21597.000 |   5504.000 |   201.000
    209,   |  21657.300 |  22818.260 |   632.148 |  21597.000 |   5504.000 |   201.000
    210,   |  21657.300 |  22821.317 |   706.978 |  21597.000 |   5504.000 |   201.000
    211,   |  21566.600 |  22852.421 |   655.623 |  21470.000 |   5501.000 |   322.000
    212,   |  21566.600 |  22855.338 |   660.001 |  21470.000 |   5501.000 |   322.000
    213,   |  21566.600 |  22832.366 |   693.388 |  21470.000 |   5501.000 |   322.000
    214,   |  21554.700 |  22576.754 |   587.223 |  21513.000 |   5442.000 |   139.000
    215,   |  21554.700 |  22694.012 |   633.048 |  21513.000 |   5442.000 |   139.000
    216,   |  21469.100 |  22518.593 |   587.499 |  21290.000 |   5552.000 |   597.000
    217,   |  21469.100 |  22395.722 |   553.860 |  21290.000 |   5552.000 |   597.000
    218,   |  21442.500 |  22480.675 |   584.378 |  21315.000 |   5529.000 |   425.000
    219,   |  21339.500 |  22543.382 |   624.326 |  21203.000 |   5526.000 |   455.000
    220,   |  21339.500 |  22496.619 |   675.351 |  21203.000 |   5526.000 |   455.000
    221,   |  21284.700 |  22389.616 |   632.648 |  21138.000 |   5444.000 |   489.000
    222,   |  21284.700 |  22522.999 |   675.533 |  21138.000 |   5444.000 |   489.000
    223,   |  21284.700 |  22525.682 |   687.556 |  21138.000 |   5444.000 |   489.000
    224,   |  21272.500 |  22529.344 |   766.403 |  21109.000 |   5638.000 |   545.000
    225,   |  21272.500 |  22316.194 |   597.584 |  21109.000 |   5638.000 |   545.000
    226,   |  21165.400 |  22282.622 |   597.313 |  20971.000 |   5489.000 |   648.000
    227,   |  21165.400 |  22221.526 |   593.412 |  20971.000 |   5489.000 |   648.000
    228,   |  21073.400 |  22171.592 |   661.093 |  20897.000 |   5533.000 |   588.000
    229,   |  20947.600 |  21977.384 |   665.354 |  20839.000 |   5385.000 |   362.000
    230,   |  20745.000 |  21839.783 |   627.077 |  20613.000 |   5385.000 |   440.000
    231,   |  20745.000 |  21842.645 |   647.112 |  20613.000 |   5385.000 |   440.000
    232,   |  20745.000 |  21851.973 |   599.299 |  20613.000 |   5385.000 |   440.000
    233,   |  20720.700 |  21761.521 |   604.061 |  20514.000 |   5460.000 |   689.000
    234,   |  20601.600 |  21598.887 |   587.867 |  20388.000 |   5483.000 |   712.000
    235,   |  20601.600 |  21624.670 |   619.571 |  20388.000 |   5483.000 |   712.000
    236,   |  20601.600 |  21488.331 |   599.680 |  20388.000 |   5483.000 |   712.000
    237,   |  20601.600 |  21505.512 |   645.078 |  20388.000 |   5483.000 |   712.000
    238,   |  20601.600 |  21524.498 |   566.674 |  20388.000 |   5483.000 |   712.000
    239,   |  20601.600 |  21584.300 |   541.352 |  20388.000 |   5483.000 |   712.000
    240,   |  20514.200 |  21677.514 |   645.836 |  20390.000 |   5288.000 |   414.000
    241,   |  20514.200 |  21571.004 |   619.477 |  20390.000 |   5288.000 |   414.000
    242,   |  20425.000 |  21642.225 |   687.888 |  20305.000 |   5274.000 |   400.000
    243,   |  20425.000 |  21674.147 |   770.792 |  20305.000 |   5274.000 |   400.000
    244,   |  20420.300 |  21667.767 |   801.819 |  20243.000 |   5350.000 |   591.000
    245,   |  20070.100 |  21505.923 |   856.452 |  19942.000 |   5260.000 |   427.000
    246,   |  20070.100 |  21455.705 |   713.875 |  19942.000 |   5260.000 |   427.000
    247,   |  20070.100 |  21570.625 |   786.100 |  19942.000 |   5260.000 |   427.000
    248,   |  20016.300 |  21331.815 |   696.256 |  19857.000 |   5267.000 |   531.000
    249,   |  20016.300 |  21269.451 |   726.323 |  19857.000 |   5267.000 |   531.000
    250,   |  19997.600 |  21198.717 |   746.334 |  19853.000 |   5267.000 |   482.000
    251,   |  19997.600 |  21016.484 |   660.309 |  19853.000 |   5267.000 |   482.000
    252,   |  19997.600 |  20989.709 |   612.063 |  19853.000 |   5267.000 |   482.000
    253,   |  19997.600 |  21009.467 |   634.602 |  19853.000 |   5267.000 |   482.000
    254,   |  19997.600 |  20966.291 |   633.365 |  19853.000 |   5267.000 |   482.000
    255,   |  19943.800 |  20927.831 |   661.940 |  19759.000 |   5260.000 |   616.000
    256,   |  19943.800 |  20927.067 |   584.377 |  19759.000 |   5260.000 |   616.000
    257,   |  19886.600 |  20958.877 |   657.257 |  19706.000 |   5260.000 |   602.000
    258,   |  19886.600 |  20865.625 |   537.368 |  19706.000 |   5260.000 |   602.000
    259,   |  19886.600 |  20914.119 |   592.039 |  19706.000 |   5260.000 |   602.000
    260,   |  19886.600 |  20823.525 |   576.988 |  19706.000 |   5260.000 |   602.000
    261,   |  19886.600 |  20930.280 |   552.753 |  19706.000 |   5260.000 |   602.000
    262,   |  19886.600 |  21025.581 |   703.015 |  19706.000 |   5260.000 |   602.000
    263,   |  19886.600 |  21097.304 |   666.611 |  19706.000 |   5260.000 |   602.000
    264,   |  19886.600 |  21114.731 |   717.389 |  19706.000 |   5260.000 |   602.000
    265,   |  19886.600 |  21202.202 |   655.592 |  19706.000 |   5260.000 |   602.000
    266,   |  19886.600 |  21193.857 |   698.904 |  19706.000 |   5260.000 |   602.000
    267,   |  19886.600 |  21179.970 |   689.460 |  19706.000 |   5260.000 |   602.000
    268,   |  19886.600 |  21039.028 |   576.847 |  19706.000 |   5260.000 |   602.000
    269,   |  19886.600 |  20946.584 |   572.017 |  19706.000 |   5260.000 |   602.000
    270,   |  19886.600 |  20941.950 |   618.796 |  19706.000 |   5260.000 |   602.000
    271,   |  19886.600 |  20987.293 |   577.018 |  19706.000 |   5260.000 |   602.000
    272,   |  19714.900 |  20757.157 |   540.813 |  19630.000 |   5080.000 |   283.000
    273,   |  19525.100 |  20733.886 |   624.971 |  19475.000 |   4964.000 |   167.000
    274,   |  19521.700 |  20680.099 |   678.495 |  19453.000 |   4964.000 |   229.000
    275,   |  19521.700 |  20567.894 |   618.235 |  19453.000 |   4964.000 |   229.000
    276,   |  19521.400 |  20693.166 |   676.034 |  19459.000 |   4957.000 |   208.000
    277,   |  19521.400 |  20624.957 |   611.550 |  19459.000 |   4957.000 |   208.000
    278,   |  19483.800 |  20604.978 |   658.375 |  19392.000 |   4964.000 |   306.000
    279,   |  19483.800 |  20561.699 |   697.181 |  19392.000 |   4964.000 |   306.000
    280,   |  19483.800 |  20564.900 |   704.028 |  19392.000 |   4964.000 |   306.000
    281,   |  19483.800 |  20617.037 |   597.277 |  19392.000 |   4964.000 |   306.000
    282,   |  19483.800 |  20502.321 |   673.424 |  19392.000 |   4964.000 |   306.000
    283,   |  19483.800 |  20444.585 |   524.559 |  19392.000 |   4964.000 |   306.000
    284,   |  19483.800 |  20364.785 |   558.955 |  19392.000 |   4964.000 |   306.000
    285,   |  19483.800 |  20413.995 |   586.910 |  19392.000 |   4964.000 |   306.000
    286,   |  19483.800 |  20456.281 |   543.855 |  19392.000 |   4964.000 |   306.000
    287,   |  19483.800 |  20610.520 |   707.653 |  19392.000 |   4964.000 |   306.000
    288,   |  19478.600 |  20618.040 |   737.534 |  19388.000 |   4960.000 |   302.000
    289,   |  19478.600 |  20480.746 |   544.957 |  19388.000 |   4960.000 |   302.000
    290,   |  19437.100 |  20404.615 |   508.757 |  19336.000 |   4981.000 |   337.000
    291,   |  19437.100 |  20475.245 |   613.331 |  19336.000 |   4981.000 |   337.000
    292,   |  19431.300 |  20426.246 |   570.366 |  19392.000 |   4914.000 |   131.000
    293,   |  19431.300 |  20338.532 |   570.903 |  19392.000 |   4914.000 |   131.000
    294,   |  19431.300 |  20427.650 |   567.201 |  19392.000 |   4914.000 |   131.000
    295,   |  19431.300 |  20400.854 |   511.022 |  19392.000 |   4914.000 |   131.000
    296,   |  19356.800 |  20474.710 |   632.522 |  19280.000 |   4914.000 |   256.000
    297,   |  19356.800 |  20516.387 |   662.363 |  19280.000 |   4914.000 |   256.000
    298,   |  19356.800 |  20582.649 |   702.804 |  19280.000 |   4914.000 |   256.000
    299,   |  19356.800 |  20552.678 |   678.470 |  19280.000 |   4914.000 |   256.000
    300,   |  19356.800 |  20455.619 |   681.844 |  19280.000 |   4914.000 |   256.000
    301,   |  19356.800 |  20270.057 |   621.520 |  19280.000 |   4914.000 |   256.000
    302,   |  19356.800 |  20297.749 |   545.685 |  19280.000 |   4914.000 |   256.000
    303,   |  19356.800 |  20309.728 |   590.493 |  19280.000 |   4914.000 |   256.000
    304,   |  19356.800 |  20249.708 |   538.563 |  19280.000 |   4914.000 |   256.000
    305,   |  19356.800 |  20365.461 |   552.878 |  19280.000 |   4914.000 |   256.000
    306,   |  19356.800 |  20371.857 |   615.965 |  19280.000 |   4914.000 |   256.000
    307,   |  19356.800 |  20372.906 |   643.296 |  19280.000 |   4914.000 |   256.000
    308,   |  19356.800 |  20538.451 |   683.711 |  19280.000 |   4914.000 |   256.000
    309,   |  19356.800 |  20443.997 |   645.289 |  19280.000 |   4914.000 |   256.000
    310,   |  19356.800 |  20288.557 |   604.844 |  19280.000 |   4914.000 |   256.000
    311,   |  19317.000 |  20295.142 |   622.643 |  19230.000 |   4914.000 |   290.000
    312,   |  19317.000 |  20207.404 |   529.056 |  19230.000 |   4914.000 |   290.000
    313,   |  19317.000 |  20244.919 |   551.922 |  19230.000 |   4914.000 |   290.000
    314,   |  19273.500 |  20263.575 |   637.204 |  19161.000 |   4914.000 |   375.000
    315,   |  19273.500 |  20239.148 |   563.444 |  19161.000 |   4914.000 |   375.000
    316,   |  19273.500 |  20096.002 |   533.290 |  19161.000 |   4914.000 |   375.000
    317,   |  19273.500 |  20147.086 |   479.998 |  19161.000 |   4914.000 |   375.000
    318,   |  19273.500 |  20253.026 |   610.986 |  19161.000 |   4914.000 |   375.000
    319,   |  19273.500 |  20239.818 |   604.717 |  19161.000 |   4914.000 |   375.000
    320,   |  19273.500 |  20285.364 |   606.947 |  19161.000 |   4914.000 |   375.000
    321,   |  19273.500 |  20281.052 |   608.360 |  19161.000 |   4914.000 |   375.000
    322,   |  19273.500 |  20362.241 |   551.217 |  19161.000 |   4914.000 |   375.000
    323,   |  19246.600 |  20470.308 |   641.144 |  19153.000 |   4883.000 |   312.000
    324,   |  19205.900 |  20462.383 |   791.148 |  19157.000 |   4855.000 |   163.000
    325,   |  19205.900 |  20336.901 |   720.268 |  19157.000 |   4855.000 |   163.000
    326,   |  19164.700 |  20498.880 |   837.651 |  19090.000 |   4860.000 |   249.000
    327,   |  19164.700 |  20384.365 |   803.470 |  19090.000 |   4860.000 |   249.000
    328,   |  19164.700 |  20232.281 |   663.291 |  19090.000 |   4860.000 |   249.000
    329,   |  19113.700 |  20250.457 |   668.532 |  19048.000 |   4860.000 |   219.000
    330,   |  19072.800 |  20197.288 |   625.741 |  19011.000 |   4847.000 |   206.000
    331,   |  19072.800 |  20175.727 |   619.963 |  19011.000 |   4847.000 |   206.000
    332,   |  19072.800 |  20190.267 |   601.200 |  19011.000 |   4847.000 |   206.000
    333,   |  19072.800 |  20288.803 |   657.114 |  19011.000 |   4847.000 |   206.000
    334,   |  19072.800 |  20229.891 |   597.577 |  19011.000 |   4847.000 |   206.000
    335,   |  19072.800 |  20233.436 |   656.828 |  19011.000 |   4847.000 |   206.000
    336,   |  19072.800 |  20201.620 |   675.541 |  19011.000 |   4847.000 |   206.000
    337,   |  19072.800 |  20191.179 |   601.292 |  19011.000 |   4847.000 |   206.000
    338,   |  19072.800 |  20122.176 |   555.511 |  19011.000 |   4847.000 |   206.000
    339,   |  19072.800 |  20173.381 |   667.178 |  19011.000 |   4847.000 |   206.000
    340,   |  19063.100 |  20138.541 |   607.021 |  18965.000 |   4928.000 |   327.000
    341,   |  19063.100 |  20090.929 |   662.713 |  18965.000 |   4928.000 |   327.000
    342,   |  19032.800 |  19835.467 |   442.847 |  18932.000 |   4854.000 |   336.000
    343,   |  19032.800 |  19993.215 |   558.699 |  18932.000 |   4854.000 |   336.000
    344,   |  19032.800 |  20009.364 |   619.192 |  18932.000 |   4854.000 |   336.000
    345,   |  19032.800 |  20136.077 |   589.081 |  18932.000 |   4854.000 |   336.000
    346,   |  19032.800 |  20049.133 |   567.017 |  18932.000 |   4854.000 |   336.000
    347,   |  19032.800 |  20024.922 |   562.560 |  18932.000 |   4854.000 |   336.000
    348,   |  19032.800 |  19941.894 |   575.863 |  18932.000 |   4854.000 |   336.000
    349,   |  19032.800 |  19891.430 |   557.505 |  18932.000 |   4854.000 |   336.000
    350,   |  19032.800 |  19902.410 |   595.430 |  18932.000 |   4854.000 |   336.000
    351,   |  18939.800 |  19930.427 |   708.756 |  18818.000 |   4908.000 |   406.000
    352,   |  18939.800 |  19966.138 |   662.905 |  18818.000 |   4908.000 |   406.000
    353,   |  18939.800 |  20071.455 |   658.755 |  18818.000 |   4908.000 |   406.000
    354,   |  18890.500 |  20152.872 |   744.082 |  18790.000 |   4847.000 |   335.000
    355,   |  18890.500 |  20194.537 |   840.065 |  18790.000 |   4847.000 |   335.000
    356,   |  18890.500 |  20227.462 |   805.676 |  18790.000 |   4847.000 |   335.000
    357,   |  18890.500 |  20142.527 |   766.530 |  18790.000 |   4847.000 |   335.000
    358,   |  18880.600 |  20011.280 |   686.953 |  18790.000 |   4831.000 |   302.000
    359,   |  18757.900 |  20118.608 |   785.380 |  18688.000 |   4745.000 |   233.000
    360,   |  18757.900 |  20067.003 |   758.413 |  18688.000 |   4745.000 |   233.000
    361,   |  18757.900 |  20003.442 |   658.139 |  18688.000 |   4745.000 |   233.000
    362,   |  18757.900 |  19971.484 |   745.160 |  18688.000 |   4745.000 |   233.000
    363,   |  18744.600 |  19924.768 |   751.058 |  18663.000 |   4752.000 |   272.000
    364,   |  18744.600 |  19833.779 |   647.137 |  18663.000 |   4752.000 |   272.000
    365,   |  18744.600 |  19771.164 |   683.334 |  18663.000 |   4752.000 |   272.000
    366,   |  18744.600 |  19914.720 |   675.948 |  18663.000 |   4752.000 |   272.000
    367,   |  18744.600 |  19954.556 |   746.829 |  18663.000 |   4752.000 |   272.000
    368,   |  18744.600 |  19889.944 |   738.656 |  18663.000 |   4752.000 |   272.000
    369,   |  18744.600 |  19830.505 |   685.743 |  18663.000 |   4752.000 |   272.000
    370,   |  18744.600 |  19841.819 |   690.003 |  18663.000 |   4752.000 |   272.000
    371,   |  18744.600 |  19823.546 |   649.069 |  18663.000 |   4752.000 |   272.000
    372,   |  18744.600 |  19695.369 |   592.818 |  18663.000 |   4752.000 |   272.000
    373,   |  18744.600 |  19785.883 |   660.248 |  18663.000 |   4752.000 |   272.000
    374,   |  18711.900 |  19799.263 |   613.374 |  18600.000 |   4839.000 |   373.000
    375,   |  18673.700 |  19769.665 |   635.805 |  18590.000 |   4745.000 |   279.000
    376,   |  18673.700 |  19856.633 |   737.616 |  18590.000 |   4745.000 |   279.000
    377,   |  18673.700 |  19730.668 |   648.310 |  18590.000 |   4745.000 |   279.000
    378,   |  18673.700 |  19669.984 |   641.220 |  18590.000 |   4745.000 |   279.000
    379,   |  18673.700 |  19635.406 |   628.643 |  18590.000 |   4745.000 |   279.000
    380,   |  18673.700 |  19561.668 |   545.988 |  18590.000 |   4745.000 |   279.000
    381,   |  18673.700 |  19646.844 |   742.179 |  18590.000 |   4745.000 |   279.000
    382,   |  18626.300 |  19622.291 |   575.544 |  18551.000 |   4717.000 |   251.000
    383,   |  18626.300 |  19677.539 |   693.171 |  18551.000 |   4717.000 |   251.000
    384,   |  18626.300 |  19693.928 |   620.240 |  18551.000 |   4717.000 |   251.000
    385,   |  18626.300 |  19616.219 |   600.920 |  18551.000 |   4717.000 |   251.000
    386,   |  18626.300 |  19625.222 |   573.450 |  18551.000 |   4717.000 |   251.000
    387,   |  18626.300 |  19594.322 |   577.932 |  18551.000 |   4717.000 |   251.000
    388,   |  18626.300 |  19640.162 |   568.032 |  18551.000 |   4717.000 |   251.000
    389,   |  18626.300 |  19789.450 |   759.046 |  18551.000 |   4717.000 |   251.000
    390,   |  18626.300 |  19552.209 |   625.697 |  18551.000 |   4717.000 |   251.000
    391,   |  18626.300 |  19687.187 |   700.501 |  18551.000 |   4717.000 |   251.000
    392,   |  18610.900 |  19573.514 |   646.371 |  18526.000 |   4717.000 |   283.000
    393,   |  18610.900 |  19520.735 |   575.109 |  18526.000 |   4717.000 |   283.000
    394,   |  18610.900 |  19548.105 |   606.365 |  18526.000 |   4717.000 |   283.000
    395,   |  18610.900 |  19561.845 |   624.150 |  18526.000 |   4717.000 |   283.000
    396,   |  18586.400 |  19658.951 |   724.287 |  18494.000 |   4717.000 |   308.000
    397,   |  18586.400 |  19461.625 |   535.818 |  18494.000 |   4717.000 |   308.000
    398,   |  18586.400 |  19481.497 |   536.136 |  18494.000 |   4717.000 |   308.000
    399,   |  18586.400 |  19551.077 |   591.717 |  18494.000 |   4717.000 |   308.000
    400,   |  18586.400 |  19519.389 |   612.334 |  18494.000 |   4717.000 |   308.000
    401,   |  18586.400 |  19530.464 |   643.893 |  18494.000 |   4717.000 |   308.000
    402,   |  18586.400 |  19541.669 |   664.526 |  18494.000 |   4717.000 |   308.000
    403,   |  18586.400 |  19555.920 |   642.387 |  18494.000 |   4717.000 |   308.000
    404,   |  18584.300 |  19505.961 |   585.793 |  18488.000 |   4717.000 |   321.000
    405,   |  18584.300 |  19567.009 |   523.900 |  18488.000 |   4717.000 |   321.000
    406,   |  18418.300 |  19568.782 |   558.958 |  18322.000 |   4717.000 |   321.000
    407,   |  18418.300 |  19472.662 |   658.549 |  18322.000 |   4717.000 |   321.000
    408,   |  18418.300 |  19385.705 |   567.881 |  18322.000 |   4717.000 |   321.000
    409,   |  18418.300 |  19335.596 |   563.219 |  18322.000 |   4717.000 |   321.000
    410,   |  18418.300 |  19394.663 |   504.032 |  18322.000 |   4717.000 |   321.000
    411,   |  18418.300 |  19385.876 |   634.455 |  18322.000 |   4717.000 |   321.000
    412,   |  18418.300 |  19340.643 |   658.799 |  18322.000 |   4717.000 |   321.000
    413,   |  18365.100 |  19306.270 |   607.015 |  18165.000 |   4887.000 |   667.000
    414,   |  18365.100 |  19399.619 |   620.879 |  18165.000 |   4887.000 |   667.000
    415,   |  18365.100 |  19383.233 |   678.635 |  18165.000 |   4887.000 |   667.000
    416,   |  18333.600 |  19298.038 |   652.891 |  18120.000 |   4887.000 |   712.000
    417,   |  18333.600 |  19310.303 |   590.621 |  18120.000 |   4887.000 |   712.000
    418,   |  18329.600 |  19118.221 |   597.820 |  18140.000 |   4839.000 |   632.000
    419,   |  18329.600 |  19179.802 |   534.969 |  18140.000 |   4839.000 |   632.000
    420,   |  18207.800 |  19115.546 |   571.643 |  18128.000 |   4662.000 |   266.000
    421,   |  18207.800 |  19163.444 |   619.296 |  18128.000 |   4662.000 |   266.000
    422,   |  18162.600 |  19114.344 |   589.114 |  18078.000 |   4662.000 |   282.000
    423,   |  18162.600 |  19063.279 |   606.312 |  18078.000 |   4662.000 |   282.000
    424,   |  18103.800 |  19056.344 |   592.197 |  18024.000 |   4662.000 |   266.000
    425,   |  18103.800 |  19187.245 |   642.643 |  18024.000 |   4662.000 |   266.000
    426,   |  18103.800 |  19158.285 |   644.146 |  18024.000 |   4662.000 |   266.000
    427,   |  18103.800 |  19073.838 |   610.149 |  18024.000 |   4662.000 |   266.000
    428,   |  18103.800 |  19106.227 |   645.641 |  18024.000 |   4662.000 |   266.000
    429,   |  18103.800 |  19086.122 |   630.244 |  18024.000 |   4662.000 |   266.000
    430,   |  18103.800 |  19202.023 |   629.415 |  18024.000 |   4662.000 |   266.000
    431,   |  18103.800 |  19304.442 |   718.356 |  18024.000 |   4662.000 |   266.000
    432,   |  18103.800 |  19164.363 |   683.535 |  18024.000 |   4662.000 |   266.000
    433,   |  18029.900 |  19064.013 |   598.742 |  17942.000 |   4595.000 |   293.000
    434,   |  18013.400 |  19027.061 |   588.335 |  17903.000 |   4595.000 |   368.000
    435,   |  18013.400 |  19273.556 |   659.974 |  17903.000 |   4595.000 |   368.000
    436,   |  18013.400 |  19327.909 |   716.292 |  17903.000 |   4595.000 |   368.000
    437,   |  17998.900 |  19285.631 |   666.652 |  17914.000 |   4559.000 |   283.000
    438,   |  17998.900 |  19139.238 |   730.487 |  17914.000 |   4559.000 |   283.000
    439,   |  17985.500 |  18908.628 |   641.355 |  17897.000 |   4559.000 |   295.000
    440,   |  17985.500 |  18802.471 |   570.396 |  17897.000 |   4559.000 |   295.000
    441,   |  17919.500 |  18854.093 |   625.333 |  17813.000 |   4631.000 |   355.000
    442,   |  17919.500 |  18746.055 |   633.732 |  17813.000 |   4631.000 |   355.000
    443,   |  17882.500 |  18716.528 |   620.051 |  17794.000 |   4559.000 |   295.000
    444,   |  17882.500 |  18661.036 |   629.061 |  17794.000 |   4559.000 |   295.000
    445,   |  17836.700 |  18625.491 |   573.692 |  17726.000 |   4643.000 |   369.000
    446,   |  17826.600 |  18646.362 |   583.216 |  17727.000 |   4559.000 |   332.000
    447,   |  17616.400 |  18692.566 |   688.408 |  17500.000 |   4643.000 |   388.000
    448,   |  17602.400 |  18711.738 |   657.639 |  17486.000 |   4643.000 |   388.000
    449,   |  17544.600 |  18772.810 |   769.455 |  17403.000 |   4643.000 |   472.000
    450,   |  17544.600 |  18589.693 |   699.090 |  17403.000 |   4643.000 |   472.000
    451,   |  17498.100 |  18796.803 |   737.101 |  17370.000 |   4631.000 |   427.000
    452,   |  17498.100 |  18618.885 |   694.438 |  17370.000 |   4631.000 |   427.000
    453,   |  17498.100 |  18588.379 |   639.377 |  17370.000 |   4631.000 |   427.000
    454,   |  17468.000 |  18422.693 |   674.354 |  17318.000 |   4559.000 |   500.000
    455,   |  17468.000 |  18388.566 |   582.725 |  17318.000 |   4559.000 |   500.000
    456,   |  17468.000 |  18272.896 |   569.143 |  17318.000 |   4559.000 |   500.000
    457,   |  17325.500 |  18246.686 |   546.103 |  17198.000 |   4559.000 |   425.000
    458,   |  17325.500 |  18205.233 |   547.783 |  17198.000 |   4559.000 |   425.000
    459,   |  17309.000 |  18241.296 |   508.039 |  17159.000 |   4559.000 |   500.000
    460,   |  17287.500 |  18053.150 |   575.550 |  17142.000 |   4544.000 |   485.000
    461,   |  17256.800 |  18003.527 |   491.782 |  17117.000 |   4559.000 |   466.000
    462,   |  17248.600 |  18022.812 |   568.512 |  17077.000 |   4631.000 |   572.000
    463,   |  17248.600 |  18137.714 |   574.704 |  17077.000 |   4631.000 |   572.000
    464,   |  17160.700 |  18065.032 |   618.087 |  17002.000 |   4559.000 |   529.000
    465,   |  17160.700 |  18069.236 |   513.559 |  17002.000 |   4559.000 |   529.000
    466,   |  17160.700 |  18094.257 |   566.125 |  17002.000 |   4559.000 |   529.000
    467,   |  17139.800 |  18128.744 |   633.486 |  16934.000 |   4643.000 |   686.000
    468,   |  17139.800 |  18107.465 |   604.377 |  16934.000 |   4643.000 |   686.000
    469,   |  17139.800 |  18287.996 |   646.566 |  16934.000 |   4643.000 |   686.000
    470,   |  17139.800 |  18235.977 |   702.890 |  16934.000 |   4643.000 |   686.000
    471,   |  17073.600 |  18135.105 |   687.519 |  16893.000 |   4559.000 |   602.000
    472,   |  17073.600 |  18140.430 |   624.193 |  16893.000 |   4559.000 |   602.000
    473,   |  17061.900 |  18270.612 |   730.412 |  16884.000 |   4550.000 |   593.000
    474,   |  17061.900 |  18072.738 |   636.610 |  16884.000 |   4550.000 |   593.000
    475,   |  17061.900 |  17901.416 |   610.550 |  16884.000 |   4550.000 |   593.000
    476,   |  17061.900 |  17932.759 |   585.956 |  16884.000 |   4550.000 |   593.000
    477,   |  17043.700 |  17941.573 |   624.360 |  16810.000 |   4736.000 |   779.000
    478,   |  17043.700 |  18143.615 |   663.383 |  16810.000 |   4736.000 |   779.000
    479,   |  17043.700 |  18134.739 |   717.516 |  16810.000 |   4736.000 |   779.000
    480,   |  17043.700 |  18014.551 |   585.382 |  16810.000 |   4736.000 |   779.000
    481,   |  17043.700 |  18053.727 |   546.203 |  16810.000 |   4736.000 |   779.000
    482,   |  17043.700 |  18223.181 |   623.639 |  16810.000 |   4736.000 |   779.000
    483,   |  17043.700 |  18100.044 |   618.321 |  16810.000 |   4736.000 |   779.000
    484,   |  17043.700 |  18054.839 |   620.508 |  16810.000 |   4736.000 |   779.000
    485,   |  17025.800 |  18062.093 |   660.594 |  16928.000 |   4385.000 |   326.000
    486,   |  17025.800 |  17980.808 |   671.888 |  16928.000 |   4385.000 |   326.000
    487,   |  16917.700 |  17937.865 |   533.492 |  16747.000 |   4481.000 |   569.000
    488,   |  16917.700 |  17997.758 |   582.173 |  16747.000 |   4481.000 |   569.000
    489,   |  16883.800 |  17951.478 |   554.531 |  16693.000 |   4466.000 |   636.000
    490,   |  16792.000 |  17948.669 |   649.489 |  16621.000 |   4443.000 |   570.000
    491,   |  16790.900 |  17931.989 |   720.692 |  16613.000 |   4466.000 |   593.000
    492,   |  16771.600 |  17722.544 |   629.535 |  16621.000 |   4398.000 |   502.000
    493,   |  16771.600 |  17646.555 |   588.853 |  16621.000 |   4398.000 |   502.000
    494,   |  16748.500 |  17637.333 |   637.204 |  16588.000 |   4398.000 |   535.000
    495,   |  16748.500 |  17533.445 |   618.885 |  16588.000 |   4398.000 |   535.000
    496,   |  16748.500 |  17538.349 |   551.290 |  16588.000 |   4398.000 |   535.000
    497,   |  16738.800 |  17547.932 |   610.457 |  16590.000 |   4372.000 |   496.000
    498,   |  16691.000 |  17467.785 |   518.729 |  16535.000 |   4393.000 |   520.000
    499,   |  16660.100 |  17557.737 |   588.382 |  16535.000 |   4372.000 |   417.000
    500,   |  16660.100 |  17706.542 |   629.823 |  16535.000 |   4372.000 |   417.000
    501,   |  16660.100 |  17577.613 |   674.669 |  16535.000 |   4372.000 |   417.000
    502,   |  16603.300 |  17472.077 |   578.510 |  16465.000 |   4394.000 |   461.000
    503,   |  16603.300 |  17443.684 |   564.647 |  16465.000 |   4394.000 |   461.000
    504,   |  16495.900 |  17505.682 |   558.706 |  16366.000 |   4329.000 |   433.000
    505,   |  16492.800 |  17449.152 |   652.907 |  16356.000 |   4329.000 |   456.000
    506,   |  16492.800 |  17398.595 |   596.797 |  16356.000 |   4329.000 |   456.000
    507,   |  16492.800 |  17469.411 |   578.957 |  16356.000 |   4329.000 |   456.000
    508,   |  16492.800 |  17521.316 |   679.567 |  16356.000 |   4329.000 |   456.000
    509,   |  16491.600 |  17454.960 |   668.468 |  16284.000 |   4329.000 |   692.000
    510,   |  16491.600 |  17354.324 |   602.626 |  16284.000 |   4329.000 |   692.000
    511,   |  16491.600 |  17392.922 |   655.879 |  16284.000 |   4329.000 |   692.000
    512,   |  16397.300 |  17387.426 |   692.490 |  16235.000 |   4218.000 |   541.000
    513,   |  16397.300 |  17305.403 |   682.358 |  16235.000 |   4218.000 |   541.000
    514,   |  16397.300 |  17416.031 |   662.261 |  16235.000 |   4218.000 |   541.000
    515,   |  16333.200 |  17350.456 |   652.354 |  16239.000 |   4225.000 |   314.000
    516,   |  16333.200 |  17366.417 |   671.603 |  16239.000 |   4225.000 |   314.000
    517,   |  16333.200 |  17345.811 |   608.370 |  16239.000 |   4225.000 |   314.000
    518,   |  16333.200 |  17327.894 |   690.624 |  16239.000 |   4225.000 |   314.000
    519,   |  16331.100 |  17138.393 |   604.642 |  16239.000 |   4218.000 |   307.000
    520,   |  16311.200 |  17115.641 |   604.897 |  16205.000 |   4250.000 |   354.000
    521,   |  16311.200 |  17043.465 |   552.134 |  16205.000 |   4250.000 |   354.000
    522,   |  16311.200 |  17215.778 |   540.839 |  16205.000 |   4250.000 |   354.000
    523,   |  16311.200 |  17228.408 |   676.979 |  16205.000 |   4250.000 |   354.000
    524,   |  16311.200 |  17238.089 |   568.892 |  16205.000 |   4250.000 |   354.000
    525,   |  16287.500 |  17179.973 |   570.850 |  16166.000 |   4241.000 |   405.000
    526,   |  16287.500 |  17233.414 |   586.847 |  16166.000 |   4241.000 |   405.000
    527,   |  16287.500 |  17163.203 |   561.261 |  16166.000 |   4241.000 |   405.000
    528,   |  16285.300 |  17279.991 |   672.877 |  16168.000 |   4250.000 |   391.000
    529,   |  16280.500 |  17396.910 |   686.687 |  16165.000 |   4228.000 |   385.000
    530,   |  16271.000 |  17148.179 |   589.981 |  16145.000 |   4263.000 |   420.000
    531,   |  16271.000 |  17118.040 |   628.078 |  16145.000 |   4263.000 |   420.000
    532,   |  16271.000 |  17063.019 |   593.932 |  16145.000 |   4263.000 |   420.000
    533,   |  16271.000 |  17094.357 |   652.282 |  16145.000 |   4263.000 |   420.000
    534,   |  16271.000 |  17377.203 |   709.800 |  16145.000 |   4263.000 |   420.000
    535,   |  16271.000 |  17307.907 |   640.830 |  16145.000 |   4263.000 |   420.000
    536,   |  16250.500 |  17273.406 |   738.868 |  16147.000 |   4225.000 |   345.000
    537,   |  16232.600 |  17233.850 |   640.361 |  16112.000 |   4228.000 |   402.000
    538,   |  16230.000 |  17298.511 |   628.655 |  16092.000 |   4263.000 |   460.000
    539,   |  16230.000 |  17139.628 |   600.668 |  16092.000 |   4263.000 |   460.000
    540,   |  16230.000 |  17081.647 |   613.567 |  16092.000 |   4263.000 |   460.000
    541,   |  16145.800 |  17023.871 |   591.894 |  16006.000 |   4250.000 |   466.000
    542,   |  16145.800 |  17120.367 |   664.693 |  16006.000 |   4250.000 |   466.000
    543,   |  16145.800 |  16930.527 |   522.523 |  16006.000 |   4250.000 |   466.000
    544,   |  16145.800 |  16953.296 |   589.467 |  16006.000 |   4250.000 |   466.000
    545,   |  16145.800 |  17036.130 |   681.300 |  16006.000 |   4250.000 |   466.000
    546,   |  16109.300 |  17001.544 |   653.138 |  15929.000 |   4335.000 |   601.000
    547,   |  16089.100 |  16906.592 |   544.180 |  15937.000 |   4241.000 |   507.000
    548,   |  16089.100 |  17034.758 |   579.587 |  15937.000 |   4241.000 |   507.000
    549,   |  16089.100 |  17067.485 |   620.823 |  15937.000 |   4241.000 |   507.000
    550,   |  16089.100 |  17050.619 |   643.305 |  15937.000 |   4241.000 |   507.000
    551,   |  16089.100 |  16938.323 |   572.108 |  15937.000 |   4241.000 |   507.000
    552,   |  16085.700 |  17150.248 |   662.678 |  15927.000 |   4263.000 |   529.000
    553,   |  16085.700 |  17124.970 |   658.547 |  15927.000 |   4263.000 |   529.000
    554,   |  16085.700 |  17131.141 |   638.132 |  15927.000 |   4263.000 |   529.000
    555,   |  16085.700 |  17098.905 |   635.508 |  15927.000 |   4263.000 |   529.000
    556,   |  16085.700 |  17083.582 |   637.866 |  15927.000 |   4263.000 |   529.000
    557,   |  16085.700 |  17070.120 |   751.689 |  15927.000 |   4263.000 |   529.000
    558,   |  16085.700 |  17154.578 |   589.257 |  15927.000 |   4263.000 |   529.000
    559,   |  16084.900 |  17041.675 |   725.922 |  15937.000 |   4250.000 |   493.000
    560,   |  16082.200 |  16968.843 |   693.246 |  15934.000 |   4241.000 |   494.000
    561,   |  16082.200 |  16950.940 |   671.713 |  15934.000 |   4241.000 |   494.000
    562,   |  16053.300 |  17035.563 |   655.551 |  15873.000 |   4335.000 |   601.000
    563,   |  16053.300 |  17113.982 |   627.739 |  15873.000 |   4335.000 |   601.000
    564,   |  16028.900 |  17205.701 |   667.198 |  15881.000 |   4250.000 |   493.000
    565,   |  16017.700 |  17052.594 |   616.935 |  15877.000 |   4216.000 |   469.000
    566,   |  16017.700 |  17146.778 |   717.997 |  15877.000 |   4216.000 |   469.000
    567,   |  16017.700 |  17084.371 |   688.650 |  15877.000 |   4216.000 |   469.000
    568,   |  15966.600 |  16981.564 |   730.452 |  15750.000 |   4334.000 |   722.000
    569,   |  15966.600 |  16964.388 |   701.888 |  15750.000 |   4334.000 |   722.000
    570,   |  15927.400 |  16897.032 |   638.906 |  15736.000 |   4250.000 |   638.000
    571,   |  15927.400 |  16707.949 |   589.598 |  15736.000 |   4250.000 |   638.000
    572,   |  15927.400 |  16828.328 |   625.241 |  15736.000 |   4250.000 |   638.000
    573,   |  15927.400 |  16813.192 |   679.414 |  15736.000 |   4250.000 |   638.000
    574,   |  15927.400 |  16656.952 |   492.977 |  15736.000 |   4250.000 |   638.000
    575,   |  15927.400 |  16675.948 |   606.415 |  15736.000 |   4250.000 |   638.000
    576,   |  15927.400 |  16714.663 |   614.172 |  15736.000 |   4250.000 |   638.000
    577,   |  15927.400 |  16640.215 |   608.348 |  15736.000 |   4250.000 |   638.000
    578,   |  15927.400 |  16818.558 |   621.411 |  15736.000 |   4250.000 |   638.000
    579,   |  15927.400 |  16836.293 |   624.249 |  15736.000 |   4250.000 |   638.000
    580,   |  15927.400 |  16774.944 |   593.008 |  15736.000 |   4250.000 |   638.000
    581,   |  15927.400 |  16707.886 |   596.515 |  15736.000 |   4250.000 |   638.000
    582,   |  15925.000 |  16698.783 |   588.773 |  15712.000 |   4322.000 |   710.000
    583,   |  15916.400 |  16836.356 |   648.209 |  15791.000 |   4159.000 |   418.000
    584,   |  15890.700 |  16934.008 |   681.916 |  15681.000 |   4288.000 |   699.000
    585,   |  15890.700 |  16857.541 |   593.216 |  15681.000 |   4288.000 |   699.000
    586,   |  15890.700 |  17014.011 |   709.686 |  15681.000 |   4288.000 |   699.000
    587,   |  15890.700 |  16936.914 |   680.292 |  15681.000 |   4288.000 |   699.000
    588,   |  15857.000 |  16910.241 |   711.322 |  15650.000 |   4302.000 |   690.000
    589,   |  15857.000 |  16851.837 |   667.150 |  15650.000 |   4302.000 |   690.000
    590,   |  15854.100 |  16783.664 |   660.637 |  15699.000 |   4196.000 |   517.000
    591,   |  15818.600 |  16778.110 |   634.361 |  15626.000 |   4231.000 |   642.000
    592,   |  15802.200 |  16727.083 |   670.587 |  15642.000 |   4169.000 |   534.000
    593,   |  15802.200 |  16710.439 |   621.781 |  15642.000 |   4169.000 |   534.000
    594,   |  15802.200 |  16690.166 |   660.552 |  15642.000 |   4169.000 |   534.000
    595,   |  15802.200 |  16848.926 |   631.978 |  15642.000 |   4169.000 |   534.000
    596,   |  15802.200 |  16733.454 |   689.207 |  15642.000 |   4169.000 |   534.000
    597,   |  15802.200 |  16691.855 |   661.875 |  15642.000 |   4169.000 |   534.000
    598,   |  15802.200 |  16615.922 |   565.300 |  15642.000 |   4169.000 |   534.000
    599,   |  15802.200 |  16666.012 |   606.099 |  15642.000 |   4169.000 |   534.000
    600,   |  15802.200 |  16540.477 |   585.535 |  15642.000 |   4169.000 |   534.000
    601,   |  15762.100 |  16639.417 |   562.128 |  15631.000 |   4138.000 |   437.000
    602,   |  15762.100 |  16825.225 |   671.063 |  15631.000 |   4138.000 |   437.000
    603,   |  15762.100 |  16509.651 |   530.327 |  15631.000 |   4138.000 |   437.000
    604,   |  15757.500 |  16624.869 |   639.855 |  15597.000 |   4170.000 |   535.000
    605,   |  15757.500 |  16709.609 |   690.212 |  15597.000 |   4170.000 |   535.000
    606,   |  15757.500 |  16562.160 |   505.251 |  15597.000 |   4170.000 |   535.000
    607,   |  15757.500 |  16558.719 |   552.747 |  15597.000 |   4170.000 |   535.000
    608,   |  15757.500 |  16705.863 |   649.254 |  15597.000 |   4170.000 |   535.000
    609,   |  15757.500 |  16645.893 |   645.575 |  15597.000 |   4170.000 |   535.000
    610,   |  15757.500 |  16660.875 |   684.264 |  15597.000 |   4170.000 |   535.000
    611,   |  15757.500 |  16684.851 |   704.629 |  15597.000 |   4170.000 |   535.000
    612,   |  15753.700 |  16619.098 |   619.293 |  15613.000 |   4138.000 |   469.000
    613,   |  15696.500 |  16474.723 |   648.530 |  15569.000 |   4094.000 |   425.000
    614,   |  15696.500 |  16510.894 |   592.902 |  15569.000 |   4094.000 |   425.000
    615,   |  15652.200 |  16525.208 |   548.501 |  15510.000 |   4139.000 |   474.000
    616,   |  15652.200 |  16550.093 |   534.509 |  15510.000 |   4139.000 |   474.000
    617,   |  15650.100 |  16542.007 |   644.772 |  15525.000 |   4079.000 |   417.000
    618,   |  15648.300 |  16430.381 |   589.573 |  15459.000 |   4211.000 |   631.000
    619,   |  15648.300 |  16489.103 |   635.567 |  15459.000 |   4211.000 |   631.000
    620,   |  15642.100 |  16507.543 |   579.898 |  15481.000 |   4117.000 |   537.000
    621,   |  15641.300 |  16497.808 |   620.757 |  15491.000 |   4104.000 |   501.000
    622,   |  15641.300 |  16640.654 |   674.061 |  15491.000 |   4104.000 |   501.000
    623,   |  15641.100 |  16528.776 |   648.149 |  15471.000 |   4178.000 |   567.000
    624,   |  15572.000 |  16583.153 |   597.418 |  15392.000 |   4104.000 |   600.000
    625,   |  15572.000 |  16526.848 |   603.466 |  15392.000 |   4104.000 |   600.000
    626,   |  15572.000 |  16651.614 |   641.191 |  15392.000 |   4104.000 |   600.000
    627,   |  15568.600 |  16565.626 |   641.495 |  15382.000 |   4126.000 |   622.000
    628,   |  15549.000 |  16521.975 |   640.151 |  15411.000 |   4113.000 |   460.000
    629,   |  15534.400 |  16461.723 |   641.466 |  15370.000 |   4118.000 |   548.000
    630,   |  15534.400 |  16455.441 |   645.780 |  15370.000 |   4118.000 |   548.000
    631,   |  15534.400 |  16466.828 |   765.530 |  15370.000 |   4118.000 |   548.000
    632,   |  15490.600 |  16365.315 |   580.885 |  15322.000 |   4066.000 |   562.000
    633,   |  15490.600 |  16344.368 |   620.633 |  15322.000 |   4066.000 |   562.000
    634,   |  15490.600 |  16261.884 |   629.276 |  15322.000 |   4066.000 |   562.000
    635,   |  15490.600 |  16299.264 |   611.752 |  15322.000 |   4066.000 |   562.000
    636,   |  15490.600 |  16261.833 |   576.888 |  15322.000 |   4066.000 |   562.000
    637,   |  15462.500 |  16319.747 |   630.582 |  15374.000 |   3979.000 |   295.000
    638,   |  15462.500 |  16285.557 |   565.883 |  15374.000 |   3979.000 |   295.000
    639,   |  15462.500 |  16275.344 |   613.711 |  15374.000 |   3979.000 |   295.000
    640,   |  15462.500 |  16305.259 |   562.589 |  15374.000 |   3979.000 |   295.000
    641,   |  15440.500 |  16398.936 |   613.712 |  15337.000 |   3998.000 |   345.000
    642,   |  15428.900 |  16336.129 |   633.893 |  15287.000 |   4036.000 |   473.000
    643,   |  15428.900 |  16330.825 |   672.301 |  15287.000 |   4036.000 |   473.000
    644,   |  15390.300 |  16297.492 |   598.504 |  15273.000 |   4036.000 |   391.000
    645,   |  15390.300 |  16220.609 |   586.961 |  15273.000 |   4036.000 |   391.000
    646,   |  15390.300 |  16268.483 |   641.945 |  15273.000 |   4036.000 |   391.000
    647,   |  15382.700 |  16252.827 |   674.786 |  15236.000 |   4011.000 |   489.000
    648,   |  15370.100 |  16240.719 |   633.547 |  15236.000 |   4036.000 |   447.000
    649,   |  15370.100 |  16222.744 |   600.458 |  15236.000 |   4036.000 |   447.000
    650,   |  15327.800 |  16326.774 |   636.471 |  15194.000 |   3979.000 |   446.000
    651,   |  15327.800 |  16161.953 |   593.676 |  15194.000 |   3979.000 |   446.000
    652,   |  15327.800 |  16217.491 |   622.598 |  15194.000 |   3979.000 |   446.000
    653,   |  15327.800 |  16100.849 |   547.444 |  15194.000 |   3979.000 |   446.000
    654,   |  15313.600 |  16287.456 |   672.082 |  15142.000 |   4016.000 |   572.000
    655,   |  15271.200 |  16155.815 |   672.502 |  15120.000 |   3971.000 |   504.000
    656,   |  15271.200 |  16010.855 |   562.044 |  15120.000 |   3971.000 |   504.000
    657,   |  15271.200 |  16235.470 |   650.108 |  15120.000 |   3971.000 |   504.000
    658,   |  15271.200 |  16105.538 |   628.888 |  15120.000 |   3971.000 |   504.000
    659,   |  15138.100 |  16164.799 |   644.469 |  15013.000 |   4036.000 |   417.000
    660,   |  15110.700 |  16162.662 |   650.637 |  14988.000 |   3966.000 |   409.000
    661,   |  15110.700 |  16206.245 |   772.989 |  14988.000 |   3966.000 |   409.000
    662,   |  15099.700 |  16023.516 |   680.699 |  14935.000 |   3984.000 |   549.000
    663,   |  15059.800 |  16208.460 |   740.488 |  14941.000 |   4005.000 |   396.000
    664,   |  15059.800 |  16048.488 |   732.233 |  14941.000 |   4005.000 |   396.000
    665,   |  15059.800 |  16027.222 |   732.103 |  14941.000 |   4005.000 |   396.000
    666,   |  15051.500 |  15994.925 |   730.085 |  14954.000 |   3934.000 |   325.000
    667,   |  15051.500 |  16098.015 |   701.742 |  14954.000 |   3934.000 |   325.000
    668,   |  15051.500 |  16156.262 |   742.845 |  14954.000 |   3934.000 |   325.000
    669,   |  15051.500 |  16112.227 |   686.092 |  14954.000 |   3934.000 |   325.000
    670,   |  15051.500 |  16143.246 |   761.777 |  14954.000 |   3934.000 |   325.000
    671,   |  15032.900 |  16144.527 |   752.802 |  14942.000 |   3912.000 |   303.000
    672,   |  14922.300 |  15945.653 |   617.234 |  14847.000 |   3860.000 |   251.000
    673,   |  14922.300 |  15969.897 |   671.094 |  14847.000 |   3860.000 |   251.000
    674,   |  14903.600 |  15763.269 |   637.485 |  14813.000 |   3860.000 |   302.000
    675,   |  14903.600 |  16004.249 |   715.970 |  14813.000 |   3860.000 |   302.000
    676,   |  14903.600 |  15844.685 |   603.268 |  14813.000 |   3860.000 |   302.000
    677,   |  14903.600 |  15918.639 |   699.771 |  14813.000 |   3860.000 |   302.000
    678,   |  14903.600 |  15847.639 |   636.929 |  14813.000 |   3860.000 |   302.000
    679,   |  14836.800 |  15732.384 |   635.830 |  14739.000 |   3861.000 |   326.000
    680,   |  14836.800 |  15744.529 |   575.318 |  14739.000 |   3861.000 |   326.000
    681,   |  14821.900 |  15857.951 |   680.934 |  14731.000 |   3861.000 |   303.000
    682,   |  14821.900 |  15884.474 |   685.559 |  14731.000 |   3861.000 |   303.000
    683,   |  14821.900 |  15913.532 |   697.283 |  14731.000 |   3861.000 |   303.000
    684,   |  14809.400 |  15868.415 |   689.664 |  14720.000 |   3860.000 |   298.000
    685,   |  14809.400 |  16143.838 |   701.986 |  14720.000 |   3860.000 |   298.000
    686,   |  14809.400 |  16101.754 |   764.643 |  14720.000 |   3860.000 |   298.000
    687,   |  14809.400 |  16008.327 |   720.600 |  14720.000 |   3860.000 |   298.000
    688,   |  14809.400 |  16024.798 |   654.806 |  14720.000 |   3860.000 |   298.000
    689,   |  14798.400 |  15815.969 |   711.043 |  14709.000 |   3860.000 |   298.000
    690,   |  14798.400 |  15891.818 |   592.713 |  14709.000 |   3860.000 |   298.000
    691,   |  14798.400 |  15907.394 |   727.020 |  14709.000 |   3860.000 |   298.000
    692,   |  14798.400 |  15796.684 |   663.459 |  14709.000 |   3860.000 |   298.000
    693,   |  14791.700 |  15829.058 |   621.907 |  14669.000 |   3931.000 |   409.000
    694,   |  14783.400 |  15862.137 |   671.088 |  14682.000 |   3860.000 |   338.000
    695,   |  14783.400 |  15933.050 |   665.758 |  14682.000 |   3860.000 |   338.000
    696,   |  14760.600 |  15883.136 |   744.891 |  14676.000 |   3851.000 |   282.000
    697,   |  14760.600 |  15965.349 |   645.348 |  14676.000 |   3851.000 |   282.000
    698,   |  14736.700 |  15804.578 |   759.963 |  14689.000 |   3780.000 |   159.000
    699,   |  14713.700 |  15628.357 |   699.973 |  14615.000 |   3851.000 |   329.000
    700,   |  14713.700 |  15716.958 |   649.852 |  14615.000 |   3851.000 |   329.000
    701,   |  14696.500 |  15891.548 |   756.904 |  14641.000 |   3782.000 |   185.000
    702,   |  14669.900 |  15806.937 |   734.000 |  14597.000 |   3782.000 |   243.000
    703,   |  14669.900 |  15799.582 |   648.168 |  14597.000 |   3782.000 |   243.000
    704,   |  14669.900 |  15808.579 |   567.623 |  14597.000 |   3782.000 |   243.000
    705,   |  14669.900 |  15905.455 |   717.980 |  14597.000 |   3782.000 |   243.000
    706,   |  14669.900 |  15899.362 |   754.864 |  14597.000 |   3782.000 |   243.000
    707,   |  14669.900 |  15707.472 |   630.662 |  14597.000 |   3782.000 |   243.000
    708,   |  14669.900 |  15804.420 |   691.834 |  14597.000 |   3782.000 |   243.000
    709,   |  14669.900 |  15882.719 |   674.330 |  14597.000 |   3782.000 |   243.000
    710,   |  14669.900 |  15732.341 |   628.747 |  14597.000 |   3782.000 |   243.000
    711,   |  14669.900 |  15626.315 |   621.955 |  14597.000 |   3782.000 |   243.000
    712,   |  14654.700 |  15698.282 |   625.193 |  14589.000 |   3760.000 |   219.000
    713,   |  14654.700 |  15739.786 |   681.956 |  14589.000 |   3760.000 |   219.000
    714,   |  14654.700 |  15724.796 |   707.070 |  14589.000 |   3760.000 |   219.000
    715,   |  14654.700 |  15757.574 |   682.092 |  14589.000 |   3760.000 |   219.000
    716,   |  14649.500 |  15823.221 |   745.687 |  14591.000 |   3761.000 |   195.000
    717,   |  14649.500 |  15940.383 |   782.201 |  14591.000 |   3761.000 |   195.000
    718,   |  14649.500 |  15812.047 |   701.625 |  14591.000 |   3761.000 |   195.000
    719,   |  14649.500 |  15689.909 |   688.892 |  14591.000 |   3761.000 |   195.000
    720,   |  14623.700 |  15484.601 |   606.255 |  14558.000 |   3760.000 |   219.000
    721,   |  14623.700 |  15466.532 |   597.495 |  14558.000 |   3760.000 |   219.000
    722,   |  14613.000 |  15552.906 |   620.666 |  14547.000 |   3761.000 |   220.000
    723,   |  14592.700 |  15690.022 |   731.798 |  14518.000 |   3761.000 |   249.000
    724,   |  14592.700 |  15664.299 |   684.662 |  14518.000 |   3761.000 |   249.000
    725,   |  14592.700 |  15559.971 |   657.923 |  14518.000 |   3761.000 |   249.000
    726,   |  14592.700 |  15512.561 |   666.285 |  14518.000 |   3761.000 |   249.000
    727,   |  14592.700 |  15574.972 |   683.525 |  14518.000 |   3761.000 |   249.000
    728,   |  14592.700 |  15584.091 |   645.320 |  14518.000 |   3761.000 |   249.000
    729,   |  14592.700 |  15588.663 |   641.122 |  14518.000 |   3761.000 |   249.000
    730,   |  14582.500 |  15526.426 |   687.646 |  14443.000 |   3791.000 |   465.000
    731,   |  14582.500 |  15680.045 |   644.158 |  14443.000 |   3791.000 |   465.000
    732,   |  14504.500 |  15572.670 |   647.671 |  14431.000 |   3707.000 |   245.000
    733,   |  14465.500 |  15524.513 |   722.330 |  14326.000 |   3791.000 |   465.000
    734,   |  14401.900 |  15667.572 |   799.510 |  14281.000 |   3761.000 |   403.000
    735,   |  14358.600 |  15529.396 |   790.887 |  14238.000 |   3760.000 |   402.000
    736,   |  14358.600 |  15547.426 |   800.557 |  14238.000 |   3760.000 |   402.000
    737,   |  14358.600 |  15410.802 |   717.428 |  14238.000 |   3760.000 |   402.000
    738,   |  14334.000 |  15248.243 |   653.167 |  14217.000 |   3761.000 |   390.000
    739,   |  14334.000 |  15259.404 |   675.326 |  14217.000 |   3761.000 |   390.000
    740,   |  14334.000 |  15381.205 |   685.598 |  14217.000 |   3761.000 |   390.000
    741,   |  14334.000 |  15225.964 |   642.079 |  14217.000 |   3761.000 |   390.000
    742,   |  14334.000 |  15179.694 |   663.290 |  14217.000 |   3761.000 |   390.000
    743,   |  14334.000 |  15184.274 |   524.391 |  14217.000 |   3761.000 |   390.000
    744,   |  14306.900 |  15269.613 |   649.166 |  14186.000 |   3761.000 |   403.000
    745,   |  14227.900 |  15298.857 |   642.271 |  14107.000 |   3761.000 |   403.000
    746,   |  14227.900 |  15288.939 |   659.544 |  14107.000 |   3761.000 |   403.000
    747,   |  14227.900 |  15349.747 |   651.427 |  14107.000 |   3761.000 |   403.000
    748,   |  14227.900 |  15260.277 |   635.156 |  14107.000 |   3761.000 |   403.000
    749,   |  14193.700 |  15275.615 |   622.708 |  14074.000 |   3757.000 |   399.000
    750,   |  14193.700 |  15349.570 |   784.870 |  14074.000 |   3757.000 |   399.000
    751,   |  14193.700 |  15376.445 |   765.059 |  14074.000 |   3757.000 |   399.000
    752,   |  14193.700 |  15440.383 |   728.276 |  14074.000 |   3757.000 |   399.000
    753,   |  14141.600 |  15374.745 |   677.059 |  14024.000 |   3750.000 |   392.000
    754,   |  14141.600 |  15268.426 |   704.006 |  14024.000 |   3750.000 |   392.000
    755,   |  14141.600 |  15357.865 |   711.909 |  14024.000 |   3750.000 |   392.000
    756,   |  14141.600 |  15292.939 |   671.550 |  14024.000 |   3750.000 |   392.000
    757,   |  14141.600 |  15184.088 |   737.673 |  14024.000 |   3750.000 |   392.000
    758,   |  14101.400 |  15208.556 |   694.501 |  13994.000 |   3750.000 |   358.000
    759,   |  14101.400 |  15153.458 |   630.579 |  13994.000 |   3750.000 |   358.000
    760,   |  14101.400 |  15143.395 |   685.490 |  13994.000 |   3750.000 |   358.000
    761,   |  14101.400 |  15149.309 |   674.335 |  13994.000 |   3750.000 |   358.000
    762,   |  14101.400 |  15236.711 |   806.363 |  13994.000 |   3750.000 |   358.000
    763,   |  14096.300 |  15027.615 |   682.064 |  14006.000 |   3680.000 |   301.000
    764,   |  14093.100 |  15249.911 |   826.582 |  14007.000 |   3679.000 |   287.000
    765,   |  14067.700 |  15105.191 |   781.059 |  13975.000 |   3680.000 |   309.000
    766,   |  14067.700 |  15091.108 |   625.466 |  13975.000 |   3680.000 |   309.000
    767,   |  14067.700 |  15114.990 |   697.247 |  13975.000 |   3680.000 |   309.000
    768,   |  14067.700 |  15067.027 |   667.663 |  13975.000 |   3680.000 |   309.000
    769,   |  14067.700 |  14996.741 |   597.577 |  13975.000 |   3680.000 |   309.000
    770,   |  14067.700 |  15069.118 |   606.692 |  13975.000 |   3680.000 |   309.000
    771,   |  14067.700 |  15087.835 |   714.828 |  13975.000 |   3680.000 |   309.000
    772,   |  14067.700 |  15027.117 |   623.508 |  13975.000 |   3680.000 |   309.000
    773,   |  14067.700 |  15186.912 |   697.869 |  13975.000 |   3680.000 |   309.000
    774,   |  14067.700 |  15007.419 |   612.674 |  13975.000 |   3680.000 |   309.000
    775,   |  14023.700 |  15156.539 |   730.637 |  13928.000 |   3680.000 |   319.000
    776,   |  14023.700 |  14967.664 |   631.643 |  13928.000 |   3680.000 |   319.000
    777,   |  14023.700 |  14970.292 |   648.958 |  13928.000 |   3680.000 |   319.000
    778,   |  14023.700 |  14955.297 |   622.486 |  13928.000 |   3680.000 |   319.000
    779,   |  14023.700 |  15039.186 |   633.216 |  13928.000 |   3680.000 |   319.000
    780,   |  14023.700 |  15071.550 |   666.256 |  13928.000 |   3680.000 |   319.000
    781,   |  14023.700 |  15170.030 |   748.372 |  13928.000 |   3680.000 |   319.000
    782,   |  14023.700 |  15047.898 |   720.463 |  13928.000 |   3680.000 |   319.000
    783,   |  14023.700 |  15042.307 |   653.552 |  13928.000 |   3680.000 |   319.000
    784,   |  14023.700 |  14899.878 |   605.775 |  13928.000 |   3680.000 |   319.000
    785,   |  14023.700 |  15071.523 |   741.367 |  13928.000 |   3680.000 |   319.000
    786,   |  14023.700 |  14917.420 |   618.182 |  13928.000 |   3680.000 |   319.000
    787,   |  14018.700 |  14979.634 |   619.128 |  13902.000 |   3750.000 |   389.000
    788,   |  14018.700 |  14970.092 |   607.374 |  13902.000 |   3750.000 |   389.000
    789,   |  14018.700 |  15043.935 |   685.314 |  13902.000 |   3750.000 |   389.000
    790,   |  14018.700 |  15002.972 |   540.062 |  13902.000 |   3750.000 |   389.000
    791,   |  14018.700 |  14912.355 |   572.178 |  13902.000 |   3750.000 |   389.000
    792,   |  14018.700 |  15003.952 |   634.523 |  13902.000 |   3750.000 |   389.000
    793,   |  14018.700 |  15157.243 |   696.779 |  13902.000 |   3750.000 |   389.000
    794,   |  14018.700 |  15090.570 |   702.446 |  13902.000 |   3750.000 |   389.000
    795,   |  14018.700 |  14988.064 |   625.323 |  13902.000 |   3750.000 |   389.000
    796,   |  14018.700 |  14959.416 |   646.499 |  13902.000 |   3750.000 |   389.000
    797,   |  14010.400 |  14907.051 |   587.476 |  13915.000 |   3679.000 |   318.000
    798,   |  13973.000 |  14940.026 |   627.080 |  13841.000 |   3750.000 |   440.000
    799,   |  13973.000 |  14847.472 |   583.701 |  13841.000 |   3750.000 |   440.000
    800,   |  13973.000 |  14838.862 |   545.947 |  13841.000 |   3750.000 |   440.000
    801,   |  13973.000 |  14852.151 |   659.029 |  13841.000 |   3750.000 |   440.000
    802,   |  13964.700 |  15029.129 |   789.483 |  13854.000 |   3679.000 |   369.000
    803,   |  13964.700 |  15001.426 |   647.724 |  13854.000 |   3679.000 |   369.000
    804,   |  13964.700 |  15156.082 |   649.530 |  13854.000 |   3679.000 |   369.000
    805,   |  13964.700 |  14985.143 |   612.711 |  13854.000 |   3679.000 |   369.000
    806,   |  13964.700 |  14908.021 |   598.975 |  13854.000 |   3679.000 |   369.000
    807,   |  13964.700 |  14882.978 |   539.449 |  13854.000 |   3679.000 |   369.000
    808,   |  13964.700 |  14971.531 |   648.201 |  13854.000 |   3679.000 |   369.000
    809,   |  13940.600 |  14945.715 |   660.587 |  13826.000 |   3679.000 |   382.000
    810,   |  13940.600 |  14954.528 |   693.948 |  13826.000 |   3679.000 |   382.000
    811,   |  13940.600 |  14927.939 |   662.601 |  13826.000 |   3679.000 |   382.000
    812,   |  13940.600 |  14762.563 |   634.346 |  13826.000 |   3679.000 |   382.000
    813,   |  13831.200 |  14953.489 |   667.686 |  13707.000 |   3724.000 |   414.000
    814,   |  13831.200 |  14934.091 |   724.387 |  13707.000 |   3724.000 |   414.000
    815,   |  13831.200 |  15001.550 |   705.714 |  13707.000 |   3724.000 |   414.000
    816,   |  13824.100 |  14931.094 |   708.204 |  13717.000 |   3654.000 |   357.000
    817,   |  13812.200 |  14990.646 |   703.596 |  13709.000 |   3654.000 |   344.000
    818,   |  13812.200 |  14853.125 |   653.305 |  13709.000 |   3654.000 |   344.000
    819,   |  13812.200 |  14716.582 |   606.695 |  13709.000 |   3654.000 |   344.000
    820,   |  13812.200 |  14765.531 |   639.395 |  13709.000 |   3654.000 |   344.000
    821,   |  13812.200 |  14694.479 |   606.458 |  13709.000 |   3654.000 |   344.000
    822,   |  13812.200 |  14732.324 |   643.503 |  13709.000 |   3654.000 |   344.000
    823,   |  13812.200 |  14669.556 |   636.910 |  13709.000 |   3654.000 |   344.000
    824,   |  13807.600 |  14670.104 |   534.138 |  13732.000 |   3562.000 |   252.000
    825,   |  13745.700 |  14767.144 |   692.845 |  13635.000 |   3666.000 |   369.000
    826,   |  13695.200 |  14670.281 |   712.377 |  13619.000 |   3564.000 |   254.000
    827,   |  13695.200 |  14552.526 |   587.504 |  13619.000 |   3564.000 |   254.000
    828,   |  13669.900 |  14647.823 |   669.252 |  13594.000 |   3563.000 |   253.000
    829,   |  13669.900 |  14515.131 |   589.343 |  13594.000 |   3563.000 |   253.000
    830,   |  13669.900 |  14601.625 |   609.790 |  13594.000 |   3563.000 |   253.000
    831,   |  13669.900 |  14649.051 |   580.104 |  13594.000 |   3563.000 |   253.000
    832,   |  13669.900 |  14737.389 |   605.645 |  13594.000 |   3563.000 |   253.000
    833,   |  13669.900 |  14679.350 |   665.567 |  13594.000 |   3563.000 |   253.000
    834,   |  13669.900 |  14673.023 |   587.538 |  13594.000 |   3563.000 |   253.000
    835,   |  13669.900 |  14577.446 |   593.630 |  13594.000 |   3563.000 |   253.000
    836,   |  13669.900 |  14648.297 |   663.649 |  13594.000 |   3563.000 |   253.000
    837,   |  13669.900 |  14736.597 |   714.271 |  13594.000 |   3563.000 |   253.000
    838,   |  13669.900 |  14740.579 |   668.703 |  13594.000 |   3563.000 |   253.000
    839,   |  13669.900 |  14712.944 |   628.345 |  13594.000 |   3563.000 |   253.000
    840,   |  13659.200 |  14529.848 |   580.033 |  13583.000 |   3564.000 |   254.000
    841,   |  13659.200 |  14696.047 |   685.366 |  13583.000 |   3564.000 |   254.000
    842,   |  13659.200 |  14774.121 |   720.470 |  13583.000 |   3564.000 |   254.000
    843,   |  13659.200 |  14637.838 |   613.574 |  13583.000 |   3564.000 |   254.000
    844,   |  13659.200 |  14545.010 |   627.475 |  13583.000 |   3564.000 |   254.000
    845,   |  13659.200 |  14557.346 |   604.547 |  13583.000 |   3564.000 |   254.000
    846,   |  13659.200 |  14635.348 |   721.104 |  13583.000 |   3564.000 |   254.000
    847,   |  13657.900 |  14482.833 |   660.665 |  13579.000 |   3560.000 |   263.000
    848,   |  13657.900 |  14464.933 |   566.817 |  13579.000 |   3560.000 |   263.000
    849,   |  13636.100 |  14543.864 |   591.618 |  13556.000 |   3564.000 |   267.000
    850,   |  13624.200 |  14602.679 |   626.219 |  13548.000 |   3564.000 |   254.000
    851,   |  13624.200 |  14467.601 |   579.199 |  13548.000 |   3564.000 |   254.000
    852,   |  13624.200 |  14488.323 |   482.738 |  13548.000 |   3564.000 |   254.000
    853,   |  13624.200 |  14560.874 |   559.792 |  13548.000 |   3564.000 |   254.000
    854,   |  13624.200 |  14533.873 |   614.533 |  13548.000 |   3564.000 |   254.000
    855,   |  13624.200 |  14400.588 |   600.788 |  13548.000 |   3564.000 |   254.000
    856,   |  13624.200 |  14552.140 |   561.383 |  13548.000 |   3564.000 |   254.000
    857,   |  13624.200 |  14574.277 |   604.110 |  13548.000 |   3564.000 |   254.000
    858,   |  13624.200 |  14597.506 |   640.006 |  13548.000 |   3564.000 |   254.000
    859,   |  13624.200 |  14680.372 |   648.648 |  13548.000 |   3564.000 |   254.000
    860,   |  13624.200 |  14736.502 |   686.236 |  13548.000 |   3564.000 |   254.000
    861,   |  13624.200 |  14589.045 |   638.486 |  13548.000 |   3564.000 |   254.000
    862,   |  13624.200 |  14585.641 |   673.997 |  13548.000 |   3564.000 |   254.000
    863,   |  13624.200 |  14506.285 |   591.905 |  13548.000 |   3564.000 |   254.000
    864,   |  13624.200 |  14410.300 |   564.981 |  13548.000 |   3564.000 |   254.000
    865,   |  13624.200 |  14531.466 |   601.538 |  13548.000 |   3564.000 |   254.000
    866,   |  13624.200 |  14472.467 |   614.504 |  13548.000 |   3564.000 |   254.000
    867,   |  13624.200 |  14562.727 |   645.008 |  13548.000 |   3564.000 |   254.000
    868,   |  13624.200 |  14568.822 |   624.152 |  13548.000 |   3564.000 |   254.000
    869,   |  13624.200 |  14651.082 |   690.302 |  13548.000 |   3564.000 |   254.000
    870,   |  13521.600 |  14636.664 |   701.749 |  13470.000 |   3444.000 |   172.000
    871,   |  13521.600 |  14624.213 |   673.282 |  13470.000 |   3444.000 |   172.000
    872,   |  13500.600 |  14460.099 |   660.893 |  13461.000 |   3443.000 |   132.000
    873,   |  13480.100 |  14442.291 |   623.475 |  13436.000 |   3444.000 |   147.000
    874,   |  13480.100 |  14471.701 |   624.386 |  13436.000 |   3444.000 |   147.000
    875,   |  13480.100 |  14484.399 |   649.365 |  13436.000 |   3444.000 |   147.000
    876,   |  13463.300 |  14592.120 |   774.426 |  13421.000 |   3444.000 |   141.000
    877,   |  13463.300 |  14550.743 |   680.136 |  13421.000 |   3444.000 |   141.000
    878,   |  13463.300 |  14502.072 |   710.200 |  13421.000 |   3444.000 |   141.000
    879,   |  13463.300 |  14497.563 |   684.247 |  13421.000 |   3444.000 |   141.000
    880,   |  13463.300 |  14446.239 |   643.942 |  13421.000 |   3444.000 |   141.000
    881,   |  13463.300 |  14529.884 |   657.728 |  13421.000 |   3444.000 |   141.000
    882,   |  13463.300 |  14577.899 |   619.993 |  13421.000 |   3444.000 |   141.000
    883,   |  13463.300 |  14657.274 |   614.218 |  13421.000 |   3444.000 |   141.000
    884,   |  13463.300 |  14721.008 |   655.866 |  13421.000 |   3444.000 |   141.000
    885,   |  13463.300 |  14672.751 |   646.834 |  13421.000 |   3444.000 |   141.000
    886,   |  13463.300 |  14694.936 |   709.527 |  13421.000 |   3444.000 |   141.000
    887,   |  13463.300 |  14664.722 |   694.508 |  13421.000 |   3444.000 |   141.000
    888,   |  13463.300 |  14634.693 |   669.000 |  13421.000 |   3444.000 |   141.000
    889,   |  13463.300 |  14654.368 |   713.452 |  13421.000 |   3444.000 |   141.000
    890,   |  13463.300 |  14657.277 |   667.895 |  13421.000 |   3444.000 |   141.000
    891,   |  13463.300 |  14616.942 |   661.590 |  13421.000 |   3444.000 |   141.000
    892,   |  13463.300 |  14429.787 |   653.021 |  13421.000 |   3444.000 |   141.000
    893,   |  13420.700 |  14439.312 |   590.124 |  13313.000 |   3546.000 |   359.000
    894,   |  13420.700 |  14488.857 |   650.966 |  13313.000 |   3546.000 |   359.000
    895,   |  13401.100 |  14562.353 |   698.851 |  13303.000 |   3514.000 |   327.000
    896,   |  13382.100 |  14385.315 |   626.069 |  13305.000 |   3444.000 |   257.000
    897,   |  13382.100 |  14366.924 |   706.450 |  13305.000 |   3444.000 |   257.000
    898,   |  13382.100 |  14256.891 |   553.454 |  13305.000 |   3444.000 |   257.000
    899,   |  13382.100 |  14310.613 |   619.908 |  13305.000 |   3444.000 |   257.000
    900,   |  13382.100 |  14211.396 |   570.929 |  13305.000 |   3444.000 |   257.000
    901,   |  13382.100 |  14383.045 |   679.382 |  13305.000 |   3444.000 |   257.000
    902,   |  13382.100 |  14328.309 |   649.375 |  13305.000 |   3444.000 |   257.000
    903,   |  13382.100 |  14418.847 |   760.390 |  13305.000 |   3444.000 |   257.000
    904,   |  13382.100 |  14443.731 |   666.921 |  13305.000 |   3444.000 |   257.000
    905,   |  13382.100 |  14384.754 |   706.030 |  13305.000 |   3444.000 |   257.000
    906,   |  13382.100 |  14399.256 |   605.777 |  13305.000 |   3444.000 |   257.000
    907,   |  13278.100 |  14381.746 |   636.985 |  13201.000 |   3444.000 |   257.000
    908,   |  13278.100 |  14375.283 |   650.968 |  13201.000 |   3444.000 |   257.000
    909,   |  13278.100 |  14275.608 |   597.156 |  13201.000 |   3444.000 |   257.000
    910,   |  13278.100 |  14437.209 |   711.733 |  13201.000 |   3444.000 |   257.000
    911,   |  13278.100 |  14301.293 |   657.734 |  13201.000 |   3444.000 |   257.000
    912,   |  13278.100 |  14355.908 |   654.696 |  13201.000 |   3444.000 |   257.000
    913,   |  13278.100 |  14286.304 |   708.555 |  13201.000 |   3444.000 |   257.000
    914,   |  13278.100 |  14165.120 |   627.161 |  13201.000 |   3444.000 |   257.000
    915,   |  13278.100 |  14361.361 |   685.189 |  13201.000 |   3444.000 |   257.000
    916,   |  13278.100 |  14370.414 |   701.687 |  13201.000 |   3444.000 |   257.000
    917,   |  13258.100 |  14168.059 |   576.155 |  13154.000 |   3483.000 |   347.000
    918,   |  13258.100 |  14187.243 |   612.947 |  13154.000 |   3483.000 |   347.000
    919,   |  13230.200 |  14128.305 |   610.027 |  13136.000 |   3451.000 |   314.000
    920,   |  13230.200 |  14170.250 |   589.761 |  13136.000 |   3451.000 |   314.000
    921,   |  13230.200 |  14175.301 |   597.301 |  13136.000 |   3451.000 |   314.000
    922,   |  13230.200 |  14111.449 |   606.141 |  13136.000 |   3451.000 |   314.000
    923,   |  13230.200 |  14282.095 |   655.745 |  13136.000 |   3451.000 |   314.000
    924,   |  13230.200 |  14242.969 |   619.085 |  13136.000 |   3451.000 |   314.000
    925,   |  13230.200 |  14333.775 |   499.717 |  13136.000 |   3451.000 |   314.000
    926,   |  13230.200 |  14435.879 |   718.922 |  13136.000 |   3451.000 |   314.000
    927,   |  13230.200 |  14305.816 |   655.426 |  13136.000 |   3451.000 |   314.000
    928,   |  13196.200 |  14226.455 |   671.071 |  13138.000 |   3381.000 |   194.000
    929,   |  13196.200 |  14196.722 |   617.016 |  13138.000 |   3381.000 |   194.000
    930,   |  13196.200 |  14290.028 |   661.607 |  13138.000 |   3381.000 |   194.000
    931,   |  13196.200 |  14190.114 |   627.140 |  13138.000 |   3381.000 |   194.000
    932,   |  13196.200 |  14261.373 |   690.423 |  13138.000 |   3381.000 |   194.000
    933,   |  13196.200 |  14063.802 |   607.146 |  13138.000 |   3381.000 |   194.000
    934,   |  13196.200 |  14109.300 |   655.576 |  13138.000 |   3381.000 |   194.000
    935,   |  13188.600 |  14110.200 |   672.257 |  13104.000 |   3419.000 |   282.000
    936,   |  13142.800 |  14065.418 |   625.759 |  13042.000 |   3451.000 |   336.000
    937,   |  13142.800 |  14039.259 |   523.240 |  13042.000 |   3451.000 |   336.000
    938,   |  13119.700 |  14088.831 |   674.196 |  13042.000 |   3361.000 |   259.000
    939,   |  13118.800 |  14045.487 |   598.953 |  13045.000 |   3361.000 |   246.000
    940,   |  13118.800 |  13957.845 |   610.813 |  13045.000 |   3361.000 |   246.000
    941,   |  13118.800 |  14052.256 |   597.233 |  13045.000 |   3361.000 |   246.000
    942,   |  13107.800 |  14079.546 |   591.562 |  13034.000 |   3361.000 |   246.000
    943,   |  13107.800 |  14127.028 |   547.941 |  13034.000 |   3361.000 |   246.000
    944,   |  13107.800 |  14146.928 |   619.985 |  13034.000 |   3361.000 |   246.000
    945,   |  13089.600 |  14122.831 |   657.357 |  13047.000 |   3348.000 |   142.000
    946,   |  13089.600 |  14257.384 |   626.895 |  13047.000 |   3348.000 |   142.000
    947,   |  13089.600 |  14203.578 |   690.512 |  13047.000 |   3348.000 |   142.000
    948,   |  13089.600 |  14084.632 |   612.041 |  13047.000 |   3348.000 |   142.000
    949,   |  13089.600 |  14054.714 |   647.465 |  13047.000 |   3348.000 |   142.000
    950,   |  13089.600 |  14046.195 |   685.938 |  13047.000 |   3348.000 |   142.000
    951,   |  13089.600 |  14035.109 |   626.116 |  13047.000 |   3348.000 |   142.000
    952,   |  13077.600 |  13897.418 |   583.545 |  12993.000 |   3419.000 |   282.000
    953,   |  13077.600 |  14029.903 |   617.342 |  12993.000 |   3419.000 |   282.000
    954,   |  13048.900 |  13969.776 |   590.619 |  13006.000 |   3349.000 |   143.000
    955,   |  13048.900 |  13993.846 |   625.407 |  13006.000 |   3349.000 |   143.000
    956,   |  13048.900 |  14042.716 |   731.267 |  13006.000 |   3349.000 |   143.000
    957,   |  12955.000 |  13947.413 |   706.606 |  12847.000 |   3349.000 |   360.000
    958,   |  12955.000 |  14143.377 |   719.740 |  12847.000 |   3349.000 |   360.000
    959,   |  12955.000 |  14044.219 |   710.855 |  12847.000 |   3349.000 |   360.000
    960,   |  12955.000 |  13889.869 |   567.183 |  12847.000 |   3349.000 |   360.000
    961,   |  12955.000 |  13875.337 |   683.477 |  12847.000 |   3349.000 |   360.000
    962,   |  12955.000 |  13839.040 |   649.943 |  12847.000 |   3349.000 |   360.000
    963,   |  12955.000 |  13942.833 |   665.361 |  12847.000 |   3349.000 |   360.000
    964,   |  12955.000 |  13961.129 |   654.361 |  12847.000 |   3349.000 |   360.000
    965,   |  12955.000 |  13841.396 |   625.010 |  12847.000 |   3349.000 |   360.000
    966,   |  12938.000 |  13850.600 |   641.949 |  12809.000 |   3419.000 |   430.000
    967,   |  12929.700 |  13914.601 |   659.579 |  12822.000 |   3348.000 |   359.000
    968,   |  12929.700 |  13757.384 |   581.469 |  12822.000 |   3348.000 |   359.000
    969,   |  12929.700 |  13826.305 |   589.944 |  12822.000 |   3348.000 |   359.000
    970,   |  12919.000 |  13916.169 |   644.523 |  12811.000 |   3349.000 |   360.000
    971,   |  12919.000 |  13873.657 |   654.628 |  12811.000 |   3349.000 |   360.000
    972,   |  12919.000 |  13852.639 |   670.592 |  12811.000 |   3349.000 |   360.000
    973,   |  12919.000 |  13667.019 |   637.182 |  12811.000 |   3349.000 |   360.000
    974,   |  12919.000 |  13638.109 |   523.797 |  12811.000 |   3349.000 |   360.000
    975,   |  12884.800 |  13777.128 |   603.327 |  12763.000 |   3395.000 |   406.000
    976,   |  12884.800 |  13867.104 |   687.125 |  12763.000 |   3395.000 |   406.000
    977,   |  12865.200 |  13958.053 |   718.580 |  12753.000 |   3363.000 |   374.000
    978,   |  12865.200 |  13863.845 |   667.977 |  12753.000 |   3363.000 |   374.000
    979,   |  12865.200 |  14094.634 |   722.985 |  12753.000 |   3363.000 |   374.000
    980,   |  12865.200 |  14149.153 |   749.435 |  12753.000 |   3363.000 |   374.000
    981,   |  12863.200 |  13972.815 |   669.155 |  12751.000 |   3363.000 |   374.000
    982,   |  12863.200 |  13883.910 |   605.159 |  12751.000 |   3363.000 |   374.000
    983,   |  12863.200 |  14127.152 |   710.546 |  12751.000 |   3363.000 |   374.000
    984,   |  12854.900 |  14261.886 |   827.741 |  12764.000 |   3292.000 |   303.000
    985,   |  12854.900 |  14209.442 |   794.192 |  12764.000 |   3292.000 |   303.000
    986,   |  12829.800 |  13916.197 |   706.820 |  12735.000 |   3292.000 |   316.000
    987,   |  12829.800 |  14048.842 |   740.358 |  12735.000 |   3292.000 |   316.000
    988,   |  12829.800 |  14064.895 |   712.033 |  12735.000 |   3292.000 |   316.000
    989,   |  12829.800 |  14135.040 |   717.310 |  12735.000 |   3292.000 |   316.000
    990,   |  12829.800 |  14224.692 |   750.598 |  12735.000 |   3292.000 |   316.000
    991,   |  12829.800 |  14161.029 |   738.292 |  12735.000 |   3292.000 |   316.000
    992,   |  12829.800 |  14196.760 |   797.341 |  12735.000 |   3292.000 |   316.000
    993,   |  12829.800 |  14126.028 |   675.838 |  12735.000 |   3292.000 |   316.000
    994,   |  12816.900 |  14039.264 |   725.949 |  12726.000 |   3292.000 |   303.000
    995,   |  12816.900 |  13886.196 |   690.338 |  12726.000 |   3292.000 |   303.000
    996,   |  12816.900 |  13908.921 |   597.423 |  12726.000 |   3292.000 |   303.000
    997,   |  12816.900 |  13801.640 |   600.485 |  12726.000 |   3292.000 |   303.000
    998,   |  12816.900 |  14012.035 |   738.857 |  12726.000 |   3292.000 |   303.000
    999,   |  12816.900 |  13879.427 |   751.894 |  12726.000 |   3292.000 |   303.000
   1000,   |  12816.900 |  13811.051 |   702.070 |  12726.000 |   3292.000 |   303.000
   1001,   |  12786.100 |  13735.176 |   650.806 |  12664.000 |   3395.000 |   407.000
   1002,   |  12786.100 |  13826.023 |   653.183 |  12664.000 |   3395.000 |   407.000
   1003,   |  12786.100 |  13612.748 |   557.207 |  12664.000 |   3395.000 |   407.000
   1004,   |  12783.700 |  13730.109 |   658.360 |  12655.000 |   3395.000 |   429.000
   1005,   |  12710.100 |  13711.939 |   657.844 |  12615.000 |   3293.000 |   317.000
   1006,   |  12697.200 |  13906.322 |   693.314 |  12606.000 |   3293.000 |   304.000
   1007,   |  12697.200 |  13784.998 |   746.922 |  12606.000 |   3293.000 |   304.000
   1008,   |  12697.200 |  13554.701 |   601.961 |  12606.000 |   3293.000 |   304.000
   1009,   |  12697.200 |  13688.229 |   671.843 |  12606.000 |   3293.000 |   304.000
   1010,   |  12697.200 |  13641.450 |   675.353 |  12606.000 |   3293.000 |   304.000
   1011,   |  12697.200 |  13613.125 |   610.527 |  12606.000 |   3293.000 |   304.000
   1012,   |  12697.200 |  13590.231 |   627.981 |  12606.000 |   3293.000 |   304.000
   1013,   |  12697.200 |  13533.956 |   622.939 |  12606.000 |   3293.000 |   304.000
   1014,   |  12697.200 |  13607.867 |   571.345 |  12606.000 |   3293.000 |   304.000
   1015,   |  12697.200 |  13711.408 |   697.905 |  12606.000 |   3293.000 |   304.000
   1016,   |  12697.200 |  13611.613 |   660.371 |  12606.000 |   3293.000 |   304.000
   1017,   |  12642.400 |  13513.902 |   621.131 |  12556.000 |   3264.000 |   288.000
   1018,   |  12642.400 |  13554.539 |   702.863 |  12556.000 |   3264.000 |   288.000
   1019,   |  12642.400 |  13692.314 |   693.257 |  12556.000 |   3264.000 |   288.000
   1020,   |  12642.400 |  13723.540 |   629.425 |  12556.000 |   3264.000 |   288.000
   1021,   |  12642.400 |  13841.450 |   690.976 |  12556.000 |   3264.000 |   288.000
   1022,   |  12642.400 |  13661.432 |   634.834 |  12556.000 |   3264.000 |   288.000
   1023,   |  12639.800 |  13636.148 |   671.970 |  12545.000 |   3304.000 |   316.000
   1024,   |  12639.800 |  13657.612 |   655.760 |  12545.000 |   3304.000 |   316.000
   1025,   |  12639.800 |  13582.508 |   604.921 |  12545.000 |   3304.000 |   316.000
   1026,   |  12629.500 |  13550.170 |   636.449 |  12547.000 |   3264.000 |   275.000
   1027,   |  12629.500 |  13521.923 |   695.202 |  12547.000 |   3264.000 |   275.000
   1028,   |  12624.500 |  13548.964 |   683.977 |  12542.000 |   3264.000 |   275.000
   1029,   |  12624.500 |  13600.377 |   706.215 |  12542.000 |   3264.000 |   275.000
   1030,   |  12624.500 |  13512.482 |   603.954 |  12542.000 |   3264.000 |   275.000
   1031,   |  12624.500 |  13467.041 |   574.141 |  12542.000 |   3264.000 |   275.000
   1032,   |  12624.500 |  13640.211 |   645.651 |  12542.000 |   3264.000 |   275.000
   1033,   |  12560.100 |  13587.323 |   670.403 |  12450.000 |   3264.000 |   367.000
   1034,   |  12560.100 |  13419.683 |   611.354 |  12450.000 |   3264.000 |   367.000
   1035,   |  12560.100 |  13586.355 |   645.918 |  12450.000 |   3264.000 |   367.000
   1036,   |  12560.100 |  13740.375 |   757.109 |  12450.000 |   3264.000 |   367.000
   1037,   |  12560.100 |  13643.485 |   679.779 |  12450.000 |   3264.000 |   367.000
   1038,   |  12560.100 |  13592.297 |   737.223 |  12450.000 |   3264.000 |   367.000
   1039,   |  12560.100 |  13503.789 |   674.699 |  12450.000 |   3264.000 |   367.000
   1040,   |  12560.100 |  13676.707 |   673.565 |  12450.000 |   3264.000 |   367.000
   1041,   |  12560.100 |  13664.999 |   657.371 |  12450.000 |   3264.000 |   367.000
   1042,   |  12560.100 |  13737.220 |   634.908 |  12450.000 |   3264.000 |   367.000
   1043,   |  12560.100 |  13727.425 |   704.904 |  12450.000 |   3264.000 |   367.000
   1044,   |  12560.100 |  13644.058 |   617.027 |  12450.000 |   3264.000 |   367.000
   1045,   |  12560.100 |  13641.453 |   651.144 |  12450.000 |   3264.000 |   367.000
   1046,   |  12560.100 |  13501.111 |   628.091 |  12450.000 |   3264.000 |   367.000
   1047,   |  12560.100 |  13672.316 |   741.054 |  12450.000 |   3264.000 |   367.000
   1048,   |  12560.100 |  13470.565 |   645.014 |  12450.000 |   3264.000 |   367.000
   1049,   |  12560.100 |  13481.099 |   616.899 |  12450.000 |   3264.000 |   367.000
   1050,   |  12560.100 |  13366.393 |   542.817 |  12450.000 |   3264.000 |   367.000
   1051,   |  12560.100 |  13717.893 |   828.736 |  12450.000 |   3264.000 |   367.000
   1052,   |  12560.100 |  13684.830 |   651.841 |  12450.000 |   3264.000 |   367.000
   1053,   |  12560.100 |  13598.141 |   737.684 |  12450.000 |   3264.000 |   367.000
   1054,   |  12553.400 |  13400.229 |   592.907 |  12449.000 |   3243.000 |   348.000
   1055,   |  12553.400 |  13559.995 |   722.365 |  12449.000 |   3243.000 |   348.000
   1056,   |  12553.400 |  13574.379 |   698.413 |  12449.000 |   3243.000 |   348.000
   1057,   |  12553.400 |  13511.262 |   600.579 |  12449.000 |   3243.000 |   348.000
   1058,   |  12553.400 |  13478.987 |   627.545 |  12449.000 |   3243.000 |   348.000
   1059,   |  12553.400 |  13553.094 |   673.982 |  12449.000 |   3243.000 |   348.000
   1060,   |  12553.400 |  13614.367 |   648.738 |  12449.000 |   3243.000 |   348.000
   1061,   |  12534.900 |  13486.988 |   630.231 |  12432.000 |   3243.000 |   343.000
   1062,   |  12534.900 |  13524.723 |   639.406 |  12432.000 |   3243.000 |   343.000
   1063,   |  12520.300 |  13608.694 |   682.200 |  12412.000 |   3243.000 |   361.000
   1064,   |  12520.300 |  13522.910 |   645.944 |  12412.000 |   3243.000 |   361.000
   1065,   |  12520.300 |  13539.786 |   701.247 |  12412.000 |   3243.000 |   361.000
   1066,   |  12520.300 |  13479.097 |   670.106 |  12412.000 |   3243.000 |   361.000
   1067,   |  12520.300 |  13487.002 |   609.718 |  12412.000 |   3243.000 |   361.000
   1068,   |  12520.300 |  13322.962 |   619.032 |  12412.000 |   3243.000 |   361.000
   1069,   |  12520.300 |  13450.247 |   618.442 |  12412.000 |   3243.000 |   361.000
   1070,   |  12520.300 |  13443.127 |   642.725 |  12412.000 |   3243.000 |   361.000
   1071,   |  12520.300 |  13622.820 |   726.131 |  12412.000 |   3243.000 |   361.000
   1072,   |  12520.300 |  13536.833 |   637.887 |  12412.000 |   3243.000 |   361.000
   1073,   |  12520.300 |  13514.449 |   699.092 |  12412.000 |   3243.000 |   361.000
   1074,   |  12520.300 |  13552.102 |   710.193 |  12412.000 |   3243.000 |   361.000
   1075,   |  12520.300 |  13494.139 |   641.474 |  12412.000 |   3243.000 |   361.000
   1076,   |  12520.300 |  13362.033 |   588.629 |  12412.000 |   3243.000 |   361.000
   1077,   |  12520.300 |  13468.814 |   658.523 |  12412.000 |   3243.000 |   361.000
   1078,   |  12520.300 |  13424.489 |   652.165 |  12412.000 |   3243.000 |   361.000
   1079,   |  12466.700 |  13423.921 |   692.767 |  12368.000 |   3229.000 |   329.000
   1080,   |  12466.700 |  13579.379 |   739.137 |  12368.000 |   3229.000 |   329.000
   1081,   |  12466.700 |  13685.702 |   745.782 |  12368.000 |   3229.000 |   329.000
   1082,   |  12466.700 |  13652.872 |   731.599 |  12368.000 |   3229.000 |   329.000
   1083,   |  12466.700 |  13513.975 |   599.757 |  12368.000 |   3229.000 |   329.000
   1084,   |  12466.700 |  13509.965 |   625.321 |  12368.000 |   3229.000 |   329.000
   1085,   |  12466.700 |  13415.463 |   607.095 |  12368.000 |   3229.000 |   329.000
   1086,   |  12466.700 |  13542.428 |   668.674 |  12368.000 |   3229.000 |   329.000
   1087,   |  12466.700 |  13654.991 |   683.229 |  12368.000 |   3229.000 |   329.000
   1088,   |  12466.700 |  13520.599 |   658.470 |  12368.000 |   3229.000 |   329.000
   1089,   |  12466.700 |  13465.839 |   704.630 |  12368.000 |   3229.000 |   329.000
   1090,   |  12466.700 |  13415.680 |   660.694 |  12368.000 |   3229.000 |   329.000
   1091,   |  12466.700 |  13546.764 |   643.383 |  12368.000 |   3229.000 |   329.000
   1092,   |  12466.700 |  13498.322 |   737.101 |  12368.000 |   3229.000 |   329.000
   1093,   |  12466.700 |  13410.272 |   645.895 |  12368.000 |   3229.000 |   329.000
   1094,   |  12466.700 |  13404.056 |   590.813 |  12368.000 |   3229.000 |   329.000
   1095,   |  12466.700 |  13360.901 |   569.139 |  12368.000 |   3229.000 |   329.000
   1096,   |  12466.700 |  13324.970 |   685.578 |  12368.000 |   3229.000 |   329.000
   1097,   |  12466.700 |  13346.187 |   594.903 |  12368.000 |   3229.000 |   329.000
   1098,   |  12466.700 |  13443.772 |   654.944 |  12368.000 |   3229.000 |   329.000
   1099,   |  12466.700 |  13563.165 |   674.554 |  12368.000 |   3229.000 |   329.000
   1100,   |  12466.700 |  13414.840 |   737.020 |  12368.000 |   3229.000 |   329.000
   1101,   |  12466.700 |  13461.984 |   766.846 |  12368.000 |   3229.000 |   329.000
   1102,   |  12466.700 |  13452.746 |   752.112 |  12368.000 |   3229.000 |   329.000
   1103,   |  12466.700 |  13671.791 |   785.122 |  12368.000 |   3229.000 |   329.000
   1104,   |  12466.700 |  13516.247 |   675.139 |  12368.000 |   3229.000 |   329.000
   1105,   |  12466.700 |  13625.113 |   704.543 |  12368.000 |   3229.000 |   329.000
   1106,   |  12466.700 |  13526.882 |   706.486 |  12368.000 |   3229.000 |   329.000
   1107,   |  12466.700 |  13511.611 |   671.921 |  12368.000 |   3229.000 |   329.000
   1108,   |  12466.700 |  13362.653 |   573.185 |  12368.000 |   3229.000 |   329.000
   1109,   |  12466.700 |  13576.456 |   730.130 |  12368.000 |   3229.000 |   329.000
   1110,   |  12466.700 |  13514.127 |   605.392 |  12368.000 |   3229.000 |   329.000
   1111,   |  12466.700 |  13433.101 |   670.841 |  12368.000 |   3229.000 |   329.000
   1112,   |  12466.700 |  13544.069 |   693.346 |  12368.000 |   3229.000 |   329.000
   1113,   |  12466.700 |  13531.887 |   766.367 |  12368.000 |   3229.000 |   329.000
   1114,   |  12466.700 |  13443.554 |   631.301 |  12368.000 |   3229.000 |   329.000
   1115,   |  12466.700 |  13474.232 |   657.278 |  12368.000 |   3229.000 |   329.000
   1116,   |  12466.700 |  13293.019 |   563.717 |  12368.000 |   3229.000 |   329.000
   1117,   |  12466.700 |  13339.819 |   632.862 |  12368.000 |   3229.000 |   329.000
   1118,   |  12466.700 |  13498.543 |   671.898 |  12368.000 |   3229.000 |   329.000
   1119,   |  12466.700 |  13547.796 |   717.398 |  12368.000 |   3229.000 |   329.000
   1120,   |  12466.700 |  13648.697 |   761.798 |  12368.000 |   3229.000 |   329.000
   1121,   |  12466.700 |  13619.093 |   635.308 |  12368.000 |   3229.000 |   329.000
   1122,   |  12466.700 |  13586.464 |   664.535 |  12368.000 |   3229.000 |   329.000
   1123,   |  12466.700 |  13498.140 |   603.920 |  12368.000 |   3229.000 |   329.000
   1124,   |  12466.700 |  13643.415 |   661.133 |  12368.000 |   3229.000 |   329.000
   1125,   |  12466.700 |  13563.047 |   733.354 |  12368.000 |   3229.000 |   329.000
   1126,   |  12466.700 |  13375.831 |   544.330 |  12368.000 |   3229.000 |   329.000
   1127,   |  12466.700 |  13617.585 |   689.355 |  12368.000 |   3229.000 |   329.000
   1128,   |  12466.700 |  13364.201 |   662.927 |  12368.000 |   3229.000 |   329.000
   1129,   |  12466.700 |  13305.485 |   571.476 |  12368.000 |   3229.000 |   329.000
   1130,   |  12466.700 |  13302.098 |   635.599 |  12368.000 |   3229.000 |   329.000
   1131,   |  12466.700 |  13429.829 |   668.850 |  12368.000 |   3229.000 |   329.000
   1132,   |  12466.700 |  13419.511 |   649.330 |  12368.000 |   3229.000 |   329.000
   1133,   |  12466.700 |  13398.644 |   641.718 |  12368.000 |   3229.000 |   329.000
   1134,   |  12466.700 |  13341.718 |   618.318 |  12368.000 |   3229.000 |   329.000
   1135,   |  12466.400 |  13288.663 |   538.941 |  12368.000 |   3203.000 |   328.000
   1136,   |  12466.400 |  13291.516 |   612.259 |  12368.000 |   3203.000 |   328.000
   1137,   |  12466.400 |  13356.106 |   619.254 |  12368.000 |   3203.000 |   328.000
   1138,   |  12425.300 |  13191.305 |   560.153 |  12329.000 |   3203.000 |   321.000
   1139,   |  12425.300 |  13246.118 |   659.155 |  12329.000 |   3203.000 |   321.000
   1140,   |  12425.300 |  13341.413 |   644.029 |  12329.000 |   3203.000 |   321.000
   1141,   |  12425.300 |  13390.608 |   675.698 |  12329.000 |   3203.000 |   321.000
   1142,   |  12425.300 |  13404.477 |   653.350 |  12329.000 |   3203.000 |   321.000
   1143,   |  12425.300 |  13380.983 |   591.334 |  12329.000 |   3203.000 |   321.000
   1144,   |  12425.300 |  13541.425 |   665.001 |  12329.000 |   3203.000 |   321.000
   1145,   |  12425.300 |  13509.509 |   636.518 |  12329.000 |   3203.000 |   321.000
   1146,   |  12425.300 |  13465.877 |   643.546 |  12329.000 |   3203.000 |   321.000
   1147,   |  12425.300 |  13509.194 |   706.158 |  12329.000 |   3203.000 |   321.000
   1148,   |  12425.300 |  13373.854 |   600.014 |  12329.000 |   3203.000 |   321.000
   1149,   |  12425.300 |  13278.819 |   588.412 |  12329.000 |   3203.000 |   321.000
   1150,   |  12415.900 |  13324.361 |   691.514 |  12325.000 |   3203.000 |   303.000
   1151,   |  12415.900 |  13223.901 |   559.033 |  12325.000 |   3203.000 |   303.000
   1152,   |  12415.900 |  13273.688 |   505.467 |  12325.000 |   3203.000 |   303.000
   1153,   |  12415.900 |  13456.922 |   685.963 |  12325.000 |   3203.000 |   303.000
   1154,   |  12415.900 |  13603.640 |   784.599 |  12325.000 |   3203.000 |   303.000
   1155,   |  12415.900 |  13503.940 |   628.477 |  12325.000 |   3203.000 |   303.000
   1156,   |  12415.900 |  13495.667 |   652.595 |  12325.000 |   3203.000 |   303.000
   1157,   |  12400.000 |  13411.635 |   635.141 |  12295.000 |   3250.000 |   350.000
   1158,   |  12400.000 |  13299.275 |   618.664 |  12295.000 |   3250.000 |   350.000
   1159,   |  12400.000 |  13428.172 |   582.393 |  12295.000 |   3250.000 |   350.000
   1160,   |  12400.000 |  13516.456 |   653.392 |  12295.000 |   3250.000 |   350.000
   1161,   |  12400.000 |  13362.406 |   630.954 |  12295.000 |   3250.000 |   350.000
   1162,   |  12400.000 |  13374.890 |   612.632 |  12295.000 |   3250.000 |   350.000
   1163,   |  12400.000 |  13397.913 |   682.910 |  12295.000 |   3250.000 |   350.000
   1164,   |  12400.000 |  13449.752 |   622.369 |  12295.000 |   3250.000 |   350.000
   1165,   |  12380.400 |  13554.650 |   738.545 |  12285.000 |   3218.000 |   318.000
   1166,   |  12380.400 |  13600.153 |   743.043 |  12285.000 |   3218.000 |   318.000
   1167,   |  12380.400 |  13408.309 |   640.497 |  12285.000 |   3218.000 |   318.000
   1168,   |  12377.900 |  13326.717 |   671.975 |  12287.000 |   3203.000 |   303.000
   1169,   |  12377.900 |  13529.729 |   691.310 |  12287.000 |   3203.000 |   303.000
   1170,   |  12377.900 |  13431.751 |   721.648 |  12287.000 |   3203.000 |   303.000
   1171,   |  12377.900 |  13346.526 |   620.922 |  12287.000 |   3203.000 |   303.000
   1172,   |  12377.900 |  13474.788 |   809.680 |  12287.000 |   3203.000 |   303.000
   1173,   |  12377.900 |  13336.820 |   666.764 |  12287.000 |   3203.000 |   303.000
   1174,   |  12377.900 |  13239.189 |   685.160 |  12287.000 |   3203.000 |   303.000
   1175,   |  12374.400 |  13239.762 |   667.155 |  12282.000 |   3203.000 |   308.000
   1176,   |  12374.400 |  13300.792 |   579.301 |  12282.000 |   3203.000 |   308.000
   1177,   |  12374.400 |  13304.486 |   625.116 |  12282.000 |   3203.000 |   308.000
   1178,   |  12374.400 |  13326.960 |   683.489 |  12282.000 |   3203.000 |   308.000
   1179,   |  12374.400 |  13349.637 |   653.198 |  12282.000 |   3203.000 |   308.000
   1180,   |  12374.400 |  13308.890 |   732.338 |  12282.000 |   3203.000 |   308.000
   1181,   |  12374.400 |  13464.777 |   688.126 |  12282.000 |   3203.000 |   308.000
   1182,   |  12374.400 |  13305.329 |   715.810 |  12282.000 |   3203.000 |   308.000
   1183,   |  12374.400 |  13242.299 |   555.747 |  12282.000 |   3203.000 |   308.000
   1184,   |  12374.400 |  13367.793 |   685.144 |  12282.000 |   3203.000 |   308.000
   1185,   |  12374.400 |  13325.914 |   612.386 |  12282.000 |   3203.000 |   308.000
   1186,   |  12374.400 |  13534.337 |   641.881 |  12282.000 |   3203.000 |   308.000
   1187,   |  12374.400 |  13451.511 |   753.921 |  12282.000 |   3203.000 |   308.000
   1188,   |  12374.400 |  13354.886 |   658.461 |  12282.000 |   3203.000 |   308.000
   1189,   |  12374.400 |  13281.713 |   586.058 |  12282.000 |   3203.000 |   308.000
   1190,   |  12374.400 |  13376.986 |   598.564 |  12282.000 |   3203.000 |   308.000
   1191,   |  12374.400 |  13399.201 |   622.342 |  12282.000 |   3203.000 |   308.000
   1192,   |  12374.400 |  13383.020 |   757.327 |  12282.000 |   3203.000 |   308.000
   1193,   |  12374.400 |  13371.742 |   698.717 |  12282.000 |   3203.000 |   308.000
   1194,   |  12374.400 |  13498.996 |   656.720 |  12282.000 |   3203.000 |   308.000
   1195,   |  12374.400 |  13600.667 |   798.951 |  12282.000 |   3203.000 |   308.000
   1196,   |  12374.400 |  13517.949 |   715.140 |  12282.000 |   3203.000 |   308.000
   1197,   |  12374.400 |  13352.782 |   640.441 |  12282.000 |   3203.000 |   308.000
   1198,   |  12374.400 |  13219.810 |   569.183 |  12282.000 |   3203.000 |   308.000
   1199,   |  12374.400 |  13252.937 |   615.273 |  12282.000 |   3203.000 |   308.000
   1200,   |  12374.400 |  13204.194 |   663.893 |  12282.000 |   3203.000 |   308.000
   1201,   |  12374.400 |  13204.544 |   574.935 |  12282.000 |   3203.000 |   308.000
   1202,   |  12374.400 |  13227.139 |   618.446 |  12282.000 |   3203.000 |   308.000
   1203,   |  12373.100 |  13292.110 |   658.048 |  12281.000 |   3202.000 |   307.000
   1204,   |  12373.100 |  13369.225 |   715.562 |  12281.000 |   3202.000 |   307.000
   1205,   |  12373.100 |  13410.640 |   668.301 |  12281.000 |   3202.000 |   307.000
   1206,   |  12373.100 |  13342.981 |   639.375 |  12281.000 |   3202.000 |   307.000
   1207,   |  12373.100 |  13374.327 |   677.989 |  12281.000 |   3202.000 |   307.000
   1208,   |  12373.100 |  13266.674 |   531.097 |  12281.000 |   3202.000 |   307.000
   1209,   |  12313.400 |  13379.850 |   718.645 |  12221.000 |   3203.000 |   308.000
   1210,   |  12313.400 |  13295.446 |   660.700 |  12221.000 |   3203.000 |   308.000
   1211,   |  12313.400 |  13351.957 |   614.625 |  12221.000 |   3203.000 |   308.000
   1212,   |  12313.400 |  13365.329 |   667.580 |  12221.000 |   3203.000 |   308.000
   1213,   |  12313.400 |  13202.009 |   641.364 |  12221.000 |   3203.000 |   308.000
   1214,   |  12313.400 |  13399.580 |   647.681 |  12221.000 |   3203.000 |   308.000
   1215,   |  12313.400 |  13376.131 |   694.469 |  12221.000 |   3203.000 |   308.000
   1216,   |  12313.400 |  13291.841 |   731.473 |  12221.000 |   3203.000 |   308.000
   1217,   |  12313.400 |  13316.085 |   658.686 |  12221.000 |   3203.000 |   308.000
   1218,   |  12313.400 |  13405.411 |   706.393 |  12221.000 |   3203.000 |   308.000
   1219,   |  12308.800 |  13428.506 |   777.651 |  12211.000 |   3203.000 |   326.000
   1220,   |  12308.800 |  13387.015 |   660.146 |  12211.000 |   3203.000 |   326.000
   1221,   |  12308.800 |  13428.836 |   699.687 |  12211.000 |   3203.000 |   326.000
   1222,   |  12308.800 |  13371.878 |   726.047 |  12211.000 |   3203.000 |   326.000
   1223,   |  12308.800 |  13330.559 |   608.087 |  12211.000 |   3203.000 |   326.000
   1224,   |  12308.800 |  13332.123 |   591.493 |  12211.000 |   3203.000 |   326.000
   1225,   |  12305.800 |  13316.054 |   701.250 |  12208.000 |   3203.000 |   326.000
   1226,   |  12295.800 |  13220.184 |   628.894 |  12198.000 |   3203.000 |   326.000
   1227,   |  12295.800 |  13314.638 |   732.546 |  12198.000 |   3203.000 |   326.000
   1228,   |  12286.400 |  13249.040 |   624.226 |  12194.000 |   3203.000 |   308.000
   1229,   |  12286.400 |  13291.139 |   633.674 |  12194.000 |   3203.000 |   308.000
   1230,   |  12286.400 |  13318.412 |   726.607 |  12194.000 |   3203.000 |   308.000
   1231,   |  12286.400 |  13215.720 |   567.480 |  12194.000 |   3203.000 |   308.000
   1232,   |  12286.400 |  13524.707 |   763.085 |  12194.000 |   3203.000 |   308.000
   1233,   |  12286.400 |  13248.765 |   676.106 |  12194.000 |   3203.000 |   308.000
   1234,   |  12286.400 |  13179.099 |   644.469 |  12194.000 |   3203.000 |   308.000
   1235,   |  12286.400 |  13220.087 |   664.243 |  12194.000 |   3203.000 |   308.000
   1236,   |  12286.400 |  13230.835 |   640.837 |  12194.000 |   3203.000 |   308.000
   1237,   |  12286.400 |  13209.601 |   640.449 |  12194.000 |   3203.000 |   308.000
   1238,   |  12286.400 |  13189.872 |   669.904 |  12194.000 |   3203.000 |   308.000
   1239,   |  12286.400 |  13112.486 |   607.404 |  12194.000 |   3203.000 |   308.000
   1240,   |  12286.400 |  13267.905 |   693.713 |  12194.000 |   3203.000 |   308.000
   1241,   |  12286.400 |  13211.307 |   666.317 |  12194.000 |   3203.000 |   308.000
   1242,   |  12286.400 |  13395.563 |   826.239 |  12194.000 |   3203.000 |   308.000
   1243,   |  12286.400 |  13358.047 |   754.007 |  12194.000 |   3203.000 |   308.000
   1244,   |  12286.400 |  13381.058 |   724.715 |  12194.000 |   3203.000 |   308.000
   1245,   |  12286.400 |  13417.538 |   761.159 |  12194.000 |   3203.000 |   308.000
   1246,   |  12286.400 |  13468.304 |   737.235 |  12194.000 |   3203.000 |   308.000
   1247,   |  12286.400 |  13549.648 |   773.026 |  12194.000 |   3203.000 |   308.000
   1248,   |  12281.900 |  13465.558 |   709.761 |  12191.000 |   3198.000 |   303.000
   1249,   |  12281.900 |  13387.613 |   726.636 |  12191.000 |   3198.000 |   303.000
   1250,   |  12281.900 |  13330.040 |   582.634 |  12191.000 |   3198.000 |   303.000
   1251,   |  12281.900 |  13467.638 |   740.676 |  12191.000 |   3198.000 |   303.000
   1252,   |  12281.900 |  13581.006 |   788.762 |  12191.000 |   3198.000 |   303.000
   1253,   |  12281.900 |  13456.790 |   690.858 |  12191.000 |   3198.000 |   303.000
   1254,   |  12281.900 |  13533.524 |   750.789 |  12191.000 |   3198.000 |   303.000
   1255,   |  12281.900 |  13266.223 |   685.976 |  12191.000 |   3198.000 |   303.000
   1256,   |  12278.900 |  13301.965 |   675.021 |  12188.000 |   3198.000 |   303.000
   1257,   |  12278.900 |  13195.019 |   583.622 |  12188.000 |   3198.000 |   303.000
   1258,   |  12276.900 |  13292.802 |   685.791 |  12186.000 |   3198.000 |   303.000
   1259,   |  12276.900 |  13344.126 |   765.515 |  12186.000 |   3198.000 |   303.000
   1260,   |  12276.900 |  13143.455 |   663.168 |  12186.000 |   3198.000 |   303.000
   1261,   |  12276.900 |  13198.816 |   699.816 |  12186.000 |   3198.000 |   303.000
   1262,   |  12276.900 |  13157.000 |   634.635 |  12186.000 |   3198.000 |   303.000
   1263,   |  12276.900 |  13169.599 |   679.035 |  12186.000 |   3198.000 |   303.000
   1264,   |  12276.900 |  13219.191 |   574.886 |  12186.000 |   3198.000 |   303.000
   1265,   |  12276.900 |  13239.141 |   695.455 |  12186.000 |   3198.000 |   303.000
   1266,   |  12276.900 |  13312.149 |   626.165 |  12186.000 |   3198.000 |   303.000
   1267,   |  12276.900 |  13197.160 |   545.566 |  12186.000 |   3198.000 |   303.000
   1268,   |  12276.900 |  13276.807 |   670.578 |  12186.000 |   3198.000 |   303.000
   1269,   |  12276.900 |  13246.727 |   683.712 |  12186.000 |   3198.000 |   303.000
   1270,   |  12276.900 |  13171.766 |   609.085 |  12186.000 |   3198.000 |   303.000
   1271,   |  12276.900 |  13204.228 |   596.793 |  12186.000 |   3198.000 |   303.000
   1272,   |  12276.900 |  13172.546 |   598.906 |  12186.000 |   3198.000 |   303.000
   1273,   |  12276.900 |  13129.872 |   598.073 |  12186.000 |   3198.000 |   303.000
   1274,   |  12276.900 |  13139.338 |   603.165 |  12186.000 |   3198.000 |   303.000
   1275,   |  12276.900 |  13242.594 |   670.249 |  12186.000 |   3198.000 |   303.000
   1276,   |  12276.900 |  13237.878 |   583.178 |  12186.000 |   3198.000 |   303.000
   1277,   |  12260.700 |  13335.349 |   696.516 |  12162.000 |   3198.000 |   329.000
   1278,   |  12258.700 |  13286.178 |   701.485 |  12160.000 |   3198.000 |   329.000
   1279,   |  12258.700 |  13257.687 |   615.800 |  12160.000 |   3198.000 |   329.000
   1280,   |  12258.700 |  13300.350 |   712.081 |  12160.000 |   3198.000 |   329.000
   1281,   |  12258.700 |  13241.668 |   622.146 |  12160.000 |   3198.000 |   329.000
   1282,   |  12258.700 |  13169.486 |   644.626 |  12160.000 |   3198.000 |   329.000
   1283,   |  12258.700 |  13210.688 |   640.753 |  12160.000 |   3198.000 |   329.000
   1284,   |  12258.700 |  13308.018 |   670.651 |  12160.000 |   3198.000 |   329.000
   1285,   |  12258.700 |  13271.804 |   636.181 |  12160.000 |   3198.000 |   329.000
   1286,   |  12258.700 |  13166.790 |   604.903 |  12160.000 |   3198.000 |   329.000
   1287,   |  12258.700 |  13204.172 |   625.313 |  12160.000 |   3198.000 |   329.000
   1288,   |  12258.700 |  13251.879 |   645.824 |  12160.000 |   3198.000 |   329.000
   1289,   |  12258.700 |  13396.192 |   722.958 |  12160.000 |   3198.000 |   329.000
   1290,   |  12258.700 |  13418.059 |   723.841 |  12160.000 |   3198.000 |   329.000
   1291,   |  12258.700 |  13194.659 |   560.091 |  12160.000 |   3198.000 |   329.000
   1292,   |  12258.700 |  13309.526 |   660.916 |  12160.000 |   3198.000 |   329.000
   1293,   |  12258.700 |  13265.308 |   751.666 |  12160.000 |   3198.000 |   329.000
   1294,   |  12258.700 |  13346.272 |   777.697 |  12160.000 |   3198.000 |   329.000
   1295,   |  12258.700 |  13232.241 |   677.955 |  12160.000 |   3198.000 |   329.000
   1296,   |  12258.700 |  13286.664 |   621.035 |  12160.000 |   3198.000 |   329.000
   1297,   |  12258.700 |  13217.159 |   614.689 |  12160.000 |   3198.000 |   329.000
   1298,   |  12258.700 |  13340.247 |   696.558 |  12160.000 |   3198.000 |   329.000
   1299,   |  12258.700 |  13210.833 |   644.172 |  12160.000 |   3198.000 |   329.000
   1300,   |  12258.700 |  13250.904 |   680.338 |  12160.000 |   3198.000 |   329.000
   1301,   |  12258.700 |  13205.455 |   655.679 |  12160.000 |   3198.000 |   329.000
   1302,   |  12258.700 |  13058.052 |   667.302 |  12160.000 |   3198.000 |   329.000
   1303,   |  12258.700 |  13109.876 |   592.621 |  12160.000 |   3198.000 |   329.000
   1304,   |  12258.700 |  13252.185 |   632.173 |  12160.000 |   3198.000 |   329.000
   1305,   |  12258.700 |  13233.964 |   702.736 |  12160.000 |   3198.000 |   329.000
   1306,   |  12258.700 |  13251.656 |   705.197 |  12160.000 |   3198.000 |   329.000
   1307,   |  12258.700 |  13268.808 |   692.913 |  12160.000 |   3198.000 |   329.000
   1308,   |  12258.700 |  13338.131 |   678.559 |  12160.000 |   3198.000 |   329.000
   1309,   |  12258.700 |  13438.475 |   693.039 |  12160.000 |   3198.000 |   329.000
   1310,   |  12258.700 |  13591.012 |   764.012 |  12160.000 |   3198.000 |   329.000
   1311,   |  12242.100 |  13495.835 |   707.316 |  12120.000 |   3276.000 |   407.000
   1312,   |  12242.100 |  13344.924 |   733.738 |  12120.000 |   3276.000 |   407.000
   1313,   |  12242.100 |  13200.779 |   685.085 |  12120.000 |   3276.000 |   407.000
   1314,   |  12242.100 |  13284.563 |   678.567 |  12120.000 |   3276.000 |   407.000
   1315,   |  12242.100 |  13402.771 |   854.743 |  12120.000 |   3276.000 |   407.000
   1316,   |  12242.100 |  13413.021 |   656.007 |  12120.000 |   3276.000 |   407.000
   1317,   |  12242.100 |  13462.926 |   731.513 |  12120.000 |   3276.000 |   407.000
   1318,   |  12242.100 |  13382.515 |   762.893 |  12120.000 |   3276.000 |   407.000
   1319,   |  12242.100 |  13061.296 |   628.839 |  12120.000 |   3276.000 |   407.000
   1320,   |  12242.100 |  13137.758 |   588.427 |  12120.000 |   3276.000 |   407.000
   1321,   |  12242.100 |  13054.711 |   569.974 |  12120.000 |   3276.000 |   407.000
   1322,   |  12242.100 |  13155.948 |   628.312 |  12120.000 |   3276.000 |   407.000
   1323,   |  12242.100 |  13049.811 |   588.988 |  12120.000 |   3276.000 |   407.000
   1324,   |  12242.100 |  13128.165 |   641.342 |  12120.000 |   3276.000 |   407.000
   1325,   |  12242.100 |  13086.102 |   618.267 |  12120.000 |   3276.000 |   407.000
   1326,   |  12242.100 |  13105.847 |   651.775 |  12120.000 |   3276.000 |   407.000
   1327,   |  12242.100 |  13132.146 |   674.841 |  12120.000 |   3276.000 |   407.000
   1328,   |  12242.100 |  13069.193 |   594.715 |  12120.000 |   3276.000 |   407.000
   1329,   |  12242.100 |  13029.016 |   592.889 |  12120.000 |   3276.000 |   407.000
   1330,   |  12242.100 |  13069.386 |   586.035 |  12120.000 |   3276.000 |   407.000
   1331,   |  12242.100 |  13138.996 |   598.028 |  12120.000 |   3276.000 |   407.000
   1332,   |  12242.100 |  13155.678 |   653.266 |  12120.000 |   3276.000 |   407.000
   1333,   |  12242.100 |  12998.202 |   607.235 |  12120.000 |   3276.000 |   407.000
   1334,   |  12242.100 |  13192.026 |   688.020 |  12120.000 |   3276.000 |   407.000
   1335,   |  12242.100 |  13002.540 |   580.968 |  12120.000 |   3276.000 |   407.000
   1336,   |  12242.100 |  13195.207 |   657.493 |  12120.000 |   3276.000 |   407.000
   1337,   |  12242.100 |  12971.858 |   579.357 |  12120.000 |   3276.000 |   407.000
   1338,   |  12242.100 |  13072.999 |   617.058 |  12120.000 |   3276.000 |   407.000
   1339,   |  12242.100 |  13134.215 |   540.602 |  12120.000 |   3276.000 |   407.000
   1340,   |  12242.100 |  13241.631 |   681.523 |  12120.000 |   3276.000 |   407.000
   1341,   |  12242.100 |  13170.251 |   604.327 |  12120.000 |   3276.000 |   407.000
   1342,   |  12242.100 |  13028.724 |   525.905 |  12120.000 |   3276.000 |   407.000
   1343,   |  12242.100 |  13148.071 |   641.422 |  12120.000 |   3276.000 |   407.000
   1344,   |  12242.100 |  13153.422 |   617.612 |  12120.000 |   3276.000 |   407.000
   1345,   |  12211.600 |  13108.946 |   636.212 |  12082.000 |   3276.000 |   432.000
   1346,   |  12183.500 |  13007.090 |   623.092 |  12056.000 |   3276.000 |   425.000
   1347,   |  12183.500 |  13107.547 |   637.695 |  12056.000 |   3276.000 |   425.000
   1348,   |  12163.100 |  12997.534 |   600.694 |  12041.000 |   3276.000 |   407.000
   1349,   |  12163.100 |  13015.811 |   568.584 |  12041.000 |   3276.000 |   407.000
   1350,   |  12163.100 |  13010.851 |   586.481 |  12041.000 |   3276.000 |   407.000
   1351,   |  12163.100 |  13131.734 |   632.937 |  12041.000 |   3276.000 |   407.000
   1352,   |  12163.100 |  13165.173 |   635.568 |  12041.000 |   3276.000 |   407.000
   1353,   |  12163.100 |  13165.504 |   713.707 |  12041.000 |   3276.000 |   407.000
   1354,   |  12163.100 |  13090.713 |   654.421 |  12041.000 |   3276.000 |   407.000
   1355,   |  12163.100 |  12994.168 |   533.692 |  12041.000 |   3276.000 |   407.000
   1356,   |  12163.100 |  13090.886 |   611.621 |  12041.000 |   3276.000 |   407.000
   1357,   |  12163.100 |  13004.819 |   534.644 |  12041.000 |   3276.000 |   407.000
   1358,   |  12163.100 |  13084.560 |   552.535 |  12041.000 |   3276.000 |   407.000
   1359,   |  12163.100 |  13041.990 |   781.336 |  12041.000 |   3276.000 |   407.000
   1360,   |  12150.400 |  12952.568 |   569.620 |  12028.000 |   3259.000 |   408.000
   1361,   |  12150.400 |  13027.712 |   558.072 |  12028.000 |   3259.000 |   408.000
   1362,   |  12150.400 |  13015.147 |   653.640 |  12028.000 |   3259.000 |   408.000
   1363,   |  12148.500 |  13013.665 |   606.938 |  12021.000 |   3276.000 |   425.000
   1364,   |  12113.900 |  12870.287 |   538.185 |  11987.000 |   3259.000 |   423.000
   1365,   |  12113.900 |  12967.174 |   613.108 |  11987.000 |   3259.000 |   423.000
   1366,   |  12113.900 |  13041.549 |   592.334 |  11987.000 |   3259.000 |   423.000
   1367,   |  12078.000 |  13022.624 |   693.149 |  11946.000 |   3254.000 |   440.000
   1368,   |  12078.000 |  13019.825 |   541.531 |  11946.000 |   3254.000 |   440.000
   1369,   |  12074.500 |  12870.890 |   569.610 |  11959.000 |   3254.000 |   385.000
   1370,   |  12074.500 |  12879.433 |   560.539 |  11959.000 |   3254.000 |   385.000
   1371,   |  12074.500 |  12977.836 |   561.846 |  11959.000 |   3254.000 |   385.000
   1372,   |  12074.500 |  12940.544 |   626.188 |  11959.000 |   3254.000 |   385.000
   1373,   |  12074.500 |  13111.126 |   600.933 |  11959.000 |   3254.000 |   385.000
   1374,   |  12074.500 |  13180.088 |   629.976 |  11959.000 |   3254.000 |   385.000
   1375,   |  12074.500 |  13114.077 |   740.718 |  11959.000 |   3254.000 |   385.000
   1376,   |  12074.500 |  12928.427 |   548.184 |  11959.000 |   3254.000 |   385.000
   1377,   |  12074.500 |  12891.878 |   595.042 |  11959.000 |   3254.000 |   385.000
   1378,   |  12063.500 |  13065.273 |   664.920 |  11948.000 |   3254.000 |   385.000
   1379,   |  12063.500 |  12946.588 |   592.844 |  11948.000 |   3254.000 |   385.000
   1380,   |  12063.500 |  12954.226 |   621.872 |  11948.000 |   3254.000 |   385.000
   1381,   |  12063.500 |  13031.997 |   651.084 |  11948.000 |   3254.000 |   385.000
   1382,   |  12063.500 |  13053.299 |   760.476 |  11948.000 |   3254.000 |   385.000
   1383,   |  12063.500 |  12895.072 |   608.461 |  11948.000 |   3254.000 |   385.000
   1384,   |  12063.500 |  12930.444 |   645.325 |  11948.000 |   3254.000 |   385.000
   1385,   |  12058.900 |  12947.473 |   567.674 |  11935.000 |   3211.000 |   413.000
   1386,   |  12058.900 |  13020.735 |   605.379 |  11935.000 |   3211.000 |   413.000
   1387,   |  12018.600 |  13052.218 |   648.610 |  11937.000 |   3141.000 |   272.000
   1388,   |  12018.600 |  13149.774 |   740.999 |  11937.000 |   3141.000 |   272.000
   1389,   |  12018.600 |  13064.523 |   625.685 |  11937.000 |   3141.000 |   272.000
   1390,   |  12018.600 |  13030.976 |   640.350 |  11937.000 |   3141.000 |   272.000
   1391,   |  12018.600 |  13081.425 |   684.521 |  11937.000 |   3141.000 |   272.000
   1392,   |  12018.600 |  12928.308 |   607.847 |  11937.000 |   3141.000 |   272.000
   1393,   |  12018.600 |  12946.443 |   626.531 |  11937.000 |   3141.000 |   272.000
   1394,   |  12018.600 |  13040.261 |   732.514 |  11937.000 |   3141.000 |   272.000
   1395,   |  12018.600 |  12922.451 |   581.414 |  11937.000 |   3141.000 |   272.000
   1396,   |  12018.600 |  13046.132 |   668.430 |  11937.000 |   3141.000 |   272.000
   1397,   |  12018.600 |  12905.792 |   680.544 |  11937.000 |   3141.000 |   272.000
   1398,   |  12018.600 |  13088.176 |   792.548 |  11937.000 |   3141.000 |   272.000
   1399,   |  12018.600 |  12871.737 |   597.976 |  11937.000 |   3141.000 |   272.000
   1400,   |  12018.600 |  12930.031 |   654.454 |  11937.000 |   3141.000 |   272.000
   1401,   |  12018.600 |  12893.803 |   586.727 |  11937.000 |   3141.000 |   272.000
   1402,   |  12018.600 |  12970.272 |   651.059 |  11937.000 |   3141.000 |   272.000
   1403,   |  12018.600 |  13031.737 |   705.812 |  11937.000 |   3141.000 |   272.000
   1404,   |  12018.600 |  12991.551 |   605.004 |  11937.000 |   3141.000 |   272.000
   1405,   |  12018.600 |  13112.365 |   790.182 |  11937.000 |   3141.000 |   272.000
   1406,   |  12018.600 |  12941.786 |   673.810 |  11937.000 |   3141.000 |   272.000
   1407,   |  12018.600 |  13030.563 |   616.962 |  11937.000 |   3141.000 |   272.000
   1408,   |  12018.600 |  12939.381 |   627.765 |  11937.000 |   3141.000 |   272.000
   1409,   |  12015.900 |  13007.159 |   648.951 |  11922.000 |   3141.000 |   313.000
   1410,   |  12015.900 |  13057.402 |   672.479 |  11922.000 |   3141.000 |   313.000
   1411,   |  12015.900 |  13016.900 |   634.568 |  11922.000 |   3141.000 |   313.000
   1412,   |  12015.900 |  13070.499 |   640.851 |  11922.000 |   3141.000 |   313.000
   1413,   |  12015.900 |  13034.597 |   703.694 |  11922.000 |   3141.000 |   313.000
   1414,   |  12015.900 |  12994.242 |   687.618 |  11922.000 |   3141.000 |   313.000
   1415,   |  12015.900 |  13128.329 |   781.362 |  11922.000 |   3141.000 |   313.000
   1416,   |  12015.900 |  13017.555 |   635.693 |  11922.000 |   3141.000 |   313.000
   1417,   |  12015.900 |  13044.979 |   668.267 |  11922.000 |   3141.000 |   313.000
   1418,   |  12015.900 |  13054.400 |   744.062 |  11922.000 |   3141.000 |   313.000
   1419,   |  12015.900 |  13127.966 |   793.189 |  11922.000 |   3141.000 |   313.000
   1420,   |  12015.900 |  13071.956 |   664.875 |  11922.000 |   3141.000 |   313.000
   1421,   |  12015.900 |  13217.700 |   783.456 |  11922.000 |   3141.000 |   313.000
   1422,   |  12015.900 |  12983.671 |   618.233 |  11922.000 |   3141.000 |   313.000
   1423,   |  12015.900 |  12980.402 |   692.277 |  11922.000 |   3141.000 |   313.000
   1424,   |  12015.900 |  13025.538 |   661.835 |  11922.000 |   3141.000 |   313.000
   1425,   |  12015.900 |  13026.767 |   646.951 |  11922.000 |   3141.000 |   313.000
   1426,   |  12015.900 |  12914.772 |   575.814 |  11922.000 |   3141.000 |   313.000
   1427,   |  12015.900 |  12898.682 |   627.203 |  11922.000 |   3141.000 |   313.000
   1428,   |  12015.900 |  12893.887 |   647.285 |  11922.000 |   3141.000 |   313.000
   1429,   |  12015.900 |  12944.252 |   672.808 |  11922.000 |   3141.000 |   313.000
   1430,   |  12015.900 |  12815.336 |   636.650 |  11922.000 |   3141.000 |   313.000
   1431,   |  12015.900 |  12995.189 |   714.020 |  11922.000 |   3141.000 |   313.000
   1432,   |  12015.900 |  13068.553 |   705.113 |  11922.000 |   3141.000 |   313.000
   1433,   |  12015.900 |  13048.575 |   665.190 |  11922.000 |   3141.000 |   313.000
   1434,   |  12015.900 |  13083.800 |   741.369 |  11922.000 |   3141.000 |   313.000
   1435,   |  12015.900 |  13027.277 |   653.097 |  11922.000 |   3141.000 |   313.000
   1436,   |  12015.900 |  13105.856 |   750.720 |  11922.000 |   3141.000 |   313.000
   1437,   |  12015.900 |  12939.444 |   669.913 |  11922.000 |   3141.000 |   313.000
   1438,   |  12015.900 |  12980.102 |   732.576 |  11922.000 |   3141.000 |   313.000
   1439,   |  12015.900 |  12889.644 |   668.342 |  11922.000 |   3141.000 |   313.000
   1440,   |  12015.900 |  12868.058 |   634.868 |  11922.000 |   3141.000 |   313.000
   1441,   |  12015.900 |  12849.883 |   564.295 |  11922.000 |   3141.000 |   313.000
   1442,   |  12015.900 |  12851.567 |   592.019 |  11922.000 |   3141.000 |   313.000
   1443,   |  12015.900 |  12944.326 |   624.280 |  11922.000 |   3141.000 |   313.000
   1444,   |  12015.900 |  12923.426 |   630.651 |  11922.000 |   3141.000 |   313.000
   1445,   |  12015.900 |  12867.260 |   630.300 |  11922.000 |   3141.000 |   313.000
   1446,   |  12012.900 |  12882.740 |   600.690 |  11910.000 |   3141.000 |   343.000
   1447,   |  12012.900 |  13030.247 |   614.358 |  11910.000 |   3141.000 |   343.000
   1448,   |  12012.900 |  12955.046 |   621.960 |  11910.000 |   3141.000 |   343.000
   1449,   |  12012.900 |  12899.012 |   547.341 |  11910.000 |   3141.000 |   343.000
   1450,   |  12012.900 |  12980.464 |   643.533 |  11910.000 |   3141.000 |   343.000
   1451,   |  12012.900 |  12993.040 |   584.714 |  11910.000 |   3141.000 |   343.000
   1452,   |  12012.900 |  12981.342 |   594.515 |  11910.000 |   3141.000 |   343.000
   1453,   |  12012.900 |  12970.395 |   642.274 |  11910.000 |   3141.000 |   343.000
   1454,   |  12012.900 |  12906.459 |   627.425 |  11910.000 |   3141.000 |   343.000
   1455,   |  12012.900 |  12936.316 |   610.772 |  11910.000 |   3141.000 |   343.000
   1456,   |  11925.200 |  12924.633 |   646.424 |  11834.000 |   3102.000 |   304.000
   1457,   |  11925.200 |  12925.834 |   647.213 |  11834.000 |   3102.000 |   304.000
   1458,   |  11925.200 |  12837.897 |   607.061 |  11834.000 |   3102.000 |   304.000
   1459,   |  11925.200 |  12858.241 |   666.324 |  11834.000 |   3102.000 |   304.000
   1460,   |  11922.400 |  12949.181 |   704.196 |  11845.000 |   3102.000 |   258.000
   1461,   |  11922.400 |  12903.845 |   650.424 |  11845.000 |   3102.000 |   258.000
   1462,   |  11922.400 |  12961.152 |   700.593 |  11845.000 |   3102.000 |   258.000
   1463,   |  11922.400 |  12843.394 |   636.482 |  11845.000 |   3102.000 |   258.000
   1464,   |  11900.600 |  12860.928 |   689.147 |  11813.000 |   3102.000 |   292.000
   1465,   |  11900.600 |  12756.612 |   644.811 |  11813.000 |   3102.000 |   292.000
   1466,   |  11900.600 |  12783.311 |   621.154 |  11813.000 |   3102.000 |   292.000
   1467,   |  11900.600 |  12986.655 |   731.295 |  11813.000 |   3102.000 |   292.000
   1468,   |  11833.100 |  12922.436 |   630.819 |  11720.000 |   3103.000 |   377.000
   1469,   |  11833.100 |  12900.523 |   664.264 |  11720.000 |   3103.000 |   377.000
   1470,   |  11818.500 |  12896.500 |   658.969 |  11712.000 |   3103.000 |   355.000
   1471,   |  11818.500 |  12867.958 |   683.185 |  11712.000 |   3103.000 |   355.000
   1472,   |  11818.500 |  12776.528 |   647.414 |  11712.000 |   3103.000 |   355.000
   1473,   |  11818.500 |  12737.310 |   623.114 |  11712.000 |   3103.000 |   355.000
   1474,   |  11818.500 |  12841.396 |   659.307 |  11712.000 |   3103.000 |   355.000
   1475,   |  11777.900 |  12786.320 |   696.506 |  11714.000 |   3033.000 |   213.000
   1476,   |  11777.900 |  12705.639 |   639.482 |  11714.000 |   3033.000 |   213.000
   1477,   |  11777.900 |  12672.531 |   573.210 |  11714.000 |   3033.000 |   213.000
   1478,   |  11777.900 |  12633.862 |   685.429 |  11714.000 |   3033.000 |   213.000
   1479,   |  11777.900 |  12730.588 |   628.945 |  11714.000 |   3033.000 |   213.000
   1480,   |  11777.900 |  12635.223 |   594.251 |  11714.000 |   3033.000 |   213.000
   1481,   |  11777.900 |  12727.125 |   636.044 |  11714.000 |   3033.000 |   213.000
   1482,   |  11777.900 |  12814.107 |   653.056 |  11714.000 |   3033.000 |   213.000
   1483,   |  11777.900 |  12892.300 |   674.735 |  11714.000 |   3033.000 |   213.000
   1484,   |  11777.900 |  12902.205 |   692.996 |  11714.000 |   3033.000 |   213.000
   1485,   |  11761.900 |  12705.650 |   671.519 |  11698.000 |   3033.000 |   213.000
   1486,   |  11761.900 |  12774.285 |   692.003 |  11698.000 |   3033.000 |   213.000
   1487,   |  11761.900 |  12631.531 |   652.107 |  11698.000 |   3033.000 |   213.000
   1488,   |  11761.900 |  12677.849 |   643.984 |  11698.000 |   3033.000 |   213.000
   1489,   |  11761.900 |  12639.418 |   534.103 |  11698.000 |   3033.000 |   213.000
   1490,   |  11761.900 |  12769.988 |   628.234 |  11698.000 |   3033.000 |   213.000
   1491,   |  11761.900 |  12791.168 |   619.009 |  11698.000 |   3033.000 |   213.000
   1492,   |  11761.900 |  12672.703 |   697.716 |  11698.000 |   3033.000 |   213.000
   1493,   |  11761.900 |  12633.788 |   673.124 |  11698.000 |   3033.000 |   213.000
   1494,   |  11746.900 |  12781.485 |   618.230 |  11677.000 |   3034.000 |   233.000
   1495,   |  11746.900 |  12770.280 |   693.324 |  11677.000 |   3034.000 |   233.000
   1496,   |  11746.900 |  12780.449 |   650.711 |  11677.000 |   3034.000 |   233.000
   1497,   |  11743.800 |  12685.759 |   570.768 |  11673.000 |   3034.000 |   236.000
   1498,   |  11743.800 |  12611.243 |   584.769 |  11673.000 |   3034.000 |   236.000
   1499,   |  11743.800 |  12708.037 |   657.418 |  11673.000 |   3034.000 |   236.000
   1500,   |  11743.800 |  12549.729 |   551.615 |  11673.000 |   3034.000 |   236.000
   1501,   |  11743.800 |  12628.896 |   615.233 |  11673.000 |   3034.000 |   236.000
   1502,   |  11743.800 |  12725.922 |   558.722 |  11673.000 |   3034.000 |   236.000
   1503,   |  11743.800 |  12570.308 |   559.225 |  11673.000 |   3034.000 |   236.000
   1504,   |  11743.800 |  12644.042 |   580.646 |  11673.000 |   3034.000 |   236.000
   1505,   |  11743.800 |  12671.876 |   557.129 |  11673.000 |   3034.000 |   236.000
   1506,   |  11743.800 |  12603.346 |   608.549 |  11673.000 |   3034.000 |   236.000
   1507,   |  11739.400 |  12699.175 |   631.201 |  11665.000 |   3046.000 |   248.000
   1508,   |  11739.400 |  12608.589 |   663.322 |  11665.000 |   3046.000 |   248.000
   1509,   |  11739.400 |  12583.541 |   694.714 |  11665.000 |   3046.000 |   248.000
   1510,   |  11739.400 |  12657.212 |   700.153 |  11665.000 |   3046.000 |   248.000
   1511,   |  11704.800 |  12596.354 |   648.868 |  11640.000 |   3017.000 |   216.000
   1512,   |  11704.800 |  12620.925 |   642.514 |  11640.000 |   3017.000 |   216.000
   1513,   |  11704.800 |  12573.358 |   631.501 |  11640.000 |   3017.000 |   216.000
   1514,   |  11701.700 |  12741.952 |   734.792 |  11636.000 |   3017.000 |   219.000
   1515,   |  11701.700 |  12723.895 |   751.652 |  11636.000 |   3017.000 |   219.000
   1516,   |  11701.700 |  12731.809 |   605.403 |  11636.000 |   3017.000 |   219.000
   1517,   |  11701.700 |  12745.938 |   672.119 |  11636.000 |   3017.000 |   219.000
   1518,   |  11701.700 |  12721.121 |   656.786 |  11636.000 |   3017.000 |   219.000
   1519,   |  11701.700 |  12749.717 |   677.939 |  11636.000 |   3017.000 |   219.000
   1520,   |  11701.700 |  12838.907 |   685.734 |  11636.000 |   3017.000 |   219.000
   1521,   |  11701.700 |  12770.521 |   691.352 |  11636.000 |   3017.000 |   219.000
   1522,   |  11701.700 |  12656.545 |   598.561 |  11636.000 |   3017.000 |   219.000
   1523,   |  11701.700 |  12697.750 |   627.302 |  11636.000 |   3017.000 |   219.000
   1524,   |  11701.700 |  12660.085 |   549.343 |  11636.000 |   3017.000 |   219.000
   1525,   |  11701.700 |  12631.210 |   537.507 |  11636.000 |   3017.000 |   219.000
   1526,   |  11701.700 |  12767.214 |   606.692 |  11636.000 |   3017.000 |   219.000
   1527,   |  11701.700 |  12862.736 |   654.553 |  11636.000 |   3017.000 |   219.000
   1528,   |  11701.700 |  12778.729 |   670.425 |  11636.000 |   3017.000 |   219.000
   1529,   |  11701.700 |  12827.610 |   700.580 |  11636.000 |   3017.000 |   219.000
   1530,   |  11701.700 |  12769.678 |   617.058 |  11636.000 |   3017.000 |   219.000
   1531,   |  11701.700 |  12776.723 |   696.041 |  11636.000 |   3017.000 |   219.000
   1532,   |  11701.700 |  12590.273 |   622.322 |  11636.000 |   3017.000 |   219.000
   1533,   |  11701.700 |  12663.832 |   661.083 |  11636.000 |   3017.000 |   219.000
   1534,   |  11701.700 |  12574.248 |   640.984 |  11636.000 |   3017.000 |   219.000
   1535,   |  11701.700 |  12629.414 |   579.997 |  11636.000 |   3017.000 |   219.000
   1536,   |  11701.700 |  12623.618 |   652.527 |  11636.000 |   3017.000 |   219.000
   1537,   |  11701.700 |  12642.285 |   602.799 |  11636.000 |   3017.000 |   219.000
   1538,   |  11701.700 |  12648.572 |   675.684 |  11636.000 |   3017.000 |   219.000
   1539,   |  11701.700 |  12674.196 |   615.338 |  11636.000 |   3017.000 |   219.000
   1540,   |  11701.700 |  12790.905 |   625.035 |  11636.000 |   3017.000 |   219.000
   1541,   |  11701.700 |  12753.750 |   577.580 |  11636.000 |   3017.000 |   219.000
   1542,   |  11701.700 |  12782.745 |   751.931 |  11636.000 |   3017.000 |   219.000
   1543,   |  11701.700 |  12789.896 |   672.975 |  11636.000 |   3017.000 |   219.000
   1544,   |  11701.700 |  12737.910 |   739.090 |  11636.000 |   3017.000 |   219.000
   1545,   |  11698.500 |  12750.029 |   677.507 |  11634.000 |   3016.000 |   215.000
   1546,   |  11698.500 |  12891.866 |   692.494 |  11634.000 |   3016.000 |   215.000
   1547,   |  11698.500 |  12784.086 |   686.220 |  11634.000 |   3016.000 |   215.000
   1548,   |  11698.500 |  12799.733 |   732.917 |  11634.000 |   3016.000 |   215.000
   1549,   |  11698.500 |  12674.579 |   753.470 |  11634.000 |   3016.000 |   215.000
   1550,   |  11698.500 |  12609.445 |   689.318 |  11634.000 |   3016.000 |   215.000
   1551,   |  11698.500 |  12536.668 |   625.223 |  11634.000 |   3016.000 |   215.000
   1552,   |  11698.500 |  12724.215 |   676.985 |  11634.000 |   3016.000 |   215.000
   1553,   |  11698.500 |  12680.291 |   665.342 |  11634.000 |   3016.000 |   215.000
   1554,   |  11698.500 |  12813.435 |   767.881 |  11634.000 |   3016.000 |   215.000
   1555,   |  11698.500 |  12653.848 |   659.624 |  11634.000 |   3016.000 |   215.000
   1556,   |  11691.200 |  12724.334 |   687.134 |  11621.000 |   3017.000 |   234.000
   1557,   |  11691.200 |  12592.509 |   555.524 |  11621.000 |   3017.000 |   234.000
   1558,   |  11691.200 |  12781.552 |   714.719 |  11621.000 |   3017.000 |   234.000
   1559,   |  11691.200 |  12804.370 |   741.718 |  11621.000 |   3017.000 |   234.000
   1560,   |  11691.200 |  12800.790 |   736.297 |  11621.000 |   3017.000 |   234.000
   1561,   |  11687.800 |  12727.389 |   657.285 |  11623.000 |   3017.000 |   216.000
   1562,   |  11687.800 |  12616.793 |   689.352 |  11623.000 |   3017.000 |   216.000
   1563,   |  11687.800 |  12663.702 |   610.288 |  11623.000 |   3017.000 |   216.000
   1564,   |  11687.800 |  12624.850 |   654.664 |  11623.000 |   3017.000 |   216.000
   1565,   |  11687.800 |  12652.478 |   675.564 |  11623.000 |   3017.000 |   216.000
   1566,   |  11687.800 |  12531.452 |   622.886 |  11623.000 |   3017.000 |   216.000
   1567,   |  11687.800 |  12554.445 |   563.525 |  11623.000 |   3017.000 |   216.000
   1568,   |  11687.800 |  12586.320 |   578.458 |  11623.000 |   3017.000 |   216.000
   1569,   |  11687.800 |  12712.035 |   614.740 |  11623.000 |   3017.000 |   216.000
   1570,   |  11687.800 |  12780.331 |   667.956 |  11623.000 |   3017.000 |   216.000
   1571,   |  11687.800 |  12845.328 |   790.921 |  11623.000 |   3017.000 |   216.000
   1572,   |  11687.800 |  12637.903 |   620.927 |  11623.000 |   3017.000 |   216.000
   1573,   |  11687.800 |  12656.438 |   649.340 |  11623.000 |   3017.000 |   216.000
   1574,   |  11687.800 |  12555.067 |   568.958 |  11623.000 |   3017.000 |   216.000
   1575,   |  11687.800 |  12661.864 |   616.135 |  11623.000 |   3017.000 |   216.000
   1576,   |  11687.800 |  12745.738 |   699.288 |  11623.000 |   3017.000 |   216.000
   1577,   |  11687.800 |  12767.602 |   730.844 |  11623.000 |   3017.000 |   216.000
   1578,   |  11687.800 |  12886.283 |   723.548 |  11623.000 |   3017.000 |   216.000
   1579,   |  11687.800 |  12848.420 |   850.528 |  11623.000 |   3017.000 |   216.000
   1580,   |  11687.800 |  12690.192 |   590.973 |  11623.000 |   3017.000 |   216.000
   1581,   |  11687.800 |  12681.519 |   674.453 |  11623.000 |   3017.000 |   216.000
   1582,   |  11687.800 |  12748.667 |   705.628 |  11623.000 |   3017.000 |   216.000
   1583,   |  11687.800 |  12710.822 |   692.278 |  11623.000 |   3017.000 |   216.000
   1584,   |  11687.800 |  12492.347 |   616.008 |  11623.000 |   3017.000 |   216.000
   1585,   |  11687.800 |  12578.135 |   669.158 |  11623.000 |   3017.000 |   216.000
   1586,   |  11687.800 |  12525.360 |   738.202 |  11623.000 |   3017.000 |   216.000
   1587,   |  11687.800 |  12592.872 |   617.432 |  11623.000 |   3017.000 |   216.000
   1588,   |  11687.800 |  12639.129 |   649.919 |  11623.000 |   3017.000 |   216.000
   1589,   |  11687.800 |  12656.100 |   736.770 |  11623.000 |   3017.000 |   216.000
   1590,   |  11687.800 |  12621.970 |   640.852 |  11623.000 |   3017.000 |   216.000
   1591,   |  11687.800 |  12684.653 |   715.156 |  11623.000 |   3017.000 |   216.000
   1592,   |  11687.800 |  12591.242 |   686.659 |  11623.000 |   3017.000 |   216.000
   1593,   |  11687.800 |  12593.951 |   690.821 |  11623.000 |   3017.000 |   216.000
   1594,   |  11687.800 |  12465.326 |   586.017 |  11623.000 |   3017.000 |   216.000
   1595,   |  11687.800 |  12540.396 |   604.436 |  11623.000 |   3017.000 |   216.000
   1596,   |  11647.600 |  12585.816 |   629.876 |  11578.000 |   3003.000 |   232.000
   1597,   |  11647.600 |  12588.120 |   643.948 |  11578.000 |   3003.000 |   232.000
   1598,   |  11644.800 |  12620.539 |   608.881 |  11547.000 |   3035.000 |   326.000
   1599,   |  11644.800 |  12709.383 |   631.547 |  11547.000 |   3035.000 |   326.000
   1600,   |  11632.900 |  12750.775 |   696.505 |  11548.000 |   3002.000 |   283.000
   1601,   |  11591.000 |  12605.016 |   681.695 |  11528.000 |   3002.000 |   210.000
   1602,   |  11591.000 |  12787.133 |   712.898 |  11528.000 |   3002.000 |   210.000
   1603,   |  11591.000 |  12785.137 |   747.615 |  11528.000 |   3002.000 |   210.000
   1604,   |  11591.000 |  12839.169 |   754.076 |  11528.000 |   3002.000 |   210.000
   1605,   |  11591.000 |  12868.121 |   738.287 |  11528.000 |   3002.000 |   210.000
   1606,   |  11591.000 |  12714.533 |   775.656 |  11528.000 |   3002.000 |   210.000
   1607,   |  11591.000 |  12752.735 |   650.331 |  11528.000 |   3002.000 |   210.000
   1608,   |  11591.000 |  12707.833 |   728.566 |  11528.000 |   3002.000 |   210.000
   1609,   |  11591.000 |  12693.206 |   652.833 |  11528.000 |   3002.000 |   210.000
   1610,   |  11591.000 |  12671.017 |   667.080 |  11528.000 |   3002.000 |   210.000
   1611,   |  11591.000 |  12662.965 |   656.795 |  11528.000 |   3002.000 |   210.000
   1612,   |  11591.000 |  12766.230 |   841.125 |  11528.000 |   3002.000 |   210.000
   1613,   |  11591.000 |  12642.876 |   672.023 |  11528.000 |   3002.000 |   210.000
   1614,   |  11591.000 |  12563.000 |   663.003 |  11528.000 |   3002.000 |   210.000
   1615,   |  11591.000 |  12494.494 |   622.354 |  11528.000 |   3002.000 |   210.000
   1616,   |  11591.000 |  12529.669 |   616.124 |  11528.000 |   3002.000 |   210.000
   1617,   |  11591.000 |  12540.475 |   652.907 |  11528.000 |   3002.000 |   210.000
   1618,   |  11591.000 |  12689.917 |   735.162 |  11528.000 |   3002.000 |   210.000
   1619,   |  11591.000 |  12607.737 |   714.411 |  11528.000 |   3002.000 |   210.000
   1620,   |  11591.000 |  12566.047 |   661.907 |  11528.000 |   3002.000 |   210.000
   1621,   |  11591.000 |  12619.510 |   757.511 |  11528.000 |   3002.000 |   210.000
   1622,   |  11591.000 |  12529.481 |   631.799 |  11528.000 |   3002.000 |   210.000
   1623,   |  11591.000 |  12550.945 |   777.711 |  11528.000 |   3002.000 |   210.000
   1624,   |  11591.000 |  12405.390 |   566.936 |  11528.000 |   3002.000 |   210.000
   1625,   |  11591.000 |  12408.035 |   640.042 |  11528.000 |   3002.000 |   210.000
   1626,   |  11591.000 |  12443.926 |   565.993 |  11528.000 |   3002.000 |   210.000
   1627,   |  11591.000 |  12494.849 |   659.773 |  11528.000 |   3002.000 |   210.000
   1628,   |  11573.400 |  12414.452 |   638.763 |  11502.000 |   3002.000 |   238.000
   1629,   |  11573.400 |  12291.506 |   518.465 |  11502.000 |   3002.000 |   238.000
   1630,   |  11573.400 |  12487.136 |   715.468 |  11502.000 |   3002.000 |   238.000
   1631,   |  11566.000 |  12598.334 |   612.005 |  11500.000 |   3002.000 |   220.000
   1632,   |  11566.000 |  12608.326 |   652.974 |  11500.000 |   3002.000 |   220.000
   1633,   |  11562.400 |  12506.864 |   630.043 |  11491.000 |   3002.000 |   238.000
   1634,   |  11562.400 |  12440.655 |   673.041 |  11491.000 |   3002.000 |   238.000
   1635,   |  11562.400 |  12479.107 |   606.869 |  11491.000 |   3002.000 |   238.000
   1636,   |  11562.400 |  12461.682 |   608.863 |  11491.000 |   3002.000 |   238.000
   1637,   |  11562.400 |  12512.116 |   699.433 |  11491.000 |   3002.000 |   238.000
   1638,   |  11562.400 |  12461.943 |   625.898 |  11491.000 |   3002.000 |   238.000
   1639,   |  11558.000 |  12537.025 |   712.525 |  11489.000 |   3002.000 |   230.000
   1640,   |  11558.000 |  12570.502 |   710.780 |  11489.000 |   3002.000 |   230.000
   1641,   |  11528.800 |  12613.279 |   737.131 |  11443.000 |   3002.000 |   286.000
   1642,   |  11528.800 |  12606.821 |   697.584 |  11443.000 |   3002.000 |   286.000
   1643,   |  11521.400 |  12643.422 |   668.459 |  11441.000 |   3002.000 |   268.000
   1644,   |  11521.400 |  12555.932 |   640.641 |  11441.000 |   3002.000 |   268.000
   1645,   |  11521.400 |  12691.185 |   805.651 |  11441.000 |   3002.000 |   268.000
   1646,   |  11521.400 |  12482.621 |   634.984 |  11441.000 |   3002.000 |   268.000
   1647,   |  11521.400 |  12584.513 |   688.702 |  11441.000 |   3002.000 |   268.000
   1648,   |  11521.400 |  12692.172 |   807.214 |  11441.000 |   3002.000 |   268.000
   1649,   |  11521.400 |  12672.475 |   734.187 |  11441.000 |   3002.000 |   268.000
   1650,   |  11521.400 |  12758.495 |   722.129 |  11441.000 |   3002.000 |   268.000
   1651,   |  11521.400 |  12578.489 |   662.685 |  11441.000 |   3002.000 |   268.000
   1652,   |  11521.400 |  12524.472 |   674.146 |  11441.000 |   3002.000 |   268.000
   1653,   |  11521.400 |  12488.444 |   699.326 |  11441.000 |   3002.000 |   268.000
   1654,   |  11521.400 |  12515.408 |   616.394 |  11441.000 |   3002.000 |   268.000
   1655,   |  11521.400 |  12638.304 |   727.414 |  11441.000 |   3002.000 |   268.000
   1656,   |  11521.400 |  12476.006 |   620.752 |  11441.000 |   3002.000 |   268.000
   1657,   |  11521.400 |  12569.826 |   696.514 |  11441.000 |   3002.000 |   268.000
   1658,   |  11521.400 |  12552.729 |   681.070 |  11441.000 |   3002.000 |   268.000
   1659,   |  11521.400 |  12375.266 |   585.540 |  11441.000 |   3002.000 |   268.000
   1660,   |  11521.400 |  12571.195 |   688.746 |  11441.000 |   3002.000 |   268.000
   1661,   |  11521.400 |  12536.864 |   708.062 |  11441.000 |   3002.000 |   268.000
   1662,   |  11521.400 |  12505.999 |   601.151 |  11441.000 |   3002.000 |   268.000
   1663,   |  11521.400 |  12440.727 |   602.906 |  11441.000 |   3002.000 |   268.000
   1664,   |  11521.400 |  12521.988 |   611.490 |  11441.000 |   3002.000 |   268.000
   1665,   |  11521.400 |  12532.364 |   711.798 |  11441.000 |   3002.000 |   268.000
   1666,   |  11521.400 |  12515.395 |   696.217 |  11441.000 |   3002.000 |   268.000
   1667,   |  11521.400 |  12564.280 |   652.197 |  11441.000 |   3002.000 |   268.000
   1668,   |  11521.400 |  12761.094 |   715.088 |  11441.000 |   3002.000 |   268.000
   1669,   |  11521.400 |  12758.683 |   799.069 |  11441.000 |   3002.000 |   268.000
   1670,   |  11521.400 |  12515.010 |   638.114 |  11441.000 |   3002.000 |   268.000
   1671,   |  11521.400 |  12526.710 |   680.107 |  11441.000 |   3002.000 |   268.000
   1672,   |  11521.400 |  12635.946 |   820.088 |  11441.000 |   3002.000 |   268.000
   1673,   |  11521.400 |  12632.959 |   677.716 |  11441.000 |   3002.000 |   268.000
   1674,   |  11521.400 |  12522.358 |   639.076 |  11441.000 |   3002.000 |   268.000
   1675,   |  11521.400 |  12701.681 |   727.204 |  11441.000 |   3002.000 |   268.000
   1676,   |  11521.400 |  12699.816 |   754.597 |  11441.000 |   3002.000 |   268.000
   1677,   |  11521.400 |  12666.203 |   775.104 |  11441.000 |   3002.000 |   268.000
   1678,   |  11521.400 |  12623.823 |   676.553 |  11441.000 |   3002.000 |   268.000
   1679,   |  11521.400 |  12476.378 |   611.975 |  11441.000 |   3002.000 |   268.000
   1680,   |  11476.800 |  12498.437 |   665.183 |  11412.000 |   2950.000 |   216.000
   1681,   |  11476.800 |  12348.376 |   634.640 |  11412.000 |   2950.000 |   216.000
   1682,   |  11476.800 |  12514.122 |   733.755 |  11412.000 |   2950.000 |   216.000
   1683,   |  11453.500 |  12436.382 |   646.072 |  11383.000 |   2951.000 |   235.000
   1684,   |  11453.500 |  12486.861 |   664.792 |  11383.000 |   2951.000 |   235.000
   1685,   |  11453.500 |  12364.177 |   576.925 |  11383.000 |   2951.000 |   235.000
   1686,   |  11453.500 |  12425.317 |   645.634 |  11383.000 |   2951.000 |   235.000
   1687,   |  11453.500 |  12453.548 |   627.940 |  11383.000 |   2951.000 |   235.000
   1688,   |  11453.500 |  12555.482 |   793.427 |  11383.000 |   2951.000 |   235.000
   1689,   |  11453.500 |  12466.561 |   652.143 |  11383.000 |   2951.000 |   235.000
   1690,   |  11453.500 |  12388.719 |   629.516 |  11383.000 |   2951.000 |   235.000
   1691,   |  11453.500 |  12380.620 |   646.187 |  11383.000 |   2951.000 |   235.000
   1692,   |  11453.500 |  12339.690 |   613.074 |  11383.000 |   2951.000 |   235.000
   1693,   |  11453.500 |  12376.758 |   651.102 |  11383.000 |   2951.000 |   235.000
   1694,   |  11453.500 |  12412.223 |   581.190 |  11383.000 |   2951.000 |   235.000
   1695,   |  11453.500 |  12388.007 |   671.207 |  11383.000 |   2951.000 |   235.000
   1696,   |  11453.500 |  12456.708 |   668.670 |  11383.000 |   2951.000 |   235.000
   1697,   |  11446.100 |  12424.303 |   720.298 |  11381.000 |   2951.000 |   217.000
   1698,   |  11446.100 |  12414.781 |   659.002 |  11381.000 |   2951.000 |   217.000
   1699,   |  11441.100 |  12313.774 |   581.100 |  11376.000 |   2951.000 |   217.000
   1700,   |  11441.100 |  12373.173 |   654.294 |  11376.000 |   2951.000 |   217.000
   1701,   |  11441.100 |  12313.521 |   640.543 |  11376.000 |   2951.000 |   217.000
   1702,   |  11441.100 |  12457.939 |   763.681 |  11376.000 |   2951.000 |   217.000
   1703,   |  11441.100 |  12521.713 |   733.704 |  11376.000 |   2951.000 |   217.000
   1704,   |  11441.100 |  12526.011 |   717.471 |  11376.000 |   2951.000 |   217.000
   1705,   |  11441.100 |  12509.964 |   724.807 |  11376.000 |   2951.000 |   217.000
   1706,   |  11441.100 |  12582.124 |   837.199 |  11376.000 |   2951.000 |   217.000
   1707,   |  11441.100 |  12565.402 |   749.161 |  11376.000 |   2951.000 |   217.000
   1708,   |  11441.100 |  12678.493 |   818.782 |  11376.000 |   2951.000 |   217.000
   1709,   |  11441.100 |  12533.168 |   634.051 |  11376.000 |   2951.000 |   217.000
   1710,   |  11441.100 |  12560.665 |   666.974 |  11376.000 |   2951.000 |   217.000
   1711,   |  11441.100 |  12439.383 |   672.912 |  11376.000 |   2951.000 |   217.000
   1712,   |  11441.100 |  12412.470 |   631.970 |  11376.000 |   2951.000 |   217.000
   1713,   |  11441.100 |  12280.792 |   580.179 |  11376.000 |   2951.000 |   217.000
   1714,   |  11441.100 |  12369.372 |   614.672 |  11376.000 |   2951.000 |   217.000
   1715,   |  11441.100 |  12475.914 |   700.998 |  11376.000 |   2951.000 |   217.000
   1716,   |  11441.100 |  12578.036 |   716.935 |  11376.000 |   2951.000 |   217.000
   1717,   |  11441.100 |  12362.217 |   672.379 |  11376.000 |   2951.000 |   217.000
   1718,   |  11441.100 |  12423.325 |   691.066 |  11376.000 |   2951.000 |   217.000
   1719,   |  11441.100 |  12387.242 |   595.491 |  11376.000 |   2951.000 |   217.000
   1720,   |  11441.100 |  12401.407 |   629.613 |  11376.000 |   2951.000 |   217.000
   1721,   |  11441.100 |  12376.050 |   646.792 |  11376.000 |   2951.000 |   217.000
   1722,   |  11441.100 |  12324.097 |   606.887 |  11376.000 |   2951.000 |   217.000
   1723,   |  11441.100 |  12352.597 |   662.123 |  11376.000 |   2951.000 |   217.000
   1724,   |  11441.100 |  12502.172 |   677.058 |  11376.000 |   2951.000 |   217.000
   1725,   |  11441.100 |  12335.864 |   703.686 |  11376.000 |   2951.000 |   217.000
   1726,   |  11441.100 |  12461.315 |   724.673 |  11376.000 |   2951.000 |   217.000
   1727,   |  11414.500 |  12376.121 |   704.165 |  11350.000 |   2949.000 |   215.000
   1728,   |  11339.500 |  12424.860 |   726.269 |  11248.000 |   2950.000 |   305.000
   1729,   |  11339.500 |  12292.498 |   611.571 |  11248.000 |   2950.000 |   305.000
   1730,   |  11339.500 |  12220.681 |   537.338 |  11248.000 |   2950.000 |   305.000
   1731,   |  11325.600 |  12246.952 |   686.041 |  11235.000 |   2951.000 |   302.000
   1732,   |  11325.600 |  12237.247 |   539.109 |  11235.000 |   2951.000 |   302.000
   1733,   |  11325.600 |  12183.803 |   650.696 |  11235.000 |   2951.000 |   302.000
   1734,   |  11325.600 |  12256.441 |   639.925 |  11235.000 |   2951.000 |   302.000
   1735,   |  11325.600 |  12072.855 |   561.279 |  11235.000 |   2951.000 |   302.000
   1736,   |  11325.600 |  12280.029 |   643.793 |  11235.000 |   2951.000 |   302.000
   1737,   |  11325.600 |  12207.894 |   680.602 |  11235.000 |   2951.000 |   302.000
   1738,   |  11325.600 |  12124.675 |   600.929 |  11235.000 |   2951.000 |   302.000
   1739,   |  11325.600 |  12157.671 |   672.337 |  11235.000 |   2951.000 |   302.000
   1740,   |  11325.600 |  12158.043 |   694.630 |  11235.000 |   2951.000 |   302.000
   1741,   |  11325.600 |  12247.510 |   699.687 |  11235.000 |   2951.000 |   302.000
   1742,   |  11325.600 |  12293.874 |   676.123 |  11235.000 |   2951.000 |   302.000
   1743,   |  11325.600 |  12272.269 |   605.994 |  11235.000 |   2951.000 |   302.000
   1744,   |  11325.600 |  12315.722 |   718.213 |  11235.000 |   2951.000 |   302.000
   1745,   |  11325.600 |  12129.868 |   616.453 |  11235.000 |   2951.000 |   302.000
   1746,   |  11325.600 |  12126.059 |   561.431 |  11235.000 |   2951.000 |   302.000
   1747,   |  11325.600 |  12125.300 |   587.416 |  11235.000 |   2951.000 |   302.000
   1748,   |  11314.200 |  12200.235 |   630.002 |  11223.000 |   2937.000 |   304.000
   1749,   |  11314.200 |  12285.096 |   666.962 |  11223.000 |   2937.000 |   304.000
   1750,   |  11314.200 |  12255.531 |   676.035 |  11223.000 |   2937.000 |   304.000
   1751,   |  11314.200 |  12218.225 |   632.820 |  11223.000 |   2937.000 |   304.000
   1752,   |  11307.400 |  12364.248 |   657.465 |  11221.000 |   2937.000 |   288.000
   1753,   |  11307.400 |  12171.420 |   675.711 |  11221.000 |   2937.000 |   288.000
   1754,   |  11307.400 |  12146.143 |   615.154 |  11221.000 |   2937.000 |   288.000
   1755,   |  11307.400 |  12076.138 |   615.957 |  11221.000 |   2937.000 |   288.000
   1756,   |  11307.400 |  12221.041 |   611.273 |  11221.000 |   2937.000 |   288.000
   1757,   |  11307.400 |  12197.764 |   586.574 |  11221.000 |   2937.000 |   288.000
   1758,   |  11307.400 |  12242.760 |   632.124 |  11221.000 |   2937.000 |   288.000
   1759,   |  11307.400 |  12268.939 |   655.934 |  11221.000 |   2937.000 |   288.000
   1760,   |  11307.400 |  12347.205 |   605.847 |  11221.000 |   2937.000 |   288.000
   1761,   |  11307.400 |  12297.554 |   653.771 |  11221.000 |   2937.000 |   288.000
   1762,   |  11307.400 |  12188.993 |   640.433 |  11221.000 |   2937.000 |   288.000
   1763,   |  11307.400 |  12310.587 |   637.939 |  11221.000 |   2937.000 |   288.000
   1764,   |  11307.400 |  12247.471 |   638.608 |  11221.000 |   2937.000 |   288.000
   1765,   |  11307.400 |  12397.656 |   760.141 |  11221.000 |   2937.000 |   288.000
   1766,   |  11307.400 |  12402.539 |   727.151 |  11221.000 |   2937.000 |   288.000
   1767,   |  11307.400 |  12315.770 |   643.688 |  11221.000 |   2937.000 |   288.000
   1768,   |  11307.400 |  12336.992 |   692.561 |  11221.000 |   2937.000 |   288.000
   1769,   |  11307.400 |  12336.053 |   671.729 |  11221.000 |   2937.000 |   288.000
   1770,   |  11307.400 |  12266.696 |   636.402 |  11221.000 |   2937.000 |   288.000
   1771,   |  11307.400 |  12347.500 |   689.467 |  11221.000 |   2937.000 |   288.000
   1772,   |  11307.400 |  12223.618 |   622.894 |  11221.000 |   2937.000 |   288.000
   1773,   |  11307.400 |  12203.068 |   657.282 |  11221.000 |   2937.000 |   288.000
   1774,   |  11307.400 |  12384.318 |   789.818 |  11221.000 |   2937.000 |   288.000
   1775,   |  11307.400 |  12216.950 |   723.527 |  11221.000 |   2937.000 |   288.000
   1776,   |  11307.400 |  12321.204 |   719.004 |  11221.000 |   2937.000 |   288.000
   1777,   |  11307.400 |  12293.271 |   714.597 |  11221.000 |   2937.000 |   288.000
   1778,   |  11307.400 |  12225.809 |   646.496 |  11221.000 |   2937.000 |   288.000
   1779,   |  11307.400 |  12301.292 |   638.782 |  11221.000 |   2937.000 |   288.000
   1780,   |  11307.400 |  12272.504 |   639.655 |  11221.000 |   2937.000 |   288.000
   1781,   |  11307.400 |  12269.937 |   651.149 |  11221.000 |   2937.000 |   288.000
   1782,   |  11307.400 |  12216.725 |   587.777 |  11221.000 |   2937.000 |   288.000
   1783,   |  11289.200 |  12264.923 |   646.040 |  11198.000 |   2937.000 |   304.000
   1784,   |  11289.200 |  12333.705 |   735.178 |  11198.000 |   2937.000 |   304.000
   1785,   |  11289.200 |  12268.970 |   639.208 |  11198.000 |   2937.000 |   304.000
   1786,   |  11289.200 |  12198.592 |   596.536 |  11198.000 |   2937.000 |   304.000
   1787,   |  11289.200 |  12304.800 |   739.108 |  11198.000 |   2937.000 |   304.000
   1788,   |  11289.200 |  12216.096 |   673.469 |  11198.000 |   2937.000 |   304.000
   1789,   |  11289.200 |  12093.531 |   605.965 |  11198.000 |   2937.000 |   304.000
   1790,   |  11289.200 |  12046.606 |   567.909 |  11198.000 |   2937.000 |   304.000
   1791,   |  11289.200 |  12164.700 |   618.383 |  11198.000 |   2937.000 |   304.000
   1792,   |  11289.200 |  12142.213 |   595.244 |  11198.000 |   2937.000 |   304.000
   1793,   |  11289.200 |  12090.714 |   600.234 |  11198.000 |   2937.000 |   304.000
   1794,   |  11272.500 |  12271.613 |   704.730 |  11208.000 |   2910.000 |   215.000
   1795,   |  11266.500 |  12122.090 |   607.432 |  11202.000 |   2910.000 |   215.000
   1796,   |  11150.300 |  12027.523 |   662.576 |  11072.000 |   2910.000 |   261.000
   1797,   |  11150.300 |  11980.010 |   628.577 |  11072.000 |   2910.000 |   261.000
   1798,   |  11150.300 |  11989.815 |   566.027 |  11072.000 |   2910.000 |   261.000
   1799,   |  11150.300 |  11852.180 |   548.066 |  11072.000 |   2910.000 |   261.000
   1800,   |  11150.300 |  11990.703 |   551.430 |  11072.000 |   2910.000 |   261.000
   1801,   |  11148.200 |  12186.840 |   705.373 |  11069.000 |   2909.000 |   264.000
   1802,   |  11148.200 |  11980.848 |   590.431 |  11069.000 |   2909.000 |   264.000
   1803,   |  11141.100 |  11971.967 |   573.187 |  11058.000 |   2910.000 |   277.000
   1804,   |  11141.100 |  11975.384 |   633.745 |  11058.000 |   2910.000 |   277.000
   1805,   |  11141.100 |  12082.700 |   695.346 |  11058.000 |   2910.000 |   277.000
   1806,   |  11134.300 |  12214.694 |   649.718 |  11056.000 |   2910.000 |   261.000
   1807,   |  11134.300 |  12231.829 |   622.325 |  11056.000 |   2910.000 |   261.000
   1808,   |  11134.300 |  12126.602 |   685.383 |  11056.000 |   2910.000 |   261.000
   1809,   |  11134.300 |  12181.698 |   683.062 |  11056.000 |   2910.000 |   261.000
   1810,   |  11134.300 |  12049.061 |   638.329 |  11056.000 |   2910.000 |   261.000
   1811,   |  11134.300 |  12186.895 |   720.159 |  11056.000 |   2910.000 |   261.000
   1812,   |  11134.300 |  12147.973 |   678.408 |  11056.000 |   2910.000 |   261.000
   1813,   |  11134.300 |  12047.708 |   674.484 |  11056.000 |   2910.000 |   261.000
   1814,   |  11134.300 |  12078.806 |   650.314 |  11056.000 |   2910.000 |   261.000
   1815,   |  11134.300 |  12129.387 |   717.664 |  11056.000 |   2910.000 |   261.000
   1816,   |  11134.300 |  12085.286 |   620.334 |  11056.000 |   2910.000 |   261.000
   1817,   |  11134.300 |  12140.154 |   695.951 |  11056.000 |   2910.000 |   261.000
   1818,   |  11134.300 |  12059.408 |   626.352 |  11056.000 |   2910.000 |   261.000
   1819,   |  11134.300 |  12135.309 |   684.325 |  11056.000 |   2910.000 |   261.000
   1820,   |  11134.300 |  12006.571 |   635.992 |  11056.000 |   2910.000 |   261.000
   1821,   |  11134.300 |  11882.961 |   561.686 |  11056.000 |   2910.000 |   261.000
   1822,   |  11134.300 |  11894.357 |   588.373 |  11056.000 |   2910.000 |   261.000
   1823,   |  11134.300 |  11919.865 |   581.232 |  11056.000 |   2910.000 |   261.000
   1824,   |  11134.300 |  11983.788 |   563.783 |  11056.000 |   2910.000 |   261.000
   1825,   |  11134.300 |  12117.018 |   750.067 |  11056.000 |   2910.000 |   261.000
   1826,   |  11134.300 |  12081.648 |   596.410 |  11056.000 |   2910.000 |   261.000
   1827,   |  11134.300 |  12132.541 |   699.664 |  11056.000 |   2910.000 |   261.000
   1828,   |  11134.300 |  12151.051 |   629.238 |  11056.000 |   2910.000 |   261.000
   1829,   |  11134.300 |  12070.855 |   734.439 |  11056.000 |   2910.000 |   261.000
   1830,   |  11134.300 |  11998.255 |   601.363 |  11056.000 |   2910.000 |   261.000
   1831,   |  11113.100 |  12097.971 |   715.870 |  11018.000 |   2910.000 |   317.000
   1832,   |  11113.100 |  11977.640 |   649.619 |  11018.000 |   2910.000 |   317.000
   1833,   |  11113.100 |  12078.256 |   654.258 |  11018.000 |   2910.000 |   317.000
   1834,   |  11113.100 |  12008.335 |   718.337 |  11018.000 |   2910.000 |   317.000
   1835,   |  11113.100 |  12104.366 |   715.653 |  11018.000 |   2910.000 |   317.000
   1836,   |  11113.100 |  12095.366 |   692.589 |  11018.000 |   2910.000 |   317.000
   1837,   |  11113.100 |  12148.754 |   725.231 |  11018.000 |   2910.000 |   317.000
   1838,   |  11113.100 |  12149.625 |   729.435 |  11018.000 |   2910.000 |   317.000
   1839,   |  11080.700 |  12113.356 |   646.201 |  11018.000 |   2879.000 |   209.000
   1840,   |  11054.400 |  12018.839 |   683.390 |  10977.000 |   2879.000 |   258.000
   1841,   |  10946.800 |  12069.325 |   823.690 |  10888.000 |   2789.000 |   196.000
   1842,   |  10940.000 |  11952.427 |   703.610 |  10886.000 |   2789.000 |   180.000
   1843,   |  10940.000 |  11932.309 |   711.026 |  10886.000 |   2789.000 |   180.000
   1844,   |  10940.000 |  11885.884 |   636.067 |  10886.000 |   2789.000 |   180.000
   1845,   |  10940.000 |  11853.376 |   625.386 |  10886.000 |   2789.000 |   180.000
   1846,   |  10940.000 |  11930.008 |   657.982 |  10886.000 |   2789.000 |   180.000
   1847,   |  10935.600 |  11862.466 |   594.887 |  10872.000 |   2789.000 |   212.000
   1848,   |  10928.800 |  11887.874 |   647.335 |  10870.000 |   2789.000 |   196.000
   1849,   |  10928.800 |  12098.944 |   821.077 |  10870.000 |   2789.000 |   196.000
   1850,   |  10928.800 |  11951.276 |   706.065 |  10870.000 |   2789.000 |   196.000
   1851,   |  10928.800 |  11871.900 |   673.196 |  10870.000 |   2789.000 |   196.000
   1852,   |  10928.800 |  12015.207 |   698.526 |  10870.000 |   2789.000 |   196.000
   1853,   |  10928.800 |  11852.608 |   674.531 |  10870.000 |   2789.000 |   196.000
   1854,   |  10928.800 |  11792.189 |   695.877 |  10870.000 |   2789.000 |   196.000
   1855,   |  10928.800 |  11833.823 |   605.380 |  10870.000 |   2789.000 |   196.000
   1856,   |  10928.800 |  11907.476 |   715.413 |  10870.000 |   2789.000 |   196.000
   1857,   |  10928.800 |  11796.726 |   602.689 |  10870.000 |   2789.000 |   196.000
   1858,   |  10928.800 |  11925.009 |   656.449 |  10870.000 |   2789.000 |   196.000
   1859,   |  10928.800 |  11934.770 |   781.688 |  10870.000 |   2789.000 |   196.000
   1860,   |  10928.800 |  11695.122 |   607.862 |  10870.000 |   2789.000 |   196.000
   1861,   |  10928.800 |  11768.410 |   641.366 |  10870.000 |   2789.000 |   196.000
   1862,   |  10928.800 |  11907.687 |   678.631 |  10870.000 |   2789.000 |   196.000
   1863,   |  10928.800 |  11746.608 |   660.280 |  10870.000 |   2789.000 |   196.000
   1864,   |  10928.800 |  11926.303 |   686.470 |  10870.000 |   2789.000 |   196.000
   1865,   |  10910.500 |  11862.710 |   618.555 |  10852.000 |   2788.000 |   195.000
   1866,   |  10910.500 |  11799.508 |   678.595 |  10852.000 |   2788.000 |   195.000
   1867,   |  10910.500 |  11829.865 |   628.005 |  10852.000 |   2788.000 |   195.000
   1868,   |  10910.500 |  11850.600 |   665.989 |  10852.000 |   2788.000 |   195.000
   1869,   |  10910.500 |  11707.892 |   664.646 |  10852.000 |   2788.000 |   195.000
   1870,   |  10910.500 |  11884.601 |   664.120 |  10852.000 |   2788.000 |   195.000
   1871,   |  10910.500 |  11822.091 |   665.859 |  10852.000 |   2788.000 |   195.000
   1872,   |  10910.500 |  11914.521 |   743.035 |  10852.000 |   2788.000 |   195.000
   1873,   |  10910.500 |  11984.530 |   749.661 |  10852.000 |   2788.000 |   195.000
   1874,   |  10910.500 |  11827.365 |   627.247 |  10852.000 |   2788.000 |   195.000
   1875,   |  10910.500 |  11753.427 |   650.819 |  10852.000 |   2788.000 |   195.000
   1876,   |  10910.500 |  11820.198 |   676.087 |  10852.000 |   2788.000 |   195.000
   1877,   |  10910.500 |  11830.397 |   673.497 |  10852.000 |   2788.000 |   195.000
   1878,   |  10887.800 |  11790.423 |   667.632 |  10829.000 |   2789.000 |   196.000
   1879,   |  10887.800 |  11743.251 |   609.825 |  10829.000 |   2789.000 |   196.000
   1880,   |  10887.800 |  11729.614 |   666.789 |  10829.000 |   2789.000 |   196.000
   1881,   |  10887.800 |  11883.102 |   698.938 |  10829.000 |   2789.000 |   196.000
   1882,   |  10887.800 |  11904.900 |   661.126 |  10829.000 |   2789.000 |   196.000
   1883,   |  10887.800 |  11851.079 |   741.516 |  10829.000 |   2789.000 |   196.000
   1884,   |  10887.800 |  11732.445 |   608.602 |  10829.000 |   2789.000 |   196.000
   1885,   |  10887.800 |  11772.744 |   551.173 |  10829.000 |   2789.000 |   196.000
   1886,   |  10887.800 |  11860.846 |   647.173 |  10829.000 |   2789.000 |   196.000
   1887,   |  10887.800 |  11839.454 |   672.353 |  10829.000 |   2789.000 |   196.000
   1888,   |  10887.800 |  11731.182 |   692.865 |  10829.000 |   2789.000 |   196.000
   1889,   |  10867.700 |  11704.335 |   626.769 |  10814.000 |   2784.000 |   179.000
   1890,   |  10835.900 |  11820.719 |   674.431 |  10781.000 |   2788.000 |   183.000
   1891,   |  10835.900 |  11848.589 |   726.567 |  10781.000 |   2788.000 |   183.000
   1892,   |  10835.900 |  11767.555 |   662.031 |  10781.000 |   2788.000 |   183.000
   1893,   |  10835.900 |  11726.656 |   653.364 |  10781.000 |   2788.000 |   183.000
   1894,   |  10835.300 |  11835.094 |   740.462 |  10772.000 |   2788.000 |   211.000
   1895,   |  10835.300 |  11714.475 |   624.533 |  10772.000 |   2788.000 |   211.000
   1896,   |  10785.400 |  11741.697 |   665.065 |  10759.000 |   2729.000 |    88.000
   1897,   |  10785.400 |  11811.720 |   694.410 |  10759.000 |   2729.000 |    88.000
   1898,   |  10741.900 |  11686.696 |   611.353 |  10696.000 |   2730.000 |   153.000
   1899,   |  10741.900 |  11686.105 |   672.462 |  10696.000 |   2730.000 |   153.000
   1900,   |  10741.900 |  11747.314 |   680.170 |  10696.000 |   2730.000 |   153.000
   1901,   |  10741.900 |  11619.019 |   593.240 |  10696.000 |   2730.000 |   153.000
   1902,   |  10741.900 |  11756.400 |   696.708 |  10696.000 |   2730.000 |   153.000
   1903,   |  10741.900 |  11741.231 |   740.304 |  10696.000 |   2730.000 |   153.000
   1904,   |  10741.900 |  11797.660 |   708.896 |  10696.000 |   2730.000 |   153.000
   1905,   |  10741.900 |  11698.691 |   650.557 |  10696.000 |   2730.000 |   153.000
   1906,   |  10741.900 |  11793.833 |   665.977 |  10696.000 |   2730.000 |   153.000
   1907,   |  10741.900 |  11703.677 |   779.503 |  10696.000 |   2730.000 |   153.000
   1908,   |  10741.900 |  11676.329 |   627.638 |  10696.000 |   2730.000 |   153.000
   1909,   |  10741.900 |  11698.074 |   669.018 |  10696.000 |   2730.000 |   153.000
   1910,   |  10741.900 |  11767.059 |   601.582 |  10696.000 |   2730.000 |   153.000
   1911,   |  10741.900 |  11840.084 |   729.896 |  10696.000 |   2730.000 |   153.000
   1912,   |  10741.900 |  11809.090 |   717.797 |  10696.000 |   2730.000 |   153.000
   1913,   |  10741.900 |  11765.515 |   716.148 |  10696.000 |   2730.000 |   153.000
   1914,   |  10741.900 |  11805.799 |   608.844 |  10696.000 |   2730.000 |   153.000
   1915,   |  10741.900 |  11768.759 |   690.792 |  10696.000 |   2730.000 |   153.000
   1916,   |  10741.900 |  11673.872 |   607.786 |  10696.000 |   2730.000 |   153.000
   1917,   |  10741.900 |  11742.703 |   724.731 |  10696.000 |   2730.000 |   153.000
   1918,   |  10735.100 |  11673.835 |   661.970 |  10694.000 |   2730.000 |   137.000
   1919,   |  10733.800 |  11474.851 |   621.124 |  10693.000 |   2729.000 |   136.000
   1920,   |  10733.800 |  11565.192 |   556.453 |  10693.000 |   2729.000 |   136.000
   1921,   |  10733.800 |  11649.915 |   676.130 |  10693.000 |   2729.000 |   136.000
   1922,   |  10733.800 |  11625.188 |   692.683 |  10693.000 |   2729.000 |   136.000
   1923,   |  10733.800 |  11626.784 |   613.345 |  10693.000 |   2729.000 |   136.000
   1924,   |  10733.800 |  11735.130 |   738.643 |  10693.000 |   2729.000 |   136.000
   1925,   |  10733.800 |  11526.793 |   537.824 |  10693.000 |   2729.000 |   136.000
   1926,   |  10733.800 |  11556.548 |   566.910 |  10693.000 |   2729.000 |   136.000
   1927,   |  10733.800 |  11752.704 |   659.177 |  10693.000 |   2729.000 |   136.000
   1928,   |  10733.800 |  11776.790 |   735.717 |  10693.000 |   2729.000 |   136.000
   1929,   |  10709.200 |  11716.147 |   675.385 |  10672.000 |   2729.000 |   124.000
   1930,   |  10687.300 |  11814.436 |   783.595 |  10648.000 |   2708.000 |   131.000
   1931,   |  10655.500 |  11631.496 |   636.215 |  10615.000 |   2712.000 |   135.000
   1932,   |  10655.500 |  11620.111 |   672.933 |  10615.000 |   2712.000 |   135.000
   1933,   |  10655.500 |  11478.286 |   633.944 |  10615.000 |   2712.000 |   135.000
   1934,   |  10655.500 |  11652.562 |   687.906 |  10615.000 |   2712.000 |   135.000
   1935,   |  10655.500 |  11475.496 |   629.675 |  10615.000 |   2712.000 |   135.000
   1936,   |  10655.500 |  11453.509 |   654.072 |  10615.000 |   2712.000 |   135.000
   1937,   |  10648.700 |  11480.430 |   655.171 |  10613.000 |   2712.000 |   119.000
   1938,   |  10630.000 |  11501.556 |   667.072 |  10600.000 |   2693.000 |   100.000
   1939,   |  10630.000 |  11491.746 |   618.169 |  10600.000 |   2693.000 |   100.000
   1940,   |  10630.000 |  11473.782 |   645.364 |  10600.000 |   2693.000 |   100.000
   1941,   |  10630.000 |  11533.730 |   615.401 |  10600.000 |   2693.000 |   100.000
   1942,   |  10630.000 |  11477.419 |   677.818 |  10600.000 |   2693.000 |   100.000
   1943,   |  10630.000 |  11475.270 |   637.222 |  10600.000 |   2693.000 |   100.000
   1944,   |  10630.000 |  11566.135 |   641.360 |  10600.000 |   2693.000 |   100.000
   1945,   |  10630.000 |  11470.665 |   612.940 |  10600.000 |   2693.000 |   100.000
   1946,   |  10630.000 |  11605.458 |   684.934 |  10600.000 |   2693.000 |   100.000
   1947,   |  10630.000 |  11553.842 |   700.509 |  10600.000 |   2693.000 |   100.000
   1948,   |  10630.000 |  11518.560 |   690.257 |  10600.000 |   2693.000 |   100.000
   1949,   |  10630.000 |  11481.134 |   662.737 |  10600.000 |   2693.000 |   100.000
   1950,   |  10630.000 |  11538.344 |   617.549 |  10600.000 |   2693.000 |   100.000
   1951,   |  10630.000 |  11692.155 |   705.993 |  10600.000 |   2693.000 |   100.000
   1952,   |  10630.000 |  11594.152 |   688.435 |  10600.000 |   2693.000 |   100.000
   1953,   |  10630.000 |  11644.086 |   658.565 |  10600.000 |   2693.000 |   100.000
   1954,   |  10630.000 |  11486.257 |   551.613 |  10600.000 |   2693.000 |   100.000
   1955,   |  10630.000 |  11580.099 |   666.971 |  10600.000 |   2693.000 |   100.000
   1956,   |  10630.000 |  11663.464 |   704.336 |  10600.000 |   2693.000 |   100.000
   1957,   |  10630.000 |  11717.383 |   745.974 |  10600.000 |   2693.000 |   100.000
   1958,   |  10630.000 |  11647.586 |   673.779 |  10600.000 |   2693.000 |   100.000
   1959,   |  10630.000 |  11719.485 |   752.619 |  10600.000 |   2693.000 |   100.000
   1960,   |  10630.000 |  11654.408 |   780.347 |  10600.000 |   2693.000 |   100.000
   1961,   |  10630.000 |  11542.394 |   618.908 |  10600.000 |   2693.000 |   100.000
   1962,   |  10630.000 |  11570.455 |   621.064 |  10600.000 |   2693.000 |   100.000
   1963,   |  10630.000 |  11693.697 |   692.808 |  10600.000 |   2693.000 |   100.000
   1964,   |  10630.000 |  11648.871 |   661.663 |  10600.000 |   2693.000 |   100.000
   1965,   |  10630.000 |  11578.353 |   611.172 |  10600.000 |   2693.000 |   100.000
   1966,   |  10630.000 |  11640.368 |   686.575 |  10600.000 |   2693.000 |   100.000
   1967,   |  10630.000 |  11552.320 |   650.168 |  10600.000 |   2693.000 |   100.000
   1968,   |  10630.000 |  11663.623 |   790.286 |  10600.000 |   2693.000 |   100.000
   1969,   |  10630.000 |  11670.152 |   699.276 |  10600.000 |   2693.000 |   100.000
   1970,   |  10630.000 |  11583.563 |   663.741 |  10600.000 |   2693.000 |   100.000
   1971,   |  10630.000 |  11540.533 |   654.039 |  10600.000 |   2693.000 |   100.000
   1972,   |  10630.000 |  11618.806 |   698.042 |  10600.000 |   2693.000 |   100.000
   1973,   |  10630.000 |  11478.475 |   627.434 |  10600.000 |   2693.000 |   100.000
   1974,   |  10630.000 |  11563.945 |   639.865 |  10600.000 |   2693.000 |   100.000
   1975,   |  10630.000 |  11687.001 |   761.189 |  10600.000 |   2693.000 |   100.000
   1976,   |  10630.000 |  11581.733 |   606.414 |  10600.000 |   2693.000 |   100.000
   1977,   |  10630.000 |  11601.994 |   675.181 |  10600.000 |   2693.000 |   100.000
   1978,   |  10630.000 |  11690.467 |   746.486 |  10600.000 |   2693.000 |   100.000
   1979,   |  10630.000 |  11554.534 |   649.597 |  10600.000 |   2693.000 |   100.000
   1980,   |  10630.000 |  11536.670 |   693.124 |  10600.000 |   2693.000 |   100.000
   1981,   |  10545.500 |  11531.850 |   669.568 |  10505.000 |   2693.000 |   135.000
   1982,   |  10545.500 |  11586.294 |   665.647 |  10505.000 |   2693.000 |   135.000
   1983,   |  10545.500 |  11701.855 |   731.944 |  10505.000 |   2693.000 |   135.000
   1984,   |  10545.500 |  11725.367 |   728.255 |  10505.000 |   2693.000 |   135.000
   1985,   |  10543.500 |  11542.020 |   662.831 |  10503.000 |   2693.000 |   135.000
   1986,   |  10543.500 |  11613.405 |   762.676 |  10503.000 |   2693.000 |   135.000
   1987,   |  10543.500 |  11634.462 |   687.761 |  10503.000 |   2693.000 |   135.000
   1988,   |  10543.500 |  11624.763 |   666.153 |  10503.000 |   2693.000 |   135.000
   1989,   |  10543.500 |  11636.126 |   721.558 |  10503.000 |   2693.000 |   135.000
   1990,   |  10543.500 |  11568.180 |   699.903 |  10503.000 |   2693.000 |   135.000
   1991,   |  10543.500 |  11573.776 |   691.497 |  10503.000 |   2693.000 |   135.000
   1992,   |  10543.500 |  11454.652 |   733.332 |  10503.000 |   2693.000 |   135.000
   1993,   |  10543.500 |  11407.647 |   658.259 |  10503.000 |   2693.000 |   135.000
   1994,   |  10543.500 |  11491.392 |   759.990 |  10503.000 |   2693.000 |   135.000
   1995,   |  10543.500 |  11427.207 |   666.988 |  10503.000 |   2693.000 |   135.000
   1996,   |  10543.500 |  11350.678 |   550.848 |  10503.000 |   2693.000 |   135.000
   1997,   |  10543.500 |  11555.755 |   713.067 |  10503.000 |   2693.000 |   135.000
   1998,   |  10543.500 |  11497.376 |   676.116 |  10503.000 |   2693.000 |   135.000
   1999,   |  10543.500 |  11506.903 |   702.216 |  10503.000 |   2693.000 |   135.000
   2000,   |  10543.500 |  11535.920 |   757.565 |  10503.000 |   2693.000 |   135.000
   2001,   |  10543.500 |  11523.651 |   662.033 |  10503.000 |   2693.000 |   135.000
   2002,   |  10543.500 |  11398.930 |   661.279 |  10503.000 |   2693.000 |   135.000
   2003,   |  10543.500 |  11434.510 |   658.247 |  10503.000 |   2693.000 |   135.000
   2004,   |  10543.500 |  11361.826 |   580.076 |  10503.000 |   2693.000 |   135.000
   2005,   |  10543.500 |  11468.680 |   675.227 |  10503.000 |   2693.000 |   135.000
   2006,   |  10543.500 |  11334.209 |   633.393 |  10503.000 |   2693.000 |   135.000
   2007,   |  10543.500 |  11379.836 |   695.466 |  10503.000 |   2693.000 |   135.000
   2008,   |  10543.500 |  11409.340 |   587.741 |  10503.000 |   2693.000 |   135.000
   2009,   |  10518.300 |  11480.841 |   675.534 |  10473.000 |   2702.000 |   151.000
   2010,   |  10518.300 |  11574.781 |   653.755 |  10473.000 |   2702.000 |   151.000
   2011,   |  10518.300 |  11631.097 |   783.321 |  10473.000 |   2702.000 |   151.000
   2012,   |  10480.000 |  11754.553 |   850.391 |  10444.000 |   2665.000 |   120.000
   2013,   |  10463.400 |  11796.928 |   751.469 |  10434.000 |   2665.000 |    98.000
   2014,   |  10438.200 |  11952.236 |   802.215 |  10395.000 |   2665.000 |   144.000
   2015,   |  10438.200 |  11824.458 |   849.787 |  10395.000 |   2665.000 |   144.000
   2016,   |  10438.200 |  11627.422 |   686.160 |  10395.000 |   2665.000 |   144.000
   2017,   |  10438.200 |  11539.873 |   730.743 |  10395.000 |   2665.000 |   144.000
   2018,   |  10438.200 |  11479.392 |   714.742 |  10395.000 |   2665.000 |   144.000
   2019,   |  10438.200 |  11437.840 |   769.972 |  10395.000 |   2665.000 |   144.000
   2020,   |  10438.200 |  11367.577 |   674.516 |  10395.000 |   2665.000 |   144.000
   2021,   |  10438.200 |  11254.362 |   726.118 |  10395.000 |   2665.000 |   144.000
   2022,   |  10438.200 |  11219.758 |   602.728 |  10395.000 |   2665.000 |   144.000
   2023,   |  10433.300 |  11532.705 |   766.654 |  10400.000 |   2669.000 |   111.000
   2024,   |  10433.300 |  11365.758 |   718.422 |  10400.000 |   2669.000 |   111.000
   2025,   |  10429.100 |  11231.369 |   645.531 |  10397.000 |   2665.000 |   107.000
   2026,   |  10429.100 |  11259.137 |   681.342 |  10397.000 |   2665.000 |   107.000
   2027,   |  10409.800 |  11236.105 |   663.737 |  10369.000 |   2669.000 |   136.000
   2028,   |  10409.800 |  11278.932 |   696.358 |  10369.000 |   2669.000 |   136.000
   2029,   |  10409.800 |  11311.812 |   693.593 |  10369.000 |   2669.000 |   136.000
   2030,   |  10409.800 |  11430.944 |   709.711 |  10369.000 |   2669.000 |   136.000
   2031,   |  10405.300 |  11358.662 |   703.101 |  10366.000 |   2665.000 |   131.000
   2032,   |  10405.300 |  11399.114 |   710.453 |  10366.000 |   2665.000 |   131.000
   2033,   |  10405.300 |  11234.882 |   575.542 |  10366.000 |   2665.000 |   131.000
   2034,   |  10405.300 |  11335.769 |   693.287 |  10366.000 |   2665.000 |   131.000
   2035,   |  10405.300 |  11381.977 |   629.633 |  10366.000 |   2665.000 |   131.000
   2036,   |  10405.300 |  11433.122 |   664.786 |  10366.000 |   2665.000 |   131.000
   2037,   |  10401.900 |  11421.123 |   741.933 |  10368.000 |   2665.000 |   113.000
   2038,   |  10401.900 |  11249.782 |   593.426 |  10368.000 |   2665.000 |   113.000
   2039,   |  10393.800 |  11408.336 |   675.898 |  10353.000 |   2669.000 |   136.000
   2040,   |  10390.400 |  11270.876 |   604.156 |  10355.000 |   2669.000 |   118.000
   2041,   |  10390.400 |  11427.659 |   682.935 |  10355.000 |   2669.000 |   118.000
   2042,   |  10390.400 |  11413.927 |   755.113 |  10355.000 |   2669.000 |   118.000
   2043,   |  10389.300 |  11270.194 |   642.284 |  10350.000 |   2665.000 |   131.000
   2044,   |  10385.900 |  11303.400 |   743.007 |  10352.000 |   2665.000 |   113.000
   2045,   |  10385.900 |  11304.653 |   664.244 |  10352.000 |   2665.000 |   113.000
   2046,   |  10367.800 |  11301.332 |   685.265 |  10333.000 |   2649.000 |   116.000
   2047,   |  10367.800 |  11174.486 |   707.511 |  10333.000 |   2649.000 |   116.000
   2048,   |  10364.400 |  11412.993 |   723.018 |  10335.000 |   2649.000 |    98.000
   2049,   |  10363.300 |  11484.523 |   700.099 |  10330.000 |   2645.000 |   111.000
   2050,   |  10363.300 |  11519.770 |   808.233 |  10330.000 |   2645.000 |   111.000
   2051,   |  10363.300 |  11102.147 |   593.556 |  10330.000 |   2645.000 |   111.000
   2052,   |  10363.300 |  11243.829 |   739.735 |  10330.000 |   2645.000 |   111.000
   2053,   |  10363.300 |  11319.163 |   789.091 |  10330.000 |   2645.000 |   111.000
   2054,   |  10363.300 |  11214.644 |   654.894 |  10330.000 |   2645.000 |   111.000
   2055,   |  10363.300 |  11197.511 |   641.740 |  10330.000 |   2645.000 |   111.000
   2056,   |  10363.300 |  11167.701 |   646.581 |  10330.000 |   2645.000 |   111.000
   2057,   |  10363.300 |  11389.272 |   765.570 |  10330.000 |   2645.000 |   111.000
   2058,   |  10359.900 |  11256.697 |   656.073 |  10332.000 |   2645.000 |    93.000
   2059,   |  10359.900 |  11346.526 |   739.104 |  10332.000 |   2645.000 |    93.000
   2060,   |  10359.900 |  11296.846 |   696.025 |  10332.000 |   2645.000 |    93.000
   2061,   |  10359.900 |  11224.483 |   685.966 |  10332.000 |   2645.000 |    93.000
   2062,   |  10359.900 |  11181.629 |   586.193 |  10332.000 |   2645.000 |    93.000
   2063,   |  10359.900 |  11334.668 |   690.250 |  10332.000 |   2645.000 |    93.000
   2064,   |  10359.900 |  11151.097 |   603.913 |  10332.000 |   2645.000 |    93.000
   2065,   |  10359.900 |  11167.100 |   659.672 |  10332.000 |   2645.000 |    93.000
   2066,   |  10359.900 |  11272.980 |   664.067 |  10332.000 |   2645.000 |    93.000
   2067,   |  10359.900 |  11118.260 |   616.974 |  10332.000 |   2645.000 |    93.000
   2068,   |  10359.900 |  11205.570 |   660.502 |  10332.000 |   2645.000 |    93.000
   2069,   |  10359.900 |  11194.149 |   668.308 |  10332.000 |   2645.000 |    93.000
   2070,   |  10359.900 |  11282.370 |   763.929 |  10332.000 |   2645.000 |    93.000
   2071,   |  10359.900 |  11203.671 |   629.743 |  10332.000 |   2645.000 |    93.000
   2072,   |  10359.900 |  11306.506 |   664.579 |  10332.000 |   2645.000 |    93.000
   2073,   |  10359.900 |  11252.174 |   698.775 |  10332.000 |   2645.000 |    93.000
   2074,   |  10359.900 |  11363.857 |   778.029 |  10332.000 |   2645.000 |    93.000
   2075,   |  10359.900 |  11217.339 |   637.843 |  10332.000 |   2645.000 |    93.000
   2076,   |  10359.900 |  11292.883 |   747.389 |  10332.000 |   2645.000 |    93.000
   2077,   |  10359.900 |  11331.391 |   685.634 |  10332.000 |   2645.000 |    93.000
   2078,   |  10359.900 |  11338.700 |   697.986 |  10332.000 |   2645.000 |    93.000
   2079,   |  10359.900 |  11248.906 |   658.888 |  10332.000 |   2645.000 |    93.000
   2080,   |  10349.700 |  11083.167 |   582.133 |  10314.000 |   2649.000 |   119.000
   2081,   |  10349.700 |  11121.546 |   548.869 |  10314.000 |   2649.000 |   119.000
   2082,   |  10349.700 |  11177.381 |   671.420 |  10314.000 |   2649.000 |   119.000
   2083,   |  10345.200 |  11262.886 |   689.245 |  10311.000 |   2645.000 |   114.000
   2084,   |  10345.200 |  11178.005 |   666.891 |  10311.000 |   2645.000 |   114.000
   2085,   |  10345.200 |  11212.508 |   638.856 |  10311.000 |   2645.000 |   114.000
   2086,   |  10345.200 |  11285.725 |   718.260 |  10311.000 |   2645.000 |   114.000
   2087,   |  10345.200 |  11293.621 |   651.314 |  10311.000 |   2645.000 |   114.000
   2088,   |  10345.200 |  11263.193 |   622.239 |  10311.000 |   2645.000 |   114.000
   2089,   |  10325.000 |  11193.705 |   634.495 |  10295.000 |   2630.000 |   100.000
   2090,   |  10325.000 |  11277.740 |   616.783 |  10295.000 |   2630.000 |   100.000
   2091,   |  10325.000 |  11192.113 |   686.033 |  10295.000 |   2630.000 |   100.000
   2092,   |  10325.000 |  11181.453 |   643.310 |  10295.000 |   2630.000 |   100.000
   2093,   |  10323.900 |  11338.750 |   674.943 |  10290.000 |   2626.000 |   113.000
   2094,   |  10323.900 |  11136.968 |   593.519 |  10290.000 |   2626.000 |   113.000
   2095,   |  10322.500 |  11221.917 |   627.759 |  10288.000 |   2628.000 |   115.000
   2096,   |  10322.500 |  11156.202 |   597.437 |  10288.000 |   2628.000 |   115.000
   2097,   |  10322.500 |  11202.487 |   673.646 |  10288.000 |   2628.000 |   115.000
   2098,   |  10322.500 |  11227.291 |   660.512 |  10288.000 |   2628.000 |   115.000
   2099,   |  10322.500 |  11325.504 |   730.251 |  10288.000 |   2628.000 |   115.000
   2100,   |  10322.500 |  11108.875 |   699.978 |  10288.000 |   2628.000 |   115.000
   2101,   |  10322.500 |  11184.337 |   698.608 |  10288.000 |   2628.000 |   115.000
   2102,   |  10322.500 |  11108.319 |   681.442 |  10288.000 |   2628.000 |   115.000
   2103,   |  10322.500 |  11148.758 |   708.060 |  10288.000 |   2628.000 |   115.000
   2104,   |  10322.500 |  11063.801 |   564.812 |  10288.000 |   2628.000 |   115.000
   2105,   |  10322.500 |  11154.777 |   640.416 |  10288.000 |   2628.000 |   115.000
   2106,   |  10322.500 |  11296.167 |   737.123 |  10288.000 |   2628.000 |   115.000
   2107,   |  10322.500 |  11136.131 |   667.848 |  10288.000 |   2628.000 |   115.000
   2108,   |  10322.500 |  11195.663 |   712.142 |  10288.000 |   2628.000 |   115.000
   2109,   |  10322.500 |  11094.448 |   603.582 |  10288.000 |   2628.000 |   115.000
   2110,   |  10320.500 |  11150.196 |   600.788 |  10292.000 |   2626.000 |    95.000
   2111,   |  10320.500 |  11172.278 |   683.787 |  10292.000 |   2626.000 |    95.000
   2112,   |  10320.500 |  11346.289 |   766.499 |  10292.000 |   2626.000 |    95.000
   2113,   |  10289.700 |  11292.393 |   742.263 |  10248.000 |   2628.000 |   139.000
   2114,   |  10289.700 |  11331.898 |   780.439 |  10248.000 |   2628.000 |   139.000
   2115,   |  10289.700 |  11315.574 |   711.050 |  10248.000 |   2628.000 |   139.000
   2116,   |  10289.700 |  11247.322 |   632.032 |  10248.000 |   2628.000 |   139.000
   2117,   |  10289.700 |  11196.252 |   655.833 |  10248.000 |   2628.000 |   139.000
   2118,   |  10289.700 |  11155.098 |   665.980 |  10248.000 |   2628.000 |   139.000
   2119,   |  10289.700 |  11257.825 |   642.868 |  10248.000 |   2628.000 |   139.000
   2120,   |  10267.700 |  11156.040 |   679.298 |  10226.000 |   2628.000 |   139.000
   2121,   |  10265.900 |  11092.250 |   641.779 |  10226.000 |   2604.000 |   133.000
   2122,   |  10265.900 |  11078.686 |   648.099 |  10226.000 |   2604.000 |   133.000
   2123,   |  10265.900 |  11298.452 |   704.351 |  10226.000 |   2604.000 |   133.000
   2124,   |  10265.900 |  11205.240 |   634.091 |  10226.000 |   2604.000 |   133.000
   2125,   |  10265.900 |  11141.046 |   641.722 |  10226.000 |   2604.000 |   133.000
   2126,   |  10265.900 |  11112.793 |   655.075 |  10226.000 |   2604.000 |   133.000
   2127,   |  10265.900 |  11162.719 |   542.906 |  10226.000 |   2604.000 |   133.000
   2128,   |  10265.900 |  11285.077 |   626.109 |  10226.000 |   2604.000 |   133.000
   2129,   |  10262.500 |  11257.676 |   692.999 |  10228.000 |   2604.000 |   115.000
   2130,   |  10262.500 |  11138.512 |   724.838 |  10228.000 |   2604.000 |   115.000
   2131,   |  10262.500 |  11042.769 |   582.775 |  10228.000 |   2604.000 |   115.000
   2132,   |  10262.500 |  11293.690 |   699.960 |  10228.000 |   2604.000 |   115.000
   2133,   |  10262.500 |  11206.343 |   671.880 |  10228.000 |   2604.000 |   115.000
   2134,   |  10262.500 |  11210.632 |   669.892 |  10228.000 |   2604.000 |   115.000
   2135,   |  10262.500 |  11200.151 |   665.933 |  10228.000 |   2604.000 |   115.000
   2136,   |  10262.500 |  11156.176 |   634.798 |  10228.000 |   2604.000 |   115.000
   2137,   |  10262.500 |  11134.896 |   670.442 |  10228.000 |   2604.000 |   115.000
   2138,   |  10262.500 |  11110.307 |   652.590 |  10228.000 |   2604.000 |   115.000
   2139,   |  10262.500 |  11131.840 |   631.640 |  10228.000 |   2604.000 |   115.000
   2140,   |  10262.500 |  11179.385 |   728.057 |  10228.000 |   2604.000 |   115.000
   2141,   |  10262.500 |  11259.298 |   695.658 |  10228.000 |   2604.000 |   115.000
   2142,   |  10262.500 |  11255.349 |   725.567 |  10228.000 |   2604.000 |   115.000
   2143,   |  10262.500 |  11293.759 |   631.040 |  10228.000 |   2604.000 |   115.000
   2144,   |  10262.500 |  11331.803 |   693.721 |  10228.000 |   2604.000 |   115.000
   2145,   |  10262.500 |  11297.210 |   697.524 |  10228.000 |   2604.000 |   115.000
   2146,   |  10262.500 |  11251.936 |   692.923 |  10228.000 |   2604.000 |   115.000
   2147,   |  10262.500 |  11055.363 |   633.243 |  10228.000 |   2604.000 |   115.000
   2148,   |  10262.500 |  11093.704 |   669.928 |  10228.000 |   2604.000 |   115.000
   2149,   |  10262.500 |  11025.442 |   634.929 |  10228.000 |   2604.000 |   115.000
   2150,   |  10262.500 |  11190.830 |   778.922 |  10228.000 |   2604.000 |   115.000
   2151,   |  10257.400 |  11092.065 |   670.768 |  10216.000 |   2608.000 |   138.000
   2152,   |  10257.400 |  11187.527 |   640.115 |  10216.000 |   2608.000 |   138.000
   2153,   |  10257.400 |  11013.970 |   631.069 |  10216.000 |   2608.000 |   138.000
   2154,   |  10254.000 |  11193.275 |   654.398 |  10218.000 |   2608.000 |   120.000
   2155,   |  10254.000 |  11134.651 |   561.049 |  10218.000 |   2608.000 |   120.000
   2156,   |  10254.000 |  11232.748 |   676.944 |  10218.000 |   2608.000 |   120.000
   2157,   |  10254.000 |  11148.641 |   698.214 |  10218.000 |   2608.000 |   120.000
   2158,   |  10254.000 |  11122.378 |   554.949 |  10218.000 |   2608.000 |   120.000
   2159,   |  10193.500 |  11204.281 |   667.083 |  10156.000 |   2608.000 |   125.000
   2160,   |  10193.500 |  11164.628 |   711.051 |  10156.000 |   2608.000 |   125.000
   2161,   |  10190.900 |  10995.027 |   590.154 |  10151.000 |   2604.000 |   133.000
   2162,   |  10188.900 |  11070.917 |   639.912 |  10149.000 |   2604.000 |   133.000
   2163,   |  10188.900 |  11110.674 |   655.898 |  10149.000 |   2604.000 |   133.000
   2164,   |  10188.900 |  11164.460 |   673.686 |  10149.000 |   2604.000 |   133.000
   2165,   |  10188.900 |  11226.743 |   727.492 |  10149.000 |   2604.000 |   133.000
   2166,   |  10188.900 |  11110.030 |   745.769 |  10149.000 |   2604.000 |   133.000
   2167,   |  10185.500 |  11106.905 |   666.724 |  10151.000 |   2604.000 |   115.000
   2168,   |  10185.500 |  11148.410 |   755.102 |  10151.000 |   2604.000 |   115.000
   2169,   |  10185.500 |  11059.390 |   650.290 |  10151.000 |   2604.000 |   115.000
   2170,   |  10185.500 |  11076.351 |   698.251 |  10151.000 |   2604.000 |   115.000
   2171,   |  10185.500 |  11118.633 |   679.685 |  10151.000 |   2604.000 |   115.000
   2172,   |  10176.500 |  11069.173 |   698.310 |  10139.000 |   2608.000 |   125.000
   2173,   |  10176.500 |  11029.153 |   688.118 |  10139.000 |   2608.000 |   125.000
   2174,   |  10173.200 |  11061.429 |   765.408 |  10136.000 |   2604.000 |   124.000
   2175,   |  10173.200 |  10987.715 |   576.852 |  10136.000 |   2604.000 |   124.000
   2176,   |  10173.200 |  11049.170 |   623.908 |  10136.000 |   2604.000 |   124.000
   2177,   |  10173.200 |  11091.333 |   691.572 |  10136.000 |   2604.000 |   124.000
   2178,   |  10173.200 |  11061.197 |   599.772 |  10136.000 |   2604.000 |   124.000
   2179,   |  10173.200 |  11172.806 |   688.475 |  10136.000 |   2604.000 |   124.000
   2180,   |  10173.200 |  11098.670 |   724.624 |  10136.000 |   2604.000 |   124.000
   2181,   |  10173.200 |  11007.963 |   592.047 |  10136.000 |   2604.000 |   124.000
   2182,   |  10173.200 |  11223.321 |   640.352 |  10136.000 |   2604.000 |   124.000
   2183,   |  10173.200 |  11063.561 |   630.776 |  10136.000 |   2604.000 |   124.000
   2184,   |  10173.200 |  11281.345 |   744.685 |  10136.000 |   2604.000 |   124.000
   2185,   |  10173.200 |  11178.588 |   616.167 |  10136.000 |   2604.000 |   124.000
   2186,   |  10173.200 |  11200.379 |   682.100 |  10136.000 |   2604.000 |   124.000
   2187,   |  10173.200 |  11148.483 |   702.182 |  10136.000 |   2604.000 |   124.000
   2188,   |  10173.200 |  11250.677 |   723.392 |  10136.000 |   2604.000 |   124.000
   2189,   |  10172.300 |  11235.109 |   762.749 |  10136.000 |   2604.000 |   121.000
   2190,   |  10172.300 |  11103.174 |   676.151 |  10136.000 |   2604.000 |   121.000
   2191,   |  10172.300 |  11075.897 |   619.078 |  10136.000 |   2604.000 |   121.000
   2192,   |  10172.300 |  11036.458 |   704.452 |  10136.000 |   2604.000 |   121.000
   2193,   |  10172.300 |  11013.373 |   665.725 |  10136.000 |   2604.000 |   121.000
   2194,   |  10172.300 |  11150.201 |   693.143 |  10136.000 |   2604.000 |   121.000
   2195,   |  10172.300 |  10920.420 |   591.551 |  10136.000 |   2604.000 |   121.000
   2196,   |  10172.300 |  11043.330 |   625.134 |  10136.000 |   2604.000 |   121.000
   2197,   |  10172.300 |  11075.263 |   639.687 |  10136.000 |   2604.000 |   121.000
   2198,   |  10172.300 |  11009.717 |   604.557 |  10136.000 |   2604.000 |   121.000
   2199,   |  10172.300 |  10923.835 |   567.974 |  10136.000 |   2604.000 |   121.000
   2200,   |  10172.300 |  10926.296 |   628.264 |  10136.000 |   2604.000 |   121.000
   2201,   |  10172.300 |  10994.389 |   631.869 |  10136.000 |   2604.000 |   121.000
   2202,   |  10172.300 |  11077.368 |   737.987 |  10136.000 |   2604.000 |   121.000
   2203,   |  10172.300 |  11097.337 |   763.193 |  10136.000 |   2604.000 |   121.000
   2204,   |  10172.300 |  11014.769 |   636.196 |  10136.000 |   2604.000 |   121.000
   2205,   |  10172.300 |  11099.691 |   711.313 |  10136.000 |   2604.000 |   121.000
   2206,   |  10172.300 |  11109.701 |   674.176 |  10136.000 |   2604.000 |   121.000
   2207,   |  10172.300 |  11176.469 |   661.974 |  10136.000 |   2604.000 |   121.000
   2208,   |  10172.300 |  11021.607 |   628.789 |  10136.000 |   2604.000 |   121.000
   2209,   |  10155.700 |  10967.290 |   639.088 |  10123.000 |   2592.000 |   109.000
   2210,   |  10155.700 |  10966.316 |   699.194 |  10123.000 |   2592.000 |   109.000
   2211,   |  10155.700 |  10934.652 |   563.904 |  10123.000 |   2592.000 |   109.000
   2212,   |  10155.700 |  11196.925 |   686.016 |  10123.000 |   2592.000 |   109.000
   2213,   |  10155.700 |  11109.052 |   756.363 |  10123.000 |   2592.000 |   109.000
   2214,   |  10155.700 |  11102.458 |   737.635 |  10123.000 |   2592.000 |   109.000
   2215,   |  10152.400 |  11064.643 |   696.142 |  10120.000 |   2588.000 |   108.000
   2216,   |  10152.400 |  11114.190 |   682.115 |  10120.000 |   2588.000 |   108.000
   2217,   |  10151.500 |  11158.025 |   721.796 |  10120.000 |   2588.000 |   105.000
   2218,   |  10151.500 |  11116.183 |   696.908 |  10120.000 |   2588.000 |   105.000
   2219,   |  10151.500 |  11016.511 |   661.305 |  10120.000 |   2588.000 |   105.000
   2220,   |  10151.500 |  11161.908 |   653.549 |  10120.000 |   2588.000 |   105.000
   2221,   |  10151.500 |  11042.151 |   681.541 |  10120.000 |   2588.000 |   105.000
   2222,   |  10151.500 |  11001.721 |   656.399 |  10120.000 |   2588.000 |   105.000
   2223,   |  10151.500 |  11108.271 |   715.299 |  10120.000 |   2588.000 |   105.000
   2224,   |  10151.500 |  11047.394 |   659.147 |  10120.000 |   2588.000 |   105.000
   2225,   |  10151.500 |  10999.903 |   596.072 |  10120.000 |   2588.000 |   105.000
   2226,   |  10151.500 |  11009.994 |   659.341 |  10120.000 |   2588.000 |   105.000
   2227,   |  10151.500 |  11107.844 |   721.021 |  10120.000 |   2588.000 |   105.000
   2228,   |  10151.500 |  11197.595 |   697.977 |  10120.000 |   2588.000 |   105.000
   2229,   |  10151.500 |  11103.817 |   641.050 |  10120.000 |   2588.000 |   105.000
   2230,   |  10136.500 |  11028.017 |   701.242 |  10102.000 |   2592.000 |   115.000
   2231,   |  10107.300 |  11006.720 |   698.161 |  10074.000 |   2594.000 |   111.000
   2232,   |  10107.300 |  11011.170 |   720.198 |  10074.000 |   2594.000 |   111.000
   2233,   |  10052.700 |  11151.288 |   686.361 |  10032.000 |   2552.000 |    69.000
   2234,   |  10052.700 |  11127.145 |   765.729 |  10032.000 |   2552.000 |    69.000
   2235,   |  10052.700 |  11099.748 |   707.934 |  10032.000 |   2552.000 |    69.000
   2236,   |  10052.700 |  11276.645 |   666.171 |  10032.000 |   2552.000 |    69.000
   2237,   |  10052.700 |  11231.885 |   594.433 |  10032.000 |   2552.000 |    69.000
   2238,   |  10052.700 |  11346.711 |   761.494 |  10032.000 |   2552.000 |    69.000
   2239,   |  10052.700 |  11262.268 |   766.603 |  10032.000 |   2552.000 |    69.000
   2240,   |  10052.700 |  11144.890 |   661.518 |  10032.000 |   2552.000 |    69.000
   2241,   |  10052.700 |  11251.605 |   774.880 |  10032.000 |   2552.000 |    69.000
   2242,   |  10052.700 |  11012.843 |   634.769 |  10032.000 |   2552.000 |    69.000
   2243,   |  10052.700 |  10908.928 |   633.593 |  10032.000 |   2552.000 |    69.000
   2244,   |  10052.700 |  10958.880 |   738.984 |  10032.000 |   2552.000 |    69.000
   2245,   |  10050.900 |  10876.234 |   624.043 |  10035.000 |   2536.000 |    53.000
   2246,   |  10050.900 |  11030.818 |   685.442 |  10035.000 |   2536.000 |    53.000
   2247,   |  10050.900 |  10932.495 |   597.372 |  10035.000 |   2536.000 |    53.000
   2248,   |  10050.900 |  11134.715 |   753.950 |  10035.000 |   2536.000 |    53.000
   2249,   |  10047.900 |  11100.780 |   754.590 |  10032.000 |   2536.000 |    53.000
   2250,   |  10047.900 |  10964.222 |   670.340 |  10032.000 |   2536.000 |    53.000
   2251,   |  10047.900 |  10914.995 |   646.947 |  10032.000 |   2536.000 |    53.000
   2252,   |  10038.900 |  11090.783 |   725.426 |  10017.000 |   2553.000 |    73.000
   2253,   |  10038.900 |  11186.258 |   738.970 |  10017.000 |   2553.000 |    73.000
   2254,   |  10038.900 |  11126.247 |   801.151 |  10017.000 |   2553.000 |    73.000
   2255,   |  10038.900 |  11061.738 |   720.227 |  10017.000 |   2553.000 |    73.000
   2256,   |  10038.900 |  11147.101 |   675.481 |  10017.000 |   2553.000 |    73.000
   2257,   |  10038.900 |  11067.691 |   724.087 |  10017.000 |   2553.000 |    73.000
   2258,   |  10038.900 |  11085.473 |   719.596 |  10017.000 |   2553.000 |    73.000
   2259,   |  10038.900 |  11154.944 |   708.399 |  10017.000 |   2553.000 |    73.000
   2260,   |  10038.900 |  11090.889 |   707.841 |  10017.000 |   2553.000 |    73.000
   2261,   |  10038.900 |  11174.385 |   652.101 |  10017.000 |   2553.000 |    73.000
   2262,   |  10038.900 |  11124.247 |   659.104 |  10017.000 |   2553.000 |    73.000
   2263,   |  10038.900 |  11003.957 |   663.831 |  10017.000 |   2553.000 |    73.000
   2264,   |  10038.900 |  11023.064 |   683.755 |  10017.000 |   2553.000 |    73.000
   2265,   |  10038.900 |  11066.733 |   662.606 |  10017.000 |   2553.000 |    73.000
   2266,   |  10038.900 |  11192.193 |   763.054 |  10017.000 |   2553.000 |    73.000
   2267,   |  10038.900 |  10896.454 |   574.066 |  10017.000 |   2553.000 |    73.000
   2268,   |  10038.900 |  10977.762 |   576.984 |  10017.000 |   2553.000 |    73.000
   2269,   |  10038.900 |  11280.633 |   789.856 |  10017.000 |   2553.000 |    73.000
   2270,   |  10038.900 |  11154.002 |   781.326 |  10017.000 |   2553.000 |    73.000
   2271,   |  10038.900 |  11095.293 |   702.136 |  10017.000 |   2553.000 |    73.000
   2272,   |  10038.900 |  11215.476 |   680.174 |  10017.000 |   2553.000 |    73.000
   2273,   |  10038.900 |  11208.655 |   831.456 |  10017.000 |   2553.000 |    73.000
   2274,   |  10038.900 |  11013.202 |   656.376 |  10017.000 |   2553.000 |    73.000
   2275,   |  10038.900 |  10998.700 |   668.535 |  10017.000 |   2553.000 |    73.000
   2276,   |  10038.900 |  11139.395 |   693.640 |  10017.000 |   2553.000 |    73.000
   2277,   |  10038.900 |  11189.593 |   747.490 |  10017.000 |   2553.000 |    73.000
   2278,   |  10038.900 |  11109.209 |   719.993 |  10017.000 |   2553.000 |    73.000
   2279,   |  10036.200 |  11101.733 |   722.835 |  10020.000 |   2534.000 |    54.000
   2280,   |  10036.200 |  10946.060 |   783.206 |  10020.000 |   2534.000 |    54.000
   2281,   |  10036.200 |  10865.835 |   623.171 |  10020.000 |   2534.000 |    54.000
   2282,   |  10036.200 |  11033.993 |   676.409 |  10020.000 |   2534.000 |    54.000
   2283,   |  10032.900 |  10948.175 |   638.808 |  10017.000 |   2534.000 |    53.000
   2284,   |  10032.900 |  10936.016 |   720.331 |  10017.000 |   2534.000 |    53.000
   2285,   |  10032.900 |  10805.517 |   697.823 |  10017.000 |   2534.000 |    53.000
   2286,   |  10032.900 |  10919.163 |   675.304 |  10017.000 |   2534.000 |    53.000
   2287,   |  10032.900 |  10949.632 |   717.985 |  10017.000 |   2534.000 |    53.000
   2288,   |  10032.900 |  10882.094 |   603.960 |  10017.000 |   2534.000 |    53.000
   2289,   |  10013.800 |  10877.850 |   708.204 |   9991.000 |   2553.000 |    76.000
   2290,   |  10013.800 |  10970.358 |   707.023 |   9991.000 |   2553.000 |    76.000
   2291,   |  10006.900 |  10843.782 |   680.646 |   9991.000 |   2534.000 |    53.000
   2292,   |  10006.900 |  10886.628 |   610.738 |   9991.000 |   2534.000 |    53.000
   2293,   |  10006.900 |  10913.590 |   640.165 |   9991.000 |   2534.000 |    53.000
   2294,   |  10006.900 |  10951.348 |   598.117 |   9991.000 |   2534.000 |    53.000
   2295,   |  10006.900 |  11012.682 |   679.730 |   9991.000 |   2534.000 |    53.000
   2296,   |  10006.900 |  10984.112 |   646.848 |   9991.000 |   2534.000 |    53.000
   2297,   |  10006.900 |  10881.761 |   657.823 |   9991.000 |   2534.000 |    53.000
   2298,   |  10006.900 |  11044.036 |   665.079 |   9991.000 |   2534.000 |    53.000
   2299,   |   9978.900 |  10874.594 |   613.110 |   9954.000 |   2523.000 |    83.000
   2300,   |   9958.100 |  10998.992 |   732.027 |   9941.000 |   2519.000 |    57.000
   2301,   |   9958.100 |  10991.420 |   708.755 |   9941.000 |   2519.000 |    57.000
   2302,   |   9945.500 |  10768.192 |   639.862 |   9935.000 |   2497.000 |    35.000
   2303,   |   9945.500 |  10850.637 |   651.172 |   9935.000 |   2497.000 |    35.000
   2304,   |   9939.700 |  10885.816 |   676.528 |   9934.000 |   2496.000 |    19.000
   2305,   |   9920.600 |  10997.210 |   710.460 |   9920.000 |   2481.000 |     2.000
   2306,   |   9920.600 |  10925.175 |   731.069 |   9920.000 |   2481.000 |     2.000
   2307,   |   9920.600 |  10891.174 |   680.890 |   9920.000 |   2481.000 |     2.000
   2308,   |   9920.600 |  10829.348 |   702.324 |   9920.000 |   2481.000 |     2.000
   2309,   |   9920.600 |  10846.613 |   652.326 |   9920.000 |   2481.000 |     2.000
   2310,   |   9920.600 |  10855.162 |   574.807 |   9920.000 |   2481.000 |     2.000
   2311,   |   9920.600 |  10810.207 |   692.211 |   9920.000 |   2481.000 |     2.000
   2312,   |   9918.200 |  10674.758 |   609.193 |   9917.000 |   2481.000 |     4.000
   2313,   |   9918.200 |  10839.772 |   702.736 |   9917.000 |   2481.000 |     4.000
   2314,   |   9918.200 |  10917.099 |   725.323 |   9917.000 |   2481.000 |     4.000
   2315,   |   9906.400 |  10798.924 |   699.832 |   9901.000 |   2480.000 |    18.000
   2316,   |   9906.400 |  10848.031 |   637.447 |   9901.000 |   2480.000 |    18.000
   2317,   |   9906.400 |  10938.322 |   668.344 |   9901.000 |   2480.000 |    18.000
   2318,   |   9906.400 |  10877.172 |   730.958 |   9901.000 |   2480.000 |    18.000
   2319,   |   9906.400 |  10689.147 |   624.716 |   9901.000 |   2480.000 |    18.000
   2320,   |   9906.400 |  10753.535 |   640.131 |   9901.000 |   2480.000 |    18.000
   2321,   |   9906.400 |  10848.124 |   767.721 |   9901.000 |   2480.000 |    18.000
   2322,   |   9906.400 |  10851.730 |   644.950 |   9901.000 |   2480.000 |    18.000
   2323,   |   9906.400 |  10923.921 |   741.340 |   9901.000 |   2480.000 |    18.000
   2324,   |   9906.400 |  10783.548 |   602.922 |   9901.000 |   2480.000 |    18.000
   2325,   |   9906.400 |  10828.865 |   699.421 |   9901.000 |   2480.000 |    18.000
   2326,   |   9906.400 |  10861.702 |   626.356 |   9901.000 |   2480.000 |    18.000
   2327,   |   9906.400 |  10806.247 |   658.333 |   9901.000 |   2480.000 |    18.000
   2328,   |   9903.700 |  10829.375 |   684.107 |   9898.000 |   2481.000 |    19.000
   2329,   |   9889.700 |  10709.951 |   581.366 |   9884.000 |   2481.000 |    19.000
   2330,   |   9889.700 |  10783.259 |   691.877 |   9884.000 |   2481.000 |    19.000
   2331,   |   9889.700 |  10689.889 |   637.070 |   9884.000 |   2481.000 |    19.000
   2332,   |   9889.700 |  10843.850 |   682.591 |   9884.000 |   2481.000 |    19.000
   2333,   |   9889.700 |  10793.288 |   693.944 |   9884.000 |   2481.000 |    19.000
   2334,   |   9889.700 |  10689.387 |   659.345 |   9884.000 |   2481.000 |    19.000
   2335,   |   9889.700 |  10710.568 |   583.280 |   9884.000 |   2481.000 |    19.000
   2336,   |   9889.700 |  10791.464 |   670.433 |   9884.000 |   2481.000 |    19.000
   2337,   |   9889.700 |  10905.398 |   737.791 |   9884.000 |   2481.000 |    19.000
   2338,   |   9889.700 |  10824.495 |   717.978 |   9884.000 |   2481.000 |    19.000
   2339,   |   9889.700 |  10733.890 |   605.264 |   9884.000 |   2481.000 |    19.000
   2340,   |   9889.700 |  10903.771 |   784.516 |   9884.000 |   2481.000 |    19.000
   2341,   |   9889.700 |  10815.902 |   669.042 |   9884.000 |   2481.000 |    19.000
   2342,   |   9889.700 |  10805.862 |   612.557 |   9884.000 |   2481.000 |    19.000
   2343,   |   9889.700 |  10738.892 |   631.296 |   9884.000 |   2481.000 |    19.000
   2344,   |   9889.700 |  10728.316 |   613.466 |   9884.000 |   2481.000 |    19.000
   2345,   |   9889.700 |  10840.169 |   691.203 |   9884.000 |   2481.000 |    19.000
   2346,   |   9889.700 |  10863.205 |   752.988 |   9884.000 |   2481.000 |    19.000
   2347,   |   9889.700 |  10733.632 |   614.246 |   9884.000 |   2481.000 |    19.000
   2348,   |   9889.700 |  10773.359 |   727.630 |   9884.000 |   2481.000 |    19.000
   2349,   |   9889.700 |  10808.679 |   667.262 |   9884.000 |   2481.000 |    19.000
   2350,   |   9889.700 |  10793.623 |   650.568 |   9884.000 |   2481.000 |    19.000
   2351,   |   9889.700 |  10736.098 |   555.320 |   9884.000 |   2481.000 |    19.000
   2352,   |   9889.700 |  10934.379 |   747.083 |   9884.000 |   2481.000 |    19.000
   2353,   |   9889.700 |  10836.436 |   680.262 |   9884.000 |   2481.000 |    19.000
   2354,   |   9889.700 |  10770.045 |   743.186 |   9884.000 |   2481.000 |    19.000
   2355,   |   9882.200 |  10756.230 |   701.520 |   9875.000 |   2480.000 |    24.000
   2356,   |   9882.200 |  10816.784 |   632.544 |   9875.000 |   2480.000 |    24.000
   2357,   |   9870.900 |  10866.475 |   755.223 |   9858.000 |   2487.000 |    43.000
   2358,   |   9870.900 |  10838.098 |   684.009 |   9858.000 |   2487.000 |    43.000
   2359,   |   9870.900 |  10719.479 |   671.177 |   9858.000 |   2487.000 |    43.000
   2360,   |   9870.900 |  10768.181 |   690.896 |   9858.000 |   2487.000 |    43.000
   2361,   |   9870.900 |  10763.207 |   648.671 |   9858.000 |   2487.000 |    43.000
   2362,   |   9870.900 |  10819.012 |   728.623 |   9858.000 |   2487.000 |    43.000
   2363,   |   9869.800 |  10791.954 |   661.558 |   9859.000 |   2480.000 |    36.000
   2364,   |   9869.800 |  10815.434 |   624.967 |   9859.000 |   2480.000 |    36.000
   2365,   |   9869.800 |  10717.205 |   668.657 |   9859.000 |   2480.000 |    36.000
   2366,   |   9869.800 |  10823.449 |   588.115 |   9859.000 |   2480.000 |    36.000
   2367,   |   9869.800 |  10827.295 |   606.120 |   9859.000 |   2480.000 |    36.000
   2368,   |   9867.100 |  10820.043 |   686.526 |   9856.000 |   2481.000 |    37.000
   2369,   |   9867.100 |  10822.181 |   709.924 |   9856.000 |   2481.000 |    37.000
   2370,   |   9867.100 |  10854.566 |   726.088 |   9856.000 |   2481.000 |    37.000
   2371,   |   9867.100 |  10790.672 |   722.330 |   9856.000 |   2481.000 |    37.000
   2372,   |   9867.100 |  10649.660 |   611.896 |   9856.000 |   2481.000 |    37.000
   2373,   |   9867.100 |  10647.092 |   582.392 |   9856.000 |   2481.000 |    37.000
   2374,   |   9867.100 |  10791.624 |   659.042 |   9856.000 |   2481.000 |    37.000
   2375,   |   9867.100 |  10853.269 |   697.312 |   9856.000 |   2481.000 |    37.000
   2376,   |   9867.100 |  10681.896 |   717.086 |   9856.000 |   2481.000 |    37.000
   2377,   |   9867.100 |  10672.128 |   664.589 |   9856.000 |   2481.000 |    37.000
   2378,   |   9867.100 |  10747.024 |   714.349 |   9856.000 |   2481.000 |    37.000
   2379,   |   9867.100 |  10734.022 |   617.480 |   9856.000 |   2481.000 |    37.000
   2380,   |   9867.100 |  10762.940 |   660.349 |   9856.000 |   2481.000 |    37.000
   2381,   |   9867.100 |  10719.053 |   642.686 |   9856.000 |   2481.000 |    37.000
   2382,   |   9867.100 |  10844.331 |   682.436 |   9856.000 |   2481.000 |    37.000
   2383,   |   9867.100 |  10800.695 |   686.102 |   9856.000 |   2481.000 |    37.000
   2384,   |   9867.100 |  10786.859 |   664.084 |   9856.000 |   2481.000 |    37.000
   2385,   |   9867.100 |  10835.473 |   701.975 |   9856.000 |   2481.000 |    37.000
   2386,   |   9867.100 |  10801.873 |   659.586 |   9856.000 |   2481.000 |    37.000
   2387,   |   9835.800 |  10839.800 |   733.403 |   9822.000 |   2481.000 |    46.000
   2388,   |   9835.800 |  10748.071 |   641.073 |   9822.000 |   2481.000 |    46.000
   2389,   |   9835.800 |  10844.305 |   754.293 |   9822.000 |   2481.000 |    46.000
   2390,   |   9835.800 |  10783.975 |   651.988 |   9822.000 |   2481.000 |    46.000
   2391,   |   9835.100 |  10787.837 |   723.838 |   9824.000 |   2481.000 |    37.000
   2392,   |   9835.100 |  10666.228 |   619.049 |   9824.000 |   2481.000 |    37.000
   2393,   |   9835.100 |  10808.519 |   814.687 |   9824.000 |   2481.000 |    37.000
   2394,   |   9835.100 |  10780.934 |   722.964 |   9824.000 |   2481.000 |    37.000
   2395,   |   9835.100 |  10648.411 |   693.622 |   9824.000 |   2481.000 |    37.000
   2396,   |   9835.100 |  10713.514 |   654.654 |   9824.000 |   2481.000 |    37.000
   2397,   |   9835.100 |  10881.685 |   758.689 |   9824.000 |   2481.000 |    37.000
   2398,   |   9835.100 |  10897.224 |   773.260 |   9824.000 |   2481.000 |    37.000
   2399,   |   9835.100 |  10817.141 |   749.203 |   9824.000 |   2481.000 |    37.000
   2400,   |   9835.100 |  10880.978 |   786.510 |   9824.000 |   2481.000 |    37.000
   2401,   |   9835.100 |  10949.501 |   709.840 |   9824.000 |   2481.000 |    37.000
   2402,   |   9835.100 |  10903.649 |   671.644 |   9824.000 |   2481.000 |    37.000
   2403,   |   9835.100 |  10762.277 |   660.214 |   9824.000 |   2481.000 |    37.000
   2404,   |   9835.100 |  10740.735 |   608.421 |   9824.000 |   2481.000 |    37.000
   2405,   |   9835.100 |  10797.360 |   717.963 |   9824.000 |   2481.000 |    37.000
   2406,   |   9835.100 |  10635.684 |   583.670 |   9824.000 |   2481.000 |    37.000
   2407,   |   9835.100 |  10694.594 |   615.365 |   9824.000 |   2481.000 |    37.000
   2408,   |   9835.100 |  10670.302 |   726.552 |   9824.000 |   2481.000 |    37.000
   2409,   |   9835.100 |  10681.406 |   659.891 |   9824.000 |   2481.000 |    37.000
   2410,   |   9835.100 |  10637.275 |   615.596 |   9824.000 |   2481.000 |    37.000
   2411,   |   9835.100 |  10753.034 |   786.249 |   9824.000 |   2481.000 |    37.000
   2412,   |   9835.100 |  10746.708 |   656.744 |   9824.000 |   2481.000 |    37.000
   2413,   |   9835.100 |  10875.802 |   755.372 |   9824.000 |   2481.000 |    37.000
   2414,   |   9835.100 |  10661.579 |   654.295 |   9824.000 |   2481.000 |    37.000
   2415,   |   9835.100 |  10673.813 |   565.556 |   9824.000 |   2481.000 |    37.000
   2416,   |   9835.100 |  10745.559 |   675.346 |   9824.000 |   2481.000 |    37.000
   2417,   |   9835.100 |  10818.297 |   721.505 |   9824.000 |   2481.000 |    37.000
   2418,   |   9835.100 |  10814.103 |   690.808 |   9824.000 |   2481.000 |    37.000
   2419,   |   9835.100 |  10752.205 |   614.591 |   9824.000 |   2481.000 |    37.000
   2420,   |   9835.100 |  10757.590 |   703.712 |   9824.000 |   2481.000 |    37.000
   2421,   |   9835.100 |  10780.562 |   679.889 |   9824.000 |   2481.000 |    37.000
   2422,   |   9835.100 |  10831.926 |   766.783 |   9824.000 |   2481.000 |    37.000
   2423,   |   9835.100 |  10785.812 |   642.727 |   9824.000 |   2481.000 |    37.000
   2424,   |   9835.100 |  10744.439 |   627.903 |   9824.000 |   2481.000 |    37.000
   2425,   |   9835.100 |  10718.201 |   555.475 |   9824.000 |   2481.000 |    37.000
   2426,   |   9835.100 |  10888.917 |   675.647 |   9824.000 |   2481.000 |    37.000
   2427,   |   9835.100 |  10844.841 |   620.835 |   9824.000 |   2481.000 |    37.000
   2428,   |   9835.100 |  10888.512 |   683.254 |   9824.000 |   2481.000 |    37.000
   2429,   |   9835.100 |  10897.729 |   679.344 |   9824.000 |   2481.000 |    37.000
   2430,   |   9835.100 |  10933.981 |   648.195 |   9824.000 |   2481.000 |    37.000
   2431,   |   9835.100 |  10744.645 |   660.239 |   9824.000 |   2481.000 |    37.000
   2432,   |   9835.100 |  10866.899 |   558.228 |   9824.000 |   2481.000 |    37.000
   2433,   |   9835.100 |  10954.993 |   761.171 |   9824.000 |   2481.000 |    37.000
   2434,   |   9835.100 |  10882.786 |   651.928 |   9824.000 |   2481.000 |    37.000
   2435,   |   9835.100 |  10881.723 |   719.450 |   9824.000 |   2481.000 |    37.000
   2436,   |   9835.100 |  10949.230 |   777.345 |   9824.000 |   2481.000 |    37.000
   2437,   |   9835.100 |  10840.727 |   691.426 |   9824.000 |   2481.000 |    37.000
   2438,   |   9835.100 |  10880.167 |   801.271 |   9824.000 |   2481.000 |    37.000
   2439,   |   9835.100 |  10838.150 |   782.019 |   9824.000 |   2481.000 |    37.000
   2440,   |   9831.800 |  10898.898 |   700.152 |   9818.000 |   2481.000 |    46.000
   2441,   |   9831.800 |  10887.498 |   694.792 |   9818.000 |   2481.000 |    46.000
   2442,   |   9831.800 |  11004.185 |   728.891 |   9818.000 |   2481.000 |    46.000
   2443,   |   9827.100 |  10781.201 |   671.910 |   9816.000 |   2481.000 |    37.000
   2444,   |   9827.100 |  10860.934 |   691.813 |   9816.000 |   2481.000 |    37.000
   2445,   |   9827.100 |  10906.049 |   714.619 |   9816.000 |   2481.000 |    37.000
   2446,   |   9777.700 |  10888.283 |   768.902 |   9730.000 |   2506.000 |   159.000
   2447,   |   9777.700 |  10770.296 |   651.322 |   9730.000 |   2506.000 |   159.000
   2448,   |   9777.700 |  10885.711 |   721.766 |   9730.000 |   2506.000 |   159.000
   2449,   |   9777.700 |  10798.613 |   657.716 |   9730.000 |   2506.000 |   159.000
   2450,   |   9777.700 |  10792.679 |   659.381 |   9730.000 |   2506.000 |   159.000
   2451,   |   9777.700 |  10849.177 |   673.917 |   9730.000 |   2506.000 |   159.000
   2452,   |   9777.700 |  10852.092 |   755.752 |   9730.000 |   2506.000 |   159.000
   2453,   |   9777.700 |  10798.343 |   747.096 |   9730.000 |   2506.000 |   159.000
   2454,   |   9777.700 |  10775.667 |   693.927 |   9730.000 |   2506.000 |   159.000
   2455,   |   9772.600 |  10957.619 |   748.405 |   9733.000 |   2488.000 |   132.000
   2456,   |   9772.600 |  11010.628 |   837.312 |   9733.000 |   2488.000 |   132.000
   2457,   |   9772.600 |  10917.558 |   701.984 |   9733.000 |   2488.000 |   132.000
   2458,   |   9769.700 |  10865.640 |   742.246 |   9731.000 |   2492.000 |   129.000
   2459,   |   9769.700 |  10759.901 |   689.388 |   9731.000 |   2492.000 |   129.000
   2460,   |   9769.700 |  10740.073 |   715.993 |   9731.000 |   2492.000 |   129.000
   2461,   |   9769.700 |  10644.604 |   596.008 |   9731.000 |   2492.000 |   129.000
   2462,   |   9769.700 |  10754.529 |   701.272 |   9731.000 |   2492.000 |   129.000
   2463,   |   9769.700 |  10859.331 |   754.367 |   9731.000 |   2492.000 |   129.000
   2464,   |   9769.700 |  10864.065 |   754.781 |   9731.000 |   2492.000 |   129.000
   2465,   |   9769.700 |  10780.047 |   742.533 |   9731.000 |   2492.000 |   129.000
   2466,   |   9769.700 |  10574.762 |   609.872 |   9731.000 |   2492.000 |   129.000
   2467,   |   9765.500 |  10701.102 |   683.615 |   9728.000 |   2488.000 |   125.000
   2468,   |   9765.500 |  10589.820 |   627.568 |   9728.000 |   2488.000 |   125.000
   2469,   |   9765.500 |  10681.861 |   688.186 |   9728.000 |   2488.000 |   125.000
   2470,   |   9765.500 |  10559.726 |   688.174 |   9728.000 |   2488.000 |   125.000
   2471,   |   9765.500 |  10724.127 |   643.328 |   9728.000 |   2488.000 |   125.000
   2472,   |   9765.500 |  10818.551 |   707.597 |   9728.000 |   2488.000 |   125.000
   2473,   |   9765.500 |  10724.454 |   684.235 |   9728.000 |   2488.000 |   125.000
   2474,   |   9765.500 |  10770.250 |   740.859 |   9728.000 |   2488.000 |   125.000
   2475,   |   9765.500 |  10609.455 |   642.834 |   9728.000 |   2488.000 |   125.000
   2476,   |   9765.500 |  10594.968 |   641.633 |   9728.000 |   2488.000 |   125.000
   2477,   |   9765.500 |  10696.789 |   672.949 |   9728.000 |   2488.000 |   125.000
   2478,   |   9765.500 |  10648.143 |   662.700 |   9728.000 |   2488.000 |   125.000
   2479,   |   9765.500 |  10692.796 |   673.296 |   9728.000 |   2488.000 |   125.000
   2480,   |   9765.500 |  10661.485 |   567.927 |   9728.000 |   2488.000 |   125.000
   2481,   |   9765.500 |  10641.513 |   668.285 |   9728.000 |   2488.000 |   125.000
   2482,   |   9762.500 |  10603.531 |   621.759 |   9725.000 |   2488.000 |   125.000
   2483,   |   9762.500 |  10648.532 |   712.057 |   9725.000 |   2488.000 |   125.000
   2484,   |   9762.500 |  10641.665 |   670.136 |   9725.000 |   2488.000 |   125.000
   2485,   |   9762.500 |  10543.384 |   673.448 |   9725.000 |   2488.000 |   125.000
   2486,   |   9762.500 |  10521.054 |   650.101 |   9725.000 |   2488.000 |   125.000
   2487,   |   9762.500 |  10736.155 |   707.182 |   9725.000 |   2488.000 |   125.000
   2488,   |   9762.500 |  10748.155 |   676.803 |   9725.000 |   2488.000 |   125.000
   2489,   |   9753.600 |  10651.602 |   657.738 |   9708.000 |   2492.000 |   152.000
   2490,   |   9753.600 |  10523.176 |   630.214 |   9708.000 |   2492.000 |   152.000
   2491,   |   9753.600 |  10554.560 |   628.087 |   9708.000 |   2492.000 |   152.000
   2492,   |   9753.600 |  10614.770 |   614.848 |   9708.000 |   2492.000 |   152.000
   2493,   |   9746.400 |  10706.700 |   661.926 |   9702.000 |   2488.000 |   148.000
   2494,   |   9746.400 |  10607.038 |   651.199 |   9702.000 |   2488.000 |   148.000
   2495,   |   9746.400 |  10665.487 |   729.816 |   9702.000 |   2488.000 |   148.000
   2496,   |   9746.400 |  10623.102 |   668.582 |   9702.000 |   2488.000 |   148.000
   2497,   |   9746.400 |  10676.532 |   642.152 |   9702.000 |   2488.000 |   148.000
   2498,   |   9746.400 |  10815.048 |   826.126 |   9702.000 |   2488.000 |   148.000
   2499,   |   9746.400 |  10627.514 |   683.173 |   9702.000 |   2488.000 |   148.000
   2500,   |   9746.400 |  10632.225 |   630.423 |   9702.000 |   2488.000 |   148.000
   2501,   |   9746.400 |  10587.796 |   591.403 |   9702.000 |   2488.000 |   148.000
   2502,   |   9746.400 |  10639.869 |   612.728 |   9702.000 |   2488.000 |   148.000
   2503,   |   9746.400 |  10711.801 |   657.128 |   9702.000 |   2488.000 |   148.000
   2504,   |   9746.400 |  10600.057 |   610.944 |   9702.000 |   2488.000 |   148.000
   2505,   |   9746.400 |  10615.369 |   594.869 |   9702.000 |   2488.000 |   148.000
   2506,   |   9746.400 |  10661.891 |   602.627 |   9702.000 |   2488.000 |   148.000
   2507,   |   9746.400 |  10668.810 |   664.399 |   9702.000 |   2488.000 |   148.000
   2508,   |   9746.400 |  10748.626 |   728.091 |   9702.000 |   2488.000 |   148.000
   2509,   |   9746.400 |  10628.277 |   628.608 |   9702.000 |   2488.000 |   148.000
   2510,   |   9735.400 |  10594.225 |   667.758 |   9691.000 |   2488.000 |   148.000
   2511,   |   9735.400 |  10681.261 |   649.499 |   9691.000 |   2488.000 |   148.000
   2512,   |   9735.400 |  10548.110 |   569.597 |   9691.000 |   2488.000 |   148.000
   2513,   |   9735.400 |  10558.011 |   626.867 |   9691.000 |   2488.000 |   148.000
   2514,   |   9735.400 |  10644.899 |   677.804 |   9691.000 |   2488.000 |   148.000
   2515,   |   9735.400 |  10582.720 |   652.213 |   9691.000 |   2488.000 |   148.000
   2516,   |   9735.400 |  10663.303 |   695.954 |   9691.000 |   2488.000 |   148.000
   2517,   |   9735.400 |  10660.862 |   746.650 |   9691.000 |   2488.000 |   148.000
   2518,   |   9730.000 |  10584.849 |   641.204 |   9679.000 |   2494.000 |   170.000
   2519,   |   9729.500 |  10660.036 |   741.236 |   9698.000 |   2481.000 |   105.000
   2520,   |   9659.900 |  10682.755 |   783.710 |   9611.000 |   2494.000 |   163.000
   2521,   |   9654.900 |  10598.645 |   754.194 |   9606.000 |   2494.000 |   163.000
   2522,   |   9654.900 |  10651.990 |   745.056 |   9606.000 |   2494.000 |   163.000
   2523,   |   9654.900 |  10680.857 |   797.269 |   9606.000 |   2494.000 |   163.000
   2524,   |   9654.900 |  10676.000 |   723.852 |   9606.000 |   2494.000 |   163.000
   2525,   |   9654.900 |  10606.000 |   646.087 |   9606.000 |   2494.000 |   163.000
   2526,   |   9654.900 |  10631.987 |   721.229 |   9606.000 |   2494.000 |   163.000
   2527,   |   9654.900 |  10582.097 |   714.302 |   9606.000 |   2494.000 |   163.000
   2528,   |   9654.900 |  10425.994 |   668.288 |   9606.000 |   2494.000 |   163.000
   2529,   |   9654.900 |  10372.652 |   565.128 |   9606.000 |   2494.000 |   163.000
   2530,   |   9654.900 |  10468.507 |   620.145 |   9606.000 |   2494.000 |   163.000
   2531,   |   9654.900 |  10451.332 |   637.263 |   9606.000 |   2494.000 |   163.000
   2532,   |   9654.900 |  10478.751 |   644.537 |   9606.000 |   2494.000 |   163.000
   2533,   |   9654.900 |  10470.421 |   651.273 |   9606.000 |   2494.000 |   163.000
   2534,   |   9654.900 |  10521.861 |   682.870 |   9606.000 |   2494.000 |   163.000
   2535,   |   9654.900 |  10339.246 |   632.311 |   9606.000 |   2494.000 |   163.000
   2536,   |   9654.900 |  10475.464 |   673.780 |   9606.000 |   2494.000 |   163.000
   2537,   |   9654.900 |  10566.588 |   719.763 |   9606.000 |   2494.000 |   163.000
   2538,   |   9654.900 |  10453.437 |   721.412 |   9606.000 |   2494.000 |   163.000
   2539,   |   9649.400 |  10576.429 |   648.324 |   9599.000 |   2479.000 |   168.000
   2540,   |   9644.900 |  10429.538 |   642.377 |   9599.000 |   2483.000 |   153.000
   2541,   |   9639.900 |  10462.789 |   646.199 |   9594.000 |   2483.000 |   153.000
   2542,   |   9639.900 |  10708.887 |   720.560 |   9594.000 |   2483.000 |   153.000
   2543,   |   9639.900 |  10558.821 |   639.007 |   9594.000 |   2483.000 |   153.000
   2544,   |   9639.900 |  10520.742 |   639.619 |   9594.000 |   2483.000 |   153.000
   2545,   |   9639.900 |  10696.490 |   746.052 |   9594.000 |   2483.000 |   153.000
   2546,   |   9639.900 |  10584.812 |   680.190 |   9594.000 |   2483.000 |   153.000
   2547,   |   9639.900 |  10645.775 |   646.740 |   9594.000 |   2483.000 |   153.000
   2548,   |   9635.400 |  10656.929 |   705.556 |   9591.000 |   2479.000 |   148.000
   2549,   |   9635.400 |  10602.785 |   713.911 |   9591.000 |   2479.000 |   148.000
   2550,   |   9635.400 |  10646.839 |   706.504 |   9591.000 |   2479.000 |   148.000
   2551,   |   9635.400 |  10646.314 |   686.903 |   9591.000 |   2479.000 |   148.000
   2552,   |   9635.400 |  10491.102 |   712.779 |   9591.000 |   2479.000 |   148.000
   2553,   |   9635.400 |  10506.345 |   660.785 |   9591.000 |   2479.000 |   148.000
   2554,   |   9635.400 |  10409.133 |   685.061 |   9591.000 |   2479.000 |   148.000
   2555,   |   9635.400 |  10379.658 |   648.632 |   9591.000 |   2479.000 |   148.000
   2556,   |   9635.400 |  10470.879 |   662.851 |   9591.000 |   2479.000 |   148.000
   2557,   |   9635.400 |  10597.212 |   766.596 |   9591.000 |   2479.000 |   148.000
   2558,   |   9627.400 |  10541.123 |   749.577 |   9574.000 |   2479.000 |   178.000
   2559,   |   9627.400 |  10428.783 |   655.927 |   9574.000 |   2479.000 |   178.000
   2560,   |   9627.400 |  10493.959 |   731.663 |   9574.000 |   2479.000 |   178.000
   2561,   |   9627.400 |  10543.191 |   689.158 |   9574.000 |   2479.000 |   178.000
   2562,   |   9627.400 |  10517.743 |   663.779 |   9574.000 |   2479.000 |   178.000
   2563,   |   9627.400 |  10532.188 |   676.611 |   9574.000 |   2479.000 |   178.000
   2564,   |   9627.000 |  10456.262 |   661.450 |   9570.000 |   2483.000 |   190.000
   2565,   |   9627.000 |  10511.497 |   736.367 |   9570.000 |   2483.000 |   190.000
   2566,   |   9627.000 |  10504.388 |   634.582 |   9570.000 |   2483.000 |   190.000
   2567,   |   9613.700 |  10536.635 |   701.397 |   9563.000 |   2479.000 |   169.000
   2568,   |   9613.700 |  10555.418 |   703.193 |   9563.000 |   2479.000 |   169.000
   2569,   |   9613.700 |  10524.034 |   715.441 |   9563.000 |   2479.000 |   169.000
   2570,   |   9589.200 |  10519.293 |   724.350 |   9516.000 |   2483.000 |   244.000
   2571,   |   9583.500 |  10500.218 |   732.780 |   9519.000 |   2479.000 |   215.000
   2572,   |   9583.500 |  10483.158 |   749.487 |   9519.000 |   2479.000 |   215.000
   2573,   |   9583.500 |  10476.156 |   685.718 |   9519.000 |   2479.000 |   215.000
   2574,   |   9583.500 |  10479.805 |   707.889 |   9519.000 |   2479.000 |   215.000
   2575,   |   9583.500 |  10436.682 |   643.429 |   9519.000 |   2479.000 |   215.000
   2576,   |   9583.500 |  10569.758 |   745.174 |   9519.000 |   2479.000 |   215.000
   2577,   |   9487.300 |  10476.361 |   736.222 |   9430.000 |   2454.000 |   191.000
   2578,   |   9487.300 |  10493.705 |   638.812 |   9430.000 |   2454.000 |   191.000
   2579,   |   9487.300 |  10624.299 |   718.935 |   9430.000 |   2454.000 |   191.000
   2580,   |   9487.300 |  10573.737 |   725.530 |   9430.000 |   2454.000 |   191.000
   2581,   |   9487.300 |  10815.045 |   848.932 |   9430.000 |   2454.000 |   191.000
   2582,   |   9487.300 |  10705.998 |   808.636 |   9430.000 |   2454.000 |   191.000
   2583,   |   9482.800 |  10583.027 |   802.230 |   9427.000 |   2450.000 |   186.000
   2584,   |   9482.800 |  10657.395 |   870.540 |   9427.000 |   2450.000 |   186.000
   2585,   |   9482.800 |  10507.207 |   778.931 |   9427.000 |   2450.000 |   186.000
   2586,   |   9482.800 |  10480.161 |   729.658 |   9427.000 |   2450.000 |   186.000
   2587,   |   9478.900 |  10390.404 |   660.373 |   9460.000 |   2405.000 |    63.000
   2588,   |   9478.900 |  10385.600 |   635.292 |   9460.000 |   2405.000 |    63.000
   2589,   |   9478.900 |  10303.211 |   580.454 |   9460.000 |   2405.000 |    63.000
   2590,   |   9436.000 |  10348.124 |   691.829 |   9391.000 |   2414.000 |   150.000
   2591,   |   9436.000 |  10345.019 |   617.092 |   9391.000 |   2414.000 |   150.000
   2592,   |   9436.000 |  10299.608 |   623.155 |   9391.000 |   2414.000 |   150.000
   2593,   |   9436.000 |  10460.989 |   679.037 |   9391.000 |   2414.000 |   150.000
   2594,   |   9436.000 |  10509.061 |   703.675 |   9391.000 |   2414.000 |   150.000
   2595,   |   9436.000 |  10458.031 |   608.664 |   9391.000 |   2414.000 |   150.000
   2596,   |   9436.000 |  10425.835 |   627.970 |   9391.000 |   2414.000 |   150.000
   2597,   |   9432.200 |  10467.500 |   668.242 |   9401.000 |   2414.000 |   104.000
   2598,   |   9407.000 |  10342.190 |   657.911 |   9362.000 |   2414.000 |   150.000
   2599,   |   9407.000 |  10451.925 |   703.196 |   9362.000 |   2414.000 |   150.000
   2600,   |   9407.000 |  10397.872 |   658.972 |   9362.000 |   2414.000 |   150.000
   2601,   |   9407.000 |  10391.468 |   651.497 |   9362.000 |   2414.000 |   150.000
   2602,   |   9407.000 |  10488.549 |   739.087 |   9362.000 |   2414.000 |   150.000
   2603,   |   9407.000 |  10615.590 |   791.048 |   9362.000 |   2414.000 |   150.000
   2604,   |   9407.000 |  10333.001 |   640.663 |   9362.000 |   2414.000 |   150.000
   2605,   |   9407.000 |  10203.400 |   575.457 |   9362.000 |   2414.000 |   150.000
   2606,   |   9407.000 |  10470.818 |   657.916 |   9362.000 |   2414.000 |   150.000
   2607,   |   9407.000 |  10393.373 |   675.181 |   9362.000 |   2414.000 |   150.000
   2608,   |   9407.000 |  10370.848 |   656.487 |   9362.000 |   2414.000 |   150.000
   2609,   |   9407.000 |  10171.674 |   609.346 |   9362.000 |   2414.000 |   150.000
   2610,   |   9407.000 |  10365.123 |   608.710 |   9362.000 |   2414.000 |   150.000
   2611,   |   9407.000 |  10362.201 |   670.941 |   9362.000 |   2414.000 |   150.000
   2612,   |   9407.000 |  10423.522 |   699.801 |   9362.000 |   2414.000 |   150.000
   2613,   |   9407.000 |  10395.338 |   715.667 |   9362.000 |   2414.000 |   150.000
   2614,   |   9407.000 |  10409.029 |   741.363 |   9362.000 |   2414.000 |   150.000
   2615,   |   9407.000 |  10403.024 |   658.334 |   9362.000 |   2414.000 |   150.000
   2616,   |   9407.000 |  10447.653 |   638.304 |   9362.000 |   2414.000 |   150.000
   2617,   |   9407.000 |  10480.287 |   710.131 |   9362.000 |   2414.000 |   150.000
   2618,   |   9407.000 |  10392.646 |   651.634 |   9362.000 |   2414.000 |   150.000
   2619,   |   9407.000 |  10400.891 |   699.709 |   9362.000 |   2414.000 |   150.000
   2620,   |   9407.000 |  10399.018 |   661.121 |   9362.000 |   2414.000 |   150.000
   2621,   |   9407.000 |  10478.954 |   696.171 |   9362.000 |   2414.000 |   150.000
   2622,   |   9407.000 |  10379.580 |   651.592 |   9362.000 |   2414.000 |   150.000
   2623,   |   9407.000 |  10449.635 |   684.054 |   9362.000 |   2414.000 |   150.000
   2624,   |   9407.000 |  10397.602 |   639.237 |   9362.000 |   2414.000 |   150.000
   2625,   |   9407.000 |  10473.096 |   667.138 |   9362.000 |   2414.000 |   150.000
   2626,   |   9407.000 |  10368.036 |   651.023 |   9362.000 |   2414.000 |   150.000
   2627,   |   9407.000 |  10291.893 |   648.918 |   9362.000 |   2414.000 |   150.000
   2628,   |   9407.000 |  10377.513 |   712.337 |   9362.000 |   2414.000 |   150.000
   2629,   |   9407.000 |  10423.220 |   648.296 |   9362.000 |   2414.000 |   150.000
   2630,   |   9407.000 |  10298.352 |   600.019 |   9362.000 |   2414.000 |   150.000
   2631,   |   9407.000 |  10456.218 |   714.479 |   9362.000 |   2414.000 |   150.000
   2632,   |   9407.000 |  10285.674 |   632.691 |   9362.000 |   2414.000 |   150.000
   2633,   |   9352.700 |  10389.416 |   699.800 |   9299.000 |   2418.000 |   179.000
   2634,   |   9352.700 |  10336.030 |   674.212 |   9299.000 |   2418.000 |   179.000
   2635,   |   9348.200 |  10536.042 |   797.678 |   9296.000 |   2414.000 |   174.000
   2636,   |   9323.000 |  10399.157 |   680.196 |   9278.000 |   2414.000 |   150.000
   2637,   |   9322.700 |  10420.450 |   618.556 |   9269.000 |   2418.000 |   179.000
   2638,   |   9322.700 |  10455.323 |   706.352 |   9269.000 |   2418.000 |   179.000
   2639,   |   9322.700 |  10580.318 |   776.081 |   9269.000 |   2418.000 |   179.000
   2640,   |   9322.700 |  10514.078 |   752.277 |   9269.000 |   2418.000 |   179.000
   2641,   |   9322.700 |  10380.055 |   633.502 |   9269.000 |   2418.000 |   179.000
   2642,   |   9318.200 |  10441.259 |   661.157 |   9266.000 |   2414.000 |   174.000
   2643,   |   9318.200 |  10445.269 |   701.622 |   9266.000 |   2414.000 |   174.000
   2644,   |   9318.200 |  10322.930 |   605.209 |   9266.000 |   2414.000 |   174.000
   2645,   |   9318.200 |  10478.359 |   632.830 |   9266.000 |   2414.000 |   174.000
   2646,   |   9318.200 |  10457.446 |   687.812 |   9266.000 |   2414.000 |   174.000
   2647,   |   9318.200 |  10406.371 |   693.862 |   9266.000 |   2414.000 |   174.000
   2648,   |   9318.200 |  10200.082 |   663.200 |   9266.000 |   2414.000 |   174.000
   2649,   |   9318.200 |  10119.360 |   594.020 |   9266.000 |   2414.000 |   174.000
   2650,   |   9318.200 |  10178.033 |   636.518 |   9266.000 |   2414.000 |   174.000
   2651,   |   9318.200 |  10220.045 |   629.552 |   9266.000 |   2414.000 |   174.000
   2652,   |   9318.200 |  10239.939 |   649.359 |   9266.000 |   2414.000 |   174.000
   2653,   |   9318.200 |  10258.005 |   643.027 |   9266.000 |   2414.000 |   174.000
   2654,   |   9318.200 |  10170.160 |   623.776 |   9266.000 |   2414.000 |   174.000
   2655,   |   9298.700 |  10465.947 |   733.043 |   9248.000 |   2414.000 |   169.000
   2656,   |   9298.700 |  10393.072 |   675.444 |   9248.000 |   2414.000 |   169.000
   2657,   |   9298.700 |  10352.842 |   747.331 |   9248.000 |   2414.000 |   169.000
   2658,   |   9298.700 |  10183.020 |   644.794 |   9248.000 |   2414.000 |   169.000
   2659,   |   9298.700 |  10296.659 |   713.523 |   9248.000 |   2414.000 |   169.000
   2660,   |   9298.700 |  10294.063 |   683.800 |   9248.000 |   2414.000 |   169.000
   2661,   |   9298.700 |  10377.597 |   738.803 |   9248.000 |   2414.000 |   169.000
   2662,   |   9298.700 |  10183.038 |   661.386 |   9248.000 |   2414.000 |   169.000
   2663,   |   9298.700 |  10253.448 |   671.496 |   9248.000 |   2414.000 |   169.000
   2664,   |   9298.700 |  10067.651 |   528.421 |   9248.000 |   2414.000 |   169.000
   2665,   |   9298.700 |  10335.107 |   680.463 |   9248.000 |   2414.000 |   169.000
   2666,   |   9298.700 |  10239.643 |   668.017 |   9248.000 |   2414.000 |   169.000
   2667,   |   9298.700 |  10272.029 |   679.609 |   9248.000 |   2414.000 |   169.000
   2668,   |   9298.700 |  10231.119 |   607.550 |   9248.000 |   2414.000 |   169.000
   2669,   |   9298.700 |  10272.145 |   646.268 |   9248.000 |   2414.000 |   169.000
   2670,   |   9298.700 |  10349.821 |   725.344 |   9248.000 |   2414.000 |   169.000
   2671,   |   9298.700 |  10231.349 |   689.667 |   9248.000 |   2414.000 |   169.000
   2672,   |   9298.700 |  10266.179 |   681.196 |   9248.000 |   2414.000 |   169.000
   2673,   |   9298.700 |  10264.437 |   724.955 |   9248.000 |   2414.000 |   169.000
   2674,   |   9298.700 |  10412.687 |   726.321 |   9248.000 |   2414.000 |   169.000
   2675,   |   9294.200 |  10222.116 |   724.594 |   9242.000 |   2414.000 |   174.000
   2676,   |   9294.200 |  10340.304 |   718.327 |   9242.000 |   2414.000 |   174.000
   2677,   |   9294.200 |  10325.853 |   642.666 |   9242.000 |   2414.000 |   174.000
   2678,   |   9294.200 |  10216.976 |   704.699 |   9242.000 |   2414.000 |   174.000
   2679,   |   9294.200 |  10246.508 |   638.625 |   9242.000 |   2414.000 |   174.000
   2680,   |   9294.200 |  10244.930 |   585.286 |   9242.000 |   2414.000 |   174.000
   2681,   |   9294.200 |  10415.898 |   711.628 |   9242.000 |   2414.000 |   174.000
   2682,   |   9294.200 |  10299.711 |   634.764 |   9242.000 |   2414.000 |   174.000
   2683,   |   9294.200 |  10425.396 |   751.362 |   9242.000 |   2414.000 |   174.000
   2684,   |   9294.200 |  10272.752 |   703.415 |   9242.000 |   2414.000 |   174.000
   2685,   |   9294.200 |  10396.020 |   748.388 |   9242.000 |   2414.000 |   174.000
   2686,   |   9294.200 |  10457.366 |   669.266 |   9242.000 |   2414.000 |   174.000
   2687,   |   9294.200 |  10505.716 |   758.459 |   9242.000 |   2414.000 |   174.000
   2688,   |   9294.200 |  10249.387 |   596.506 |   9242.000 |   2414.000 |   174.000
   2689,   |   9294.200 |  10296.589 |   681.623 |   9242.000 |   2414.000 |   174.000
   2690,   |   9294.200 |  10283.163 |   714.239 |   9242.000 |   2414.000 |   174.000
   2691,   |   9294.200 |  10216.130 |   648.390 |   9242.000 |   2414.000 |   174.000
   2692,   |   9294.200 |  10176.517 |   707.417 |   9242.000 |   2414.000 |   174.000
   2693,   |   9294.200 |  10246.108 |   641.724 |   9242.000 |   2414.000 |   174.000
   2694,   |   9294.200 |  10280.564 |   653.252 |   9242.000 |   2414.000 |   174.000
   2695,   |   9294.200 |  10179.109 |   597.006 |   9242.000 |   2414.000 |   174.000
   2696,   |   9294.200 |  10205.096 |   631.737 |   9242.000 |   2414.000 |   174.000
   2697,   |   9294.200 |  10209.600 |   648.542 |   9242.000 |   2414.000 |   174.000
   2698,   |   9294.200 |  10293.153 |   677.097 |   9242.000 |   2414.000 |   174.000
   2699,   |   9294.200 |  10364.344 |   725.730 |   9242.000 |   2414.000 |   174.000
   2700,   |   9294.200 |  10309.505 |   683.239 |   9242.000 |   2414.000 |   174.000
   2701,   |   9294.200 |  10243.207 |   642.670 |   9242.000 |   2414.000 |   174.000
   2702,   |   9294.200 |  10350.685 |   678.414 |   9242.000 |   2414.000 |   174.000
   2703,   |   9294.200 |  10325.358 |   736.116 |   9242.000 |   2414.000 |   174.000
   2704,   |   9294.200 |  10286.060 |   692.538 |   9242.000 |   2414.000 |   174.000
   2705,   |   9294.200 |  10176.857 |   647.066 |   9242.000 |   2414.000 |   174.000
   2706,   |   9294.200 |  10164.250 |   603.005 |   9242.000 |   2414.000 |   174.000
   2707,   |   9294.200 |  10233.346 |   669.929 |   9242.000 |   2414.000 |   174.000
   2708,   |   9294.200 |  10074.640 |   634.611 |   9242.000 |   2414.000 |   174.000
   2709,   |   9294.200 |  10238.667 |   695.997 |   9242.000 |   2414.000 |   174.000
   2710,   |   9294.200 |  10106.265 |   626.920 |   9242.000 |   2414.000 |   174.000
   2711,   |   9294.200 |  10118.093 |   556.269 |   9242.000 |   2414.000 |   174.000
   2712,   |   9294.200 |  10145.630 |   601.710 |   9242.000 |   2414.000 |   174.000
   2713,   |   9294.200 |  10276.835 |   658.020 |   9242.000 |   2414.000 |   174.000
   2714,   |   9294.200 |  10323.902 |   685.928 |   9242.000 |   2414.000 |   174.000
   2715,   |   9294.200 |  10343.360 |   662.278 |   9242.000 |   2414.000 |   174.000
   2716,   |   9294.200 |  10413.269 |   795.992 |   9242.000 |   2414.000 |   174.000
   2717,   |   9294.200 |  10262.054 |   705.469 |   9242.000 |   2414.000 |   174.000
   2718,   |   9294.200 |  10278.550 |   688.765 |   9242.000 |   2414.000 |   174.000
   2719,   |   9294.200 |  10145.885 |   667.497 |   9242.000 |   2414.000 |   174.000
   2720,   |   9294.200 |  10188.520 |   616.327 |   9242.000 |   2414.000 |   174.000
   2721,   |   9294.200 |  10332.017 |   691.913 |   9242.000 |   2414.000 |   174.000
   2722,   |   9294.200 |  10342.697 |   655.549 |   9242.000 |   2414.000 |   174.000
   2723,   |   9294.200 |  10189.702 |   685.782 |   9242.000 |   2414.000 |   174.000
   2724,   |   9294.200 |  10083.915 |   568.955 |   9242.000 |   2414.000 |   174.000
   2725,   |   9294.200 |  10259.357 |   648.256 |   9242.000 |   2414.000 |   174.000
   2726,   |   9294.200 |  10360.720 |   725.260 |   9242.000 |   2414.000 |   174.000
   2727,   |   9271.400 |  10354.061 |   678.212 |   9206.000 |   2418.000 |   218.000
   2728,   |   9271.400 |  10210.278 |   641.441 |   9206.000 |   2418.000 |   218.000
   2729,   |   9267.200 |  10228.459 |   697.574 |   9203.000 |   2414.000 |   214.000
   2730,   |   9261.200 |  10086.239 |   621.773 |   9197.000 |   2414.000 |   214.000
   2731,   |   9261.200 |  10112.505 |   647.687 |   9197.000 |   2414.000 |   214.000
   2732,   |   9261.200 |  10265.439 |   685.136 |   9197.000 |   2414.000 |   214.000
   2733,   |   9261.200 |  10360.697 |   705.790 |   9197.000 |   2414.000 |   214.000
   2734,   |   9261.200 |  10431.319 |   747.036 |   9197.000 |   2414.000 |   214.000
   2735,   |   9261.200 |  10380.044 |   655.213 |   9197.000 |   2414.000 |   214.000
   2736,   |   9261.200 |  10465.102 |   790.394 |   9197.000 |   2414.000 |   214.000
   2737,   |   9261.200 |  10421.055 |   802.522 |   9197.000 |   2414.000 |   214.000
   2738,   |   9261.200 |  10415.864 |   715.034 |   9197.000 |   2414.000 |   214.000
   2739,   |   9261.200 |  10107.676 |   607.478 |   9197.000 |   2414.000 |   214.000
   2740,   |   9261.200 |  10169.207 |   659.361 |   9197.000 |   2414.000 |   214.000
   2741,   |   9261.200 |  10199.941 |   683.090 |   9197.000 |   2414.000 |   214.000
   2742,   |   9261.200 |  10107.550 |   614.740 |   9197.000 |   2414.000 |   214.000
   2743,   |   9261.200 |  10132.096 |   646.410 |   9197.000 |   2414.000 |   214.000
   2744,   |   9261.200 |  10184.935 |   609.488 |   9197.000 |   2414.000 |   214.000
   2745,   |   9193.400 |  10088.584 |   660.825 |   9155.000 |   2328.000 |   128.000
   2746,   |   9152.900 |  10156.875 |   685.202 |   9110.000 |   2343.000 |   143.000
   2747,   |   9152.900 |  10114.118 |   576.591 |   9110.000 |   2343.000 |   143.000
   2748,   |   9152.900 |  10206.843 |   725.653 |   9110.000 |   2343.000 |   143.000
   2749,   |   9152.900 |  10188.017 |   632.856 |   9110.000 |   2343.000 |   143.000
   2750,   |   9152.900 |  10115.430 |   625.788 |   9110.000 |   2343.000 |   143.000
   2751,   |   9150.900 |  10118.931 |   643.154 |   9108.000 |   2343.000 |   143.000
   2752,   |   9150.900 |  10158.350 |   642.672 |   9108.000 |   2343.000 |   143.000
   2753,   |   9150.900 |  10205.163 |   684.450 |   9108.000 |   2343.000 |   143.000
   2754,   |   9150.500 |  10291.143 |   701.368 |   9113.000 |   2325.000 |   125.000
   2755,   |   9150.500 |  10257.564 |   784.491 |   9113.000 |   2325.000 |   125.000
   2756,   |   9150.500 |  10094.349 |   659.938 |   9113.000 |   2325.000 |   125.000
   2757,   |   9150.500 |  10112.932 |   655.999 |   9113.000 |   2325.000 |   125.000
   2758,   |   9150.500 |  10162.546 |   707.053 |   9113.000 |   2325.000 |   125.000
   2759,   |   9150.500 |  10309.892 |   717.798 |   9113.000 |   2325.000 |   125.000
   2760,   |   9150.500 |  10219.557 |   733.762 |   9113.000 |   2325.000 |   125.000
   2761,   |   9150.500 |  10169.384 |   752.600 |   9113.000 |   2325.000 |   125.000
   2762,   |   9150.500 |  10131.932 |   680.584 |   9113.000 |   2325.000 |   125.000
   2763,   |   9150.500 |  10093.142 |   741.953 |   9113.000 |   2325.000 |   125.000
   2764,   |   9150.500 |  10095.728 |   595.249 |   9113.000 |   2325.000 |   125.000
   2765,   |   9150.500 |  10068.511 |   605.265 |   9113.000 |   2325.000 |   125.000
   2766,   |   9150.500 |  10010.922 |   636.864 |   9113.000 |   2325.000 |   125.000
   2767,   |   9150.500 |  10083.264 |   635.004 |   9113.000 |   2325.000 |   125.000
   2768,   |   9150.500 |  10114.639 |   703.263 |   9113.000 |   2325.000 |   125.000
   2769,   |   9150.500 |  10115.845 |   661.905 |   9113.000 |   2325.000 |   125.000
   2770,   |   9150.500 |  10075.144 |   684.566 |   9113.000 |   2325.000 |   125.000
   2771,   |   9150.500 |  10192.189 |   688.759 |   9113.000 |   2325.000 |   125.000
   2772,   |   9150.500 |  10169.726 |   664.787 |   9113.000 |   2325.000 |   125.000
   2773,   |   9150.500 |  10128.535 |   713.221 |   9113.000 |   2325.000 |   125.000
   2774,   |   9150.500 |  10035.210 |   625.706 |   9113.000 |   2325.000 |   125.000
   2775,   |   9150.500 |  10142.096 |   695.563 |   9113.000 |   2325.000 |   125.000
   2776,   |   9150.500 |  10189.968 |   642.188 |   9113.000 |   2325.000 |   125.000
   2777,   |   9150.500 |  10263.333 |   753.273 |   9113.000 |   2325.000 |   125.000
   2778,   |   9150.500 |  10109.351 |   651.341 |   9113.000 |   2325.000 |   125.000
   2779,   |   9150.500 |  10182.978 |   717.080 |   9113.000 |   2325.000 |   125.000
   2780,   |   9150.500 |  10245.511 |   670.613 |   9113.000 |   2325.000 |   125.000
   2781,   |   9150.500 |  10294.752 |   754.903 |   9113.000 |   2325.000 |   125.000
   2782,   |   9150.500 |  10236.557 |   774.689 |   9113.000 |   2325.000 |   125.000
   2783,   |   9150.500 |  10177.910 |   652.000 |   9113.000 |   2325.000 |   125.000
   2784,   |   9150.500 |  10016.030 |   591.801 |   9113.000 |   2325.000 |   125.000
   2785,   |   9150.500 |  10165.441 |   726.882 |   9113.000 |   2325.000 |   125.000
   2786,   |   9150.500 |  10142.290 |   734.132 |   9113.000 |   2325.000 |   125.000
   2787,   |   9150.500 |  10179.548 |   665.159 |   9113.000 |   2325.000 |   125.000
   2788,   |   9150.500 |  10090.792 |   644.491 |   9113.000 |   2325.000 |   125.000
   2789,   |   9150.500 |  10128.067 |   648.143 |   9113.000 |   2325.000 |   125.000
   2790,   |   9150.500 |  10139.002 |   649.810 |   9113.000 |   2325.000 |   125.000
   2791,   |   9150.500 |  10144.494 |   667.715 |   9113.000 |   2325.000 |   125.000
   2792,   |   9150.500 |  10142.001 |   749.486 |   9113.000 |   2325.000 |   125.000
   2793,   |   9150.500 |  10144.051 |   708.012 |   9113.000 |   2325.000 |   125.000
   2794,   |   9120.400 |  10243.269 |   755.239 |   9082.000 |   2328.000 |   128.000
   2795,   |   9115.900 |  10220.052 |   743.471 |   9073.000 |   2343.000 |   143.000
   2796,   |   9115.900 |  10061.054 |   639.459 |   9073.000 |   2343.000 |   143.000
   2797,   |   9115.900 |  10144.439 |   693.604 |   9073.000 |   2343.000 |   143.000
   2798,   |   9115.900 |  10123.233 |   661.873 |   9073.000 |   2343.000 |   143.000
   2799,   |   9115.900 |  10144.147 |   690.935 |   9073.000 |   2343.000 |   143.000
   2800,   |   9115.900 |  10156.213 |   722.349 |   9073.000 |   2343.000 |   143.000
   2801,   |   9115.900 |  10111.215 |   707.806 |   9073.000 |   2343.000 |   143.000
   2802,   |   9115.900 |  10031.241 |   680.620 |   9073.000 |   2343.000 |   143.000
   2803,   |   9115.900 |  10080.333 |   699.309 |   9073.000 |   2343.000 |   143.000
   2804,   |   9115.900 |  10008.834 |   625.614 |   9073.000 |   2343.000 |   143.000
   2805,   |   9115.900 |   9950.028 |   626.496 |   9073.000 |   2343.000 |   143.000
   2806,   |   9115.900 |  10101.342 |   687.459 |   9073.000 |   2343.000 |   143.000
   2807,   |   9115.900 |   9986.284 |   640.056 |   9073.000 |   2343.000 |   143.000
   2808,   |   9115.900 |  10116.516 |   714.991 |   9073.000 |   2343.000 |   143.000
   2809,   |   9115.900 |  10031.703 |   557.252 |   9073.000 |   2343.000 |   143.000
   2810,   |   9115.900 |  10199.275 |   777.267 |   9073.000 |   2343.000 |   143.000
   2811,   |   9115.900 |   9930.320 |   563.210 |   9073.000 |   2343.000 |   143.000
   2812,   |   9115.900 |  10029.121 |   695.685 |   9073.000 |   2343.000 |   143.000
   2813,   |   9115.900 |   9963.851 |   593.178 |   9073.000 |   2343.000 |   143.000
   2814,   |   9115.900 |  10123.445 |   666.283 |   9073.000 |   2343.000 |   143.000
   2815,   |   9115.900 |  10105.379 |   625.825 |   9073.000 |   2343.000 |   143.000
   2816,   |   9115.900 |  10112.304 |   674.910 |   9073.000 |   2343.000 |   143.000
   2817,   |   9115.900 |  10045.880 |   662.078 |   9073.000 |   2343.000 |   143.000
   2818,   |   9115.900 |  10014.329 |   609.856 |   9073.000 |   2343.000 |   143.000
   2819,   |   9115.900 |  10135.259 |   791.732 |   9073.000 |   2343.000 |   143.000
   2820,   |   9115.900 |  10120.837 |   680.993 |   9073.000 |   2343.000 |   143.000
   2821,   |   9115.900 |  10276.949 |   799.738 |   9073.000 |   2343.000 |   143.000
   2822,   |   9115.900 |  10043.846 |   628.534 |   9073.000 |   2343.000 |   143.000
   2823,   |   9115.900 |  10054.886 |   708.192 |   9073.000 |   2343.000 |   143.000
   2824,   |   9115.900 |  10030.492 |   727.306 |   9073.000 |   2343.000 |   143.000
   2825,   |   9115.900 |  10122.388 |   615.543 |   9073.000 |   2343.000 |   143.000
   2826,   |   9115.900 |  10033.885 |   658.372 |   9073.000 |   2343.000 |   143.000
   2827,   |   9115.900 |   9994.330 |   646.157 |   9073.000 |   2343.000 |   143.000
   2828,   |   9115.900 |  10083.876 |   739.145 |   9073.000 |   2343.000 |   143.000
   2829,   |   9115.900 |  10028.004 |   656.567 |   9073.000 |   2343.000 |   143.000
   2830,   |   9115.900 |   9988.497 |   640.101 |   9073.000 |   2343.000 |   143.000
   2831,   |   9115.900 |  10087.220 |   711.808 |   9073.000 |   2343.000 |   143.000
   2832,   |   9115.900 |  10047.679 |   706.709 |   9073.000 |   2343.000 |   143.000
   2833,   |   9115.900 |  10074.396 |   679.715 |   9073.000 |   2343.000 |   143.000
   2834,   |   9115.900 |  10106.287 |   695.161 |   9073.000 |   2343.000 |   143.000
   2835,   |   9115.900 |   9968.052 |   612.635 |   9073.000 |   2343.000 |   143.000
   2836,   |   9115.900 |  10000.435 |   620.599 |   9073.000 |   2343.000 |   143.000
   2837,   |   9115.900 |  10018.301 |   560.937 |   9073.000 |   2343.000 |   143.000
   2838,   |   9115.900 |  10019.640 |   622.701 |   9073.000 |   2343.000 |   143.000
   2839,   |   9115.900 |  10108.044 |   638.814 |   9073.000 |   2343.000 |   143.000
   2840,   |   9115.900 |  10166.621 |   699.340 |   9073.000 |   2343.000 |   143.000
   2841,   |   9115.900 |  10035.699 |   674.201 |   9073.000 |   2343.000 |   143.000
   2842,   |   9115.900 |  10186.175 |   720.045 |   9073.000 |   2343.000 |   143.000
   2843,   |   9115.900 |  10161.301 |   681.002 |   9073.000 |   2343.000 |   143.000
   2844,   |   9115.900 |  10019.990 |   659.414 |   9073.000 |   2343.000 |   143.000
   2845,   |   9115.900 |  10191.764 |   793.759 |   9073.000 |   2343.000 |   143.000
   2846,   |   9115.900 |  10016.276 |   674.579 |   9073.000 |   2343.000 |   143.000
   2847,   |   9115.900 |  10009.343 |   599.999 |   9073.000 |   2343.000 |   143.000
   2848,   |   9115.900 |  10065.983 |   682.039 |   9073.000 |   2343.000 |   143.000
   2849,   |   9115.900 |  10040.398 |   708.358 |   9073.000 |   2343.000 |   143.000
   2850,   |   9090.600 |   9990.941 |   617.248 |   9042.000 |   2325.000 |   162.000
   2851,   |   9090.600 |  10085.878 |   669.065 |   9042.000 |   2325.000 |   162.000
   2852,   |   9090.600 |  10181.885 |   682.498 |   9042.000 |   2325.000 |   162.000
   2853,   |   9090.600 |  10325.856 |   779.566 |   9042.000 |   2325.000 |   162.000
   2854,   |   9090.600 |  10151.905 |   683.559 |   9042.000 |   2325.000 |   162.000
   2855,   |   9090.600 |  10323.127 |   692.367 |   9042.000 |   2325.000 |   162.000
   2856,   |   9090.600 |  10469.894 |   809.961 |   9042.000 |   2325.000 |   162.000
   2857,   |   9090.600 |  10399.714 |   763.529 |   9042.000 |   2325.000 |   162.000
   2858,   |   9090.600 |  10355.849 |   797.851 |   9042.000 |   2325.000 |   162.000
   2859,   |   9090.600 |  10264.595 |   632.685 |   9042.000 |   2325.000 |   162.000
   2860,   |   9090.600 |  10284.628 |   758.004 |   9042.000 |   2325.000 |   162.000
   2861,   |   9090.600 |  10114.618 |   717.095 |   9042.000 |   2325.000 |   162.000
   2862,   |   9090.600 |  10181.238 |   669.437 |   9042.000 |   2325.000 |   162.000
   2863,   |   9090.600 |  10129.774 |   667.739 |   9042.000 |   2325.000 |   162.000
   2864,   |   9090.600 |   9973.534 |   547.879 |   9042.000 |   2325.000 |   162.000
   2865,   |   9090.600 |  10273.974 |   767.042 |   9042.000 |   2325.000 |   162.000
   2866,   |   9090.600 |  10122.203 |   690.665 |   9042.000 |   2325.000 |   162.000
   2867,   |   9090.600 |  10074.299 |   661.938 |   9042.000 |   2325.000 |   162.000
   2868,   |   9090.000 |  10038.833 |   643.195 |   9036.000 |   2343.000 |   180.000
   2869,   |   9090.000 |  10138.280 |   721.981 |   9036.000 |   2343.000 |   180.000
   2870,   |   9090.000 |  10110.186 |   752.904 |   9036.000 |   2343.000 |   180.000
   2871,   |   9090.000 |  10093.307 |   670.733 |   9036.000 |   2343.000 |   180.000
   2872,   |   9090.000 |  10123.804 |   701.720 |   9036.000 |   2343.000 |   180.000
   2873,   |   9090.000 |  10091.757 |   711.029 |   9036.000 |   2343.000 |   180.000
   2874,   |   9090.000 |  10034.343 |   639.308 |   9036.000 |   2343.000 |   180.000
   2875,   |   9090.000 |  10307.417 |   814.125 |   9036.000 |   2343.000 |   180.000
   2876,   |   9090.000 |  10290.735 |   787.480 |   9036.000 |   2343.000 |   180.000
   2877,   |   9090.000 |  10158.489 |   624.857 |   9036.000 |   2343.000 |   180.000
   2878,   |   9090.000 |  10075.227 |   650.868 |   9036.000 |   2343.000 |   180.000
   2879,   |   9090.000 |  10235.761 |   698.559 |   9036.000 |   2343.000 |   180.000
   2880,   |   9090.000 |  10320.330 |   788.821 |   9036.000 |   2343.000 |   180.000
   2881,   |   9090.000 |  10159.035 |   769.964 |   9036.000 |   2343.000 |   180.000
   2882,   |   9090.000 |  10135.808 |   690.308 |   9036.000 |   2343.000 |   180.000
   2883,   |   9090.000 |  10082.943 |   760.917 |   9036.000 |   2343.000 |   180.000
   2884,   |   9090.000 |   9957.912 |   597.571 |   9036.000 |   2343.000 |   180.000
   2885,   |   9090.000 |  10052.961 |   666.707 |   9036.000 |   2343.000 |   180.000
   2886,   |   9090.000 |  10004.221 |   686.999 |   9036.000 |   2343.000 |   180.000
   2887,   |   9090.000 |   9904.942 |   602.628 |   9036.000 |   2343.000 |   180.000
   2888,   |   9090.000 |   9993.884 |   637.172 |   9036.000 |   2343.000 |   180.000
   2889,   |   9090.000 |  10061.147 |   645.026 |   9036.000 |   2343.000 |   180.000
   2890,   |   9090.000 |  10098.836 |   658.962 |   9036.000 |   2343.000 |   180.000
   2891,   |   9090.000 |  10146.248 |   619.347 |   9036.000 |   2343.000 |   180.000
   2892,   |   9090.000 |  10176.689 |   703.802 |   9036.000 |   2343.000 |   180.000
   2893,   |   9090.000 |  10110.541 |   702.643 |   9036.000 |   2343.000 |   180.000
   2894,   |   9090.000 |  10157.942 |   723.698 |   9036.000 |   2343.000 |   180.000
   2895,   |   9090.000 |  10121.405 |   654.299 |   9036.000 |   2343.000 |   180.000
   2896,   |   9090.000 |  10106.480 |   648.999 |   9036.000 |   2343.000 |   180.000
   2897,   |   9090.000 |  10117.274 |   690.322 |   9036.000 |   2343.000 |   180.000
   2898,   |   9090.000 |  10121.113 |   707.056 |   9036.000 |   2343.000 |   180.000
   2899,   |   9090.000 |  10097.558 |   617.533 |   9036.000 |   2343.000 |   180.000
   2900,   |   9090.000 |  10267.851 |   695.115 |   9036.000 |   2343.000 |   180.000
   2901,   |   9090.000 |  10254.975 |   662.293 |   9036.000 |   2343.000 |   180.000
   2902,   |   9090.000 |  10240.841 |   680.301 |   9036.000 |   2343.000 |   180.000
   2903,   |   9090.000 |  10160.248 |   641.498 |   9036.000 |   2343.000 |   180.000
   2904,   |   9090.000 |  10355.272 |   767.614 |   9036.000 |   2343.000 |   180.000
   2905,   |   9090.000 |  10308.464 |   727.747 |   9036.000 |   2343.000 |   180.000
   2906,   |   9090.000 |  10278.382 |   714.915 |   9036.000 |   2343.000 |   180.000
   2907,   |   9090.000 |  10359.266 |   806.683 |   9036.000 |   2343.000 |   180.000
   2908,   |   9090.000 |  10218.562 |   718.024 |   9036.000 |   2343.000 |   180.000
   2909,   |   9090.000 |  10208.610 |   724.836 |   9036.000 |   2343.000 |   180.000
   2910,   |   9090.000 |  10152.057 |   690.335 |   9036.000 |   2343.000 |   180.000
   2911,   |   9090.000 |  10039.121 |   645.328 |   9036.000 |   2343.000 |   180.000
   2912,   |   9090.000 |  10020.565 |   655.380 |   9036.000 |   2343.000 |   180.000
   2913,   |   9090.000 |  10167.844 |   669.157 |   9036.000 |   2343.000 |   180.000
   2914,   |   9090.000 |  10276.431 |   693.315 |   9036.000 |   2343.000 |   180.000
   2915,   |   9090.000 |  10055.834 |   651.434 |   9036.000 |   2343.000 |   180.000
   2916,   |   9090.000 |  10222.929 |   695.863 |   9036.000 |   2343.000 |   180.000
   2917,   |   9090.000 |  10431.252 |   762.408 |   9036.000 |   2343.000 |   180.000
   2918,   |   9090.000 |  10281.196 |   783.226 |   9036.000 |   2343.000 |   180.000
   2919,   |   9090.000 |  10231.766 |   708.590 |   9036.000 |   2343.000 |   180.000
   2920,   |   9080.300 |  10323.326 |   822.305 |   9047.000 |   2324.000 |   111.000
   2921,   |   9080.300 |  10203.905 |   749.540 |   9047.000 |   2324.000 |   111.000
   2922,   |   9080.300 |  10287.337 |   842.562 |   9047.000 |   2324.000 |   111.000
   2923,   |   9080.300 |  10180.613 |   768.185 |   9047.000 |   2324.000 |   111.000
   2924,   |   9080.300 |  10303.620 |   827.797 |   9047.000 |   2324.000 |   111.000
   2925,   |   9080.300 |  10193.805 |   738.179 |   9047.000 |   2324.000 |   111.000
   2926,   |   9080.300 |  10381.728 |   802.362 |   9047.000 |   2324.000 |   111.000
   2927,   |   9080.300 |  10393.016 |   853.093 |   9047.000 |   2324.000 |   111.000
   2928,   |   9080.300 |  10256.717 |   741.040 |   9047.000 |   2324.000 |   111.000
   2929,   |   9080.300 |  10448.758 |   781.191 |   9047.000 |   2324.000 |   111.000
   2930,   |   9080.300 |  10348.540 |   795.321 |   9047.000 |   2324.000 |   111.000
   2931,   |   9080.300 |  10431.403 |   922.750 |   9047.000 |   2324.000 |   111.000
   2932,   |   9080.300 |  10325.642 |   711.375 |   9047.000 |   2324.000 |   111.000
   2933,   |   9080.300 |  10137.640 |   693.427 |   9047.000 |   2324.000 |   111.000
   2934,   |   9076.400 |  10276.159 |   798.421 |   9041.000 |   2324.000 |   118.000
   2935,   |   9076.400 |  10207.347 |   743.586 |   9041.000 |   2324.000 |   118.000
   2936,   |   9076.400 |  10123.570 |   637.749 |   9041.000 |   2324.000 |   118.000
   2937,   |   9076.400 |  10228.110 |   688.254 |   9041.000 |   2324.000 |   118.000
   2938,   |   9076.400 |  10315.284 |   792.167 |   9041.000 |   2324.000 |   118.000
   2939,   |   9076.400 |  10289.243 |   722.546 |   9041.000 |   2324.000 |   118.000
   2940,   |   9076.400 |  10464.302 |   694.284 |   9041.000 |   2324.000 |   118.000
   2941,   |   9076.400 |  10403.541 |   810.669 |   9041.000 |   2324.000 |   118.000
   2942,   |   9076.400 |  10342.372 |   774.822 |   9041.000 |   2324.000 |   118.000
   2943,   |   9076.400 |  10281.241 |   758.951 |   9041.000 |   2324.000 |   118.000
   2944,   |   9076.400 |  10099.810 |   730.508 |   9041.000 |   2324.000 |   118.000
   2945,   |   9076.400 |  10099.921 |   755.039 |   9041.000 |   2324.000 |   118.000
   2946,   |   9076.400 |  10068.452 |   701.335 |   9041.000 |   2324.000 |   118.000
   2947,   |   9076.400 |   9983.648 |   702.808 |   9041.000 |   2324.000 |   118.000
   2948,   |   9076.400 |  10009.922 |   713.977 |   9041.000 |   2324.000 |   118.000
   2949,   |   9076.400 |  10019.964 |   717.430 |   9041.000 |   2324.000 |   118.000
   2950,   |   9076.400 |  10131.421 |   743.797 |   9041.000 |   2324.000 |   118.000
   2951,   |   9076.400 |  10049.721 |   683.754 |   9041.000 |   2324.000 |   118.000
   2952,   |   9076.400 |  10098.085 |   631.579 |   9041.000 |   2324.000 |   118.000
   2953,   |   9076.400 |  10209.334 |   666.424 |   9041.000 |   2324.000 |   118.000
   2954,   |   9076.400 |  10350.226 |   818.734 |   9041.000 |   2324.000 |   118.000
   2955,   |   9076.400 |  10319.735 |   758.476 |   9041.000 |   2324.000 |   118.000
   2956,   |   9068.000 |  10241.077 |   770.616 |   9032.000 |   2324.000 |   120.000
   2957,   |   9068.000 |  10185.056 |   740.064 |   9032.000 |   2324.000 |   120.000
   2958,   |   9068.000 |  10124.449 |   662.626 |   9032.000 |   2324.000 |   120.000
   2959,   |   9068.000 |  10192.772 |   737.372 |   9032.000 |   2324.000 |   120.000
   2960,   |   9068.000 |  10192.864 |   713.505 |   9032.000 |   2324.000 |   120.000
   2961,   |   9068.000 |  10135.488 |   686.593 |   9032.000 |   2324.000 |   120.000
   2962,   |   9068.000 |  10125.788 |   634.649 |   9032.000 |   2324.000 |   120.000
   2963,   |   9068.000 |  10263.248 |   835.945 |   9032.000 |   2324.000 |   120.000
   2964,   |   9068.000 |  10164.240 |   688.720 |   9032.000 |   2324.000 |   120.000
   2965,   |   9068.000 |  10137.869 |   712.232 |   9032.000 |   2324.000 |   120.000
   2966,   |   9068.000 |  10055.419 |   614.056 |   9032.000 |   2324.000 |   120.000
   2967,   |   9068.000 |  10132.529 |   658.991 |   9032.000 |   2324.000 |   120.000
   2968,   |   9068.000 |  10213.950 |   795.348 |   9032.000 |   2324.000 |   120.000
   2969,   |   9068.000 |  10214.581 |   692.496 |   9032.000 |   2324.000 |   120.000
   2970,   |   9068.000 |  10158.386 |   721.998 |   9032.000 |   2324.000 |   120.000
   2971,   |   9068.000 |  10033.310 |   613.800 |   9032.000 |   2324.000 |   120.000
   2972,   |   9068.000 |   9934.648 |   634.542 |   9032.000 |   2324.000 |   120.000
   2973,   |   9068.000 |  10058.116 |   644.964 |   9032.000 |   2324.000 |   120.000
   2974,   |   9068.000 |  10021.488 |   715.531 |   9032.000 |   2324.000 |   120.000
   2975,   |   9068.000 |  10018.203 |   693.472 |   9032.000 |   2324.000 |   120.000
   2976,   |   9068.000 |  10020.523 |   710.212 |   9032.000 |   2324.000 |   120.000
   2977,   |   9068.000 |  10091.955 |   713.971 |   9032.000 |   2324.000 |   120.000
   2978,   |   9068.000 |  10149.600 |   832.679 |   9032.000 |   2324.000 |   120.000
   2979,   |   9068.000 |  10129.775 |   757.645 |   9032.000 |   2324.000 |   120.000
   2980,   |   9068.000 |  10016.523 |   654.846 |   9032.000 |   2324.000 |   120.000
   2981,   |   9032.700 |  10017.372 |   652.681 |   8976.000 |   2328.000 |   189.000
   2982,   |   9032.700 |  10109.254 |   668.331 |   8976.000 |   2328.000 |   189.000
   2983,   |   9032.700 |  10111.738 |   705.177 |   8976.000 |   2328.000 |   189.000
   2984,   |   9032.700 |  10078.362 |   717.327 |   8976.000 |   2328.000 |   189.000
   2985,   |   9032.700 |  10010.471 |   681.773 |   8976.000 |   2328.000 |   189.000
   2986,   |   9032.700 |   9980.968 |   633.108 |   8976.000 |   2328.000 |   189.000
   2987,   |   9032.700 |   9988.073 |   632.783 |   8976.000 |   2328.000 |   189.000
   2988,   |   9032.700 |   9971.757 |   599.783 |   8976.000 |   2328.000 |   189.000
   2989,   |   9022.500 |   9989.050 |   710.974 |   8967.000 |   2324.000 |   185.000
   2990,   |   9022.500 |  10022.995 |   683.927 |   8967.000 |   2324.000 |   185.000
   2991,   |   9022.500 |  10304.074 |   777.336 |   8967.000 |   2324.000 |   185.000
   2992,   |   9022.500 |  10202.375 |   689.497 |   8967.000 |   2324.000 |   185.000
   2993,   |   9022.500 |  10051.734 |   692.683 |   8967.000 |   2324.000 |   185.000
   2994,   |   9022.500 |  10045.829 |   724.060 |   8967.000 |   2324.000 |   185.000
   2995,   |   9022.500 |  10181.024 |   743.649 |   8967.000 |   2324.000 |   185.000
   2996,   |   9022.500 |  10058.800 |   705.550 |   8967.000 |   2324.000 |   185.000
   2997,   |   9022.500 |  10128.961 |   750.669 |   8967.000 |   2324.000 |   185.000
   2998,   |   9022.500 |  10073.198 |   684.717 |   8967.000 |   2324.000 |   185.000
   2999,   |   9022.500 |  10123.534 |   723.981 |   8967.000 |   2324.000 |   185.000
   3000,   |   9022.500 |  10050.482 |   701.467 |   8967.000 |   2324.000 |   185.000
   3001,   |   9022.500 |  10053.541 |   663.290 |   8967.000 |   2324.000 |   185.000
   3002,   |   9022.500 |  10053.986 |   654.481 |   8967.000 |   2324.000 |   185.000
   3003,   |   9022.500 |  10047.780 |   723.242 |   8967.000 |   2324.000 |   185.000
   3004,   |   9022.500 |   9865.122 |   658.226 |   8967.000 |   2324.000 |   185.000
   3005,   |   9022.500 |   9945.743 |   621.621 |   8967.000 |   2324.000 |   185.000
   3006,   |   9022.500 |   9973.545 |   780.626 |   8967.000 |   2324.000 |   185.000
   3007,   |   9022.500 |   9926.577 |   654.092 |   8967.000 |   2324.000 |   185.000
   3008,   |   9022.500 |   9954.167 |   672.990 |   8967.000 |   2324.000 |   185.000
   3009,   |   9022.500 |  10022.697 |   634.716 |   8967.000 |   2324.000 |   185.000
   3010,   |   9022.500 |  10146.599 |   755.306 |   8967.000 |   2324.000 |   185.000
   3011,   |   9022.500 |  10163.518 |   670.160 |   8967.000 |   2324.000 |   185.000
   3012,   |   9022.500 |  10150.487 |   747.726 |   8967.000 |   2324.000 |   185.000
   3013,   |   9022.500 |  10175.253 |   747.400 |   8967.000 |   2324.000 |   185.000
   3014,   |   9022.500 |  10152.841 |   768.901 |   8967.000 |   2324.000 |   185.000
   3015,   |   9022.500 |  10086.706 |   762.369 |   8967.000 |   2324.000 |   185.000
   3016,   |   9022.500 |  10183.530 |   741.341 |   8967.000 |   2324.000 |   185.000
   3017,   |   9022.500 |  10153.849 |   734.518 |   8967.000 |   2324.000 |   185.000
   3018,   |   9022.500 |  10015.107 |   743.189 |   8967.000 |   2324.000 |   185.000
   3019,   |   9022.500 |   9993.401 |   701.238 |   8967.000 |   2324.000 |   185.000
   3020,   |   9022.500 |  10082.695 |   735.814 |   8967.000 |   2324.000 |   185.000
   3021,   |   9022.500 |  10058.215 |   694.672 |   8967.000 |   2324.000 |   185.000
   3022,   |   9022.500 |  10017.009 |   744.410 |   8967.000 |   2324.000 |   185.000
   3023,   |   9022.500 |  10067.182 |   691.802 |   8967.000 |   2324.000 |   185.000
   3024,   |   9022.500 |   9929.780 |   720.798 |   8967.000 |   2324.000 |   185.000
   3025,   |   9022.500 |  10093.206 |   729.690 |   8967.000 |   2324.000 |   185.000
   3026,   |   9022.500 |  10024.411 |   702.782 |   8967.000 |   2324.000 |   185.000
   3027,   |   9022.500 |  10128.758 |   674.262 |   8967.000 |   2324.000 |   185.000
   3028,   |   9022.500 |  10159.938 |   723.263 |   8967.000 |   2324.000 |   185.000
   3029,   |   9022.500 |  10014.870 |   616.280 |   8967.000 |   2324.000 |   185.000
   3030,   |   9022.500 |  10052.939 |   657.851 |   8967.000 |   2324.000 |   185.000
   3031,   |   9021.800 |  10090.643 |   742.900 |   8966.000 |   2324.000 |   186.000
   3032,   |   9021.800 |  10166.397 |   729.188 |   8966.000 |   2324.000 |   186.000
   3033,   |   9021.800 |  10170.598 |   720.959 |   8966.000 |   2324.000 |   186.000
   3034,   |   9021.800 |  10138.626 |   680.671 |   8966.000 |   2324.000 |   186.000
   3035,   |   9021.800 |  10227.787 |   709.469 |   8966.000 |   2324.000 |   186.000
   3036,   |   9002.800 |  10118.908 |   723.312 |   8947.000 |   2324.000 |   186.000
   3037,   |   9002.800 |  10111.671 |   757.842 |   8947.000 |   2324.000 |   186.000
   3038,   |   9002.800 |  10046.864 |   699.122 |   8947.000 |   2324.000 |   186.000
   3039,   |   8997.100 |  10050.378 |   740.561 |   8947.000 |   2305.000 |   167.000
   3040,   |   8978.100 |  10068.026 |   697.101 |   8928.000 |   2305.000 |   167.000
   3041,   |   8978.100 |  10016.536 |   666.685 |   8928.000 |   2305.000 |   167.000
   3042,   |   8978.100 |  10073.854 |   729.403 |   8928.000 |   2305.000 |   167.000
   3043,   |   8978.100 |  10025.072 |   749.090 |   8928.000 |   2305.000 |   167.000
   3044,   |   8978.100 |  10122.669 |   788.902 |   8928.000 |   2305.000 |   167.000
   3045,   |   8978.100 |  10081.670 |   679.351 |   8928.000 |   2305.000 |   167.000
   3046,   |   8978.100 |  10174.263 |   740.070 |   8928.000 |   2305.000 |   167.000
   3047,   |   8978.100 |  10082.316 |   730.016 |   8928.000 |   2305.000 |   167.000
   3048,   |   8978.100 |  10032.136 |   780.488 |   8928.000 |   2305.000 |   167.000
   3049,   |   8978.100 |   9922.056 |   678.693 |   8928.000 |   2305.000 |   167.000
   3050,   |   8978.100 |  10098.596 |   668.121 |   8928.000 |   2305.000 |   167.000
   3051,   |   8978.100 |  10022.127 |   749.161 |   8928.000 |   2305.000 |   167.000
   3052,   |   8978.100 |   9978.825 |   703.281 |   8928.000 |   2305.000 |   167.000
   3053,   |   8978.100 |  10032.731 |   718.581 |   8928.000 |   2305.000 |   167.000
   3054,   |   8978.100 |  10027.508 |   682.218 |   8928.000 |   2305.000 |   167.000
   3055,   |   8978.100 |   9973.258 |   693.075 |   8928.000 |   2305.000 |   167.000
   3056,   |   8978.100 |  10022.971 |   763.185 |   8928.000 |   2305.000 |   167.000
   3057,   |   8978.100 |   9918.044 |   628.312 |   8928.000 |   2305.000 |   167.000
   3058,   |   8978.100 |   9935.171 |   674.439 |   8928.000 |   2305.000 |   167.000
   3059,   |   8978.100 |  10059.700 |   722.455 |   8928.000 |   2305.000 |   167.000
   3060,   |   8978.100 |   9959.918 |   664.677 |   8928.000 |   2305.000 |   167.000
   3061,   |   8978.100 |  10013.584 |   735.979 |   8928.000 |   2305.000 |   167.000
   3062,   |   8978.100 |   9896.620 |   741.238 |   8928.000 |   2305.000 |   167.000
   3063,   |   8978.100 |   9934.347 |   700.283 |   8928.000 |   2305.000 |   167.000
   3064,   |   8978.100 |   9866.521 |   660.970 |   8928.000 |   2305.000 |   167.000
   3065,   |   8978.100 |   9992.408 |   649.276 |   8928.000 |   2305.000 |   167.000
   3066,   |   8978.100 |  10078.628 |   616.480 |   8928.000 |   2305.000 |   167.000
   3067,   |   8978.100 |  10050.074 |   704.324 |   8928.000 |   2305.000 |   167.000
   3068,   |   8978.100 |  10076.065 |   747.528 |   8928.000 |   2305.000 |   167.000
   3069,   |   8978.100 |  10040.239 |   737.498 |   8928.000 |   2305.000 |   167.000
   3070,   |   8978.100 |   9994.635 |   685.199 |   8928.000 |   2305.000 |   167.000
   3071,   |   8978.100 |  10127.383 |   739.116 |   8928.000 |   2305.000 |   167.000
   3072,   |   8978.100 |  10275.552 |   767.498 |   8928.000 |   2305.000 |   167.000
   3073,   |   8978.100 |  10103.783 |   723.248 |   8928.000 |   2305.000 |   167.000
   3074,   |   8978.100 |  10000.577 |   707.451 |   8928.000 |   2305.000 |   167.000
   3075,   |   8978.100 |  10088.691 |   727.665 |   8928.000 |   2305.000 |   167.000
   3076,   |   8978.100 |  10112.996 |   734.705 |   8928.000 |   2305.000 |   167.000
   3077,   |   8978.100 |  10167.185 |   658.914 |   8928.000 |   2305.000 |   167.000
   3078,   |   8978.100 |  10243.544 |   723.610 |   8928.000 |   2305.000 |   167.000
   3079,   |   8978.100 |  10340.953 |   817.310 |   8928.000 |   2305.000 |   167.000
   3080,   |   8978.100 |  10385.647 |   811.440 |   8928.000 |   2305.000 |   167.000
   3081,   |   8978.100 |  10293.036 |   807.188 |   8928.000 |   2305.000 |   167.000
   3082,   |   8978.100 |  10078.725 |   690.404 |   8928.000 |   2305.000 |   167.000
   3083,   |   8978.100 |   9998.833 |   703.069 |   8928.000 |   2305.000 |   167.000
   3084,   |   8978.100 |  10034.515 |   653.583 |   8928.000 |   2305.000 |   167.000
   3085,   |   8978.100 |   9992.918 |   592.582 |   8928.000 |   2305.000 |   167.000
   3086,   |   8978.100 |   9873.363 |   584.535 |   8928.000 |   2305.000 |   167.000
   3087,   |   8978.100 |   9979.791 |   615.998 |   8928.000 |   2305.000 |   167.000
   3088,   |   8978.100 |  10100.680 |   739.286 |   8928.000 |   2305.000 |   167.000
   3089,   |   8978.100 |   9958.003 |   654.830 |   8928.000 |   2305.000 |   167.000
   3090,   |   8978.100 |   9993.835 |   645.534 |   8928.000 |   2305.000 |   167.000
   3091,   |   8978.100 |  10145.459 |   801.196 |   8928.000 |   2305.000 |   167.000
   3092,   |   8978.100 |  10128.041 |   726.180 |   8928.000 |   2305.000 |   167.000
   3093,   |   8978.100 |   9992.671 |   654.642 |   8928.000 |   2305.000 |   167.000
   3094,   |   8978.100 |  10043.287 |   719.607 |   8928.000 |   2305.000 |   167.000
   3095,   |   8978.100 |   9947.610 |   634.949 |   8928.000 |   2305.000 |   167.000
   3096,   |   8978.100 |   9944.287 |   744.024 |   8928.000 |   2305.000 |   167.000
   3097,   |   8978.100 |   9885.694 |   724.066 |   8928.000 |   2305.000 |   167.000
   3098,   |   8978.100 |   9938.062 |   782.198 |   8928.000 |   2305.000 |   167.000
   3099,   |   8978.100 |   9897.766 |   631.549 |   8928.000 |   2305.000 |   167.000
   3100,   |   8978.100 |  10050.014 |   746.349 |   8928.000 |   2305.000 |   167.000
   3101,   |   8978.100 |   9983.080 |   690.354 |   8928.000 |   2305.000 |   167.000
   3102,   |   8978.100 |  10056.300 |   730.943 |   8928.000 |   2305.000 |   167.000
   3103,   |   8978.100 |  10028.042 |   747.639 |   8928.000 |   2305.000 |   167.000
   3104,   |   8978.100 |   9973.905 |   763.853 |   8928.000 |   2305.000 |   167.000
   3105,   |   8978.100 |   9849.580 |   677.042 |   8928.000 |   2305.000 |   167.000
   3106,   |   8978.100 |  10117.147 |   708.914 |   8928.000 |   2305.000 |   167.000
   3107,   |   8978.100 |  10252.807 |   825.459 |   8928.000 |   2305.000 |   167.000
   3108,   |   8978.100 |  10138.972 |   741.508 |   8928.000 |   2305.000 |   167.000
   3109,   |   8978.100 |  10047.964 |   659.192 |   8928.000 |   2305.000 |   167.000
   3110,   |   8970.300 |   9990.222 |   728.248 |   8919.000 |   2309.000 |   171.000
   3111,   |   8970.300 |   9925.288 |   634.975 |   8919.000 |   2309.000 |   171.000
   3112,   |   8970.300 |  10006.666 |   745.222 |   8919.000 |   2309.000 |   171.000
   3113,   |   8970.300 |   9994.235 |   729.442 |   8919.000 |   2309.000 |   171.000
   3114,   |   8970.300 |   9940.037 |   677.434 |   8919.000 |   2309.000 |   171.000
   3115,   |   8970.300 |  10080.090 |   738.646 |   8919.000 |   2309.000 |   171.000
   3116,   |   8970.300 |  10149.601 |   727.219 |   8919.000 |   2309.000 |   171.000
   3117,   |   8970.300 |  10168.088 |   760.860 |   8919.000 |   2309.000 |   171.000
   3118,   |   8970.300 |  10024.077 |   688.480 |   8919.000 |   2309.000 |   171.000
   3119,   |   8970.300 |  10003.300 |   667.793 |   8919.000 |   2309.000 |   171.000
   3120,   |   8966.100 |   9817.226 |   660.720 |   8916.000 |   2305.000 |   167.000
   3121,   |   8966.100 |   9982.221 |   772.867 |   8916.000 |   2305.000 |   167.000
   3122,   |   8966.100 |   9871.658 |   626.795 |   8916.000 |   2305.000 |   167.000
   3123,   |   8966.100 |  10025.437 |   669.170 |   8916.000 |   2305.000 |   167.000
   3124,   |   8966.100 |   9992.266 |   762.672 |   8916.000 |   2305.000 |   167.000
   3125,   |   8966.100 |   9987.194 |   701.010 |   8916.000 |   2305.000 |   167.000
   3126,   |   8964.300 |  10056.554 |   784.885 |   8913.000 |   2309.000 |   171.000
   3127,   |   8960.100 |  10025.004 |   682.448 |   8910.000 |   2305.000 |   167.000
   3128,   |   8960.100 |   9937.339 |   715.996 |   8910.000 |   2305.000 |   167.000
   3129,   |   8960.100 |   9781.146 |   617.726 |   8910.000 |   2305.000 |   167.000
   3130,   |   8960.100 |   9925.805 |   688.945 |   8910.000 |   2305.000 |   167.000
   3131,   |   8960.100 |   9933.029 |   660.495 |   8910.000 |   2305.000 |   167.000
   3132,   |   8960.100 |  10099.130 |   730.630 |   8910.000 |   2305.000 |   167.000
   3133,   |   8960.100 |   9908.680 |   671.255 |   8910.000 |   2305.000 |   167.000
   3134,   |   8960.100 |   9981.003 |   726.906 |   8910.000 |   2305.000 |   167.000
   3135,   |   8948.100 |   9910.898 |   621.256 |   8898.000 |   2305.000 |   167.000
   3136,   |   8948.100 |   9840.590 |   633.123 |   8898.000 |   2305.000 |   167.000
   3137,   |   8948.100 |   9847.269 |   643.129 |   8898.000 |   2305.000 |   167.000
   3138,   |   8948.100 |   9937.914 |   650.582 |   8898.000 |   2305.000 |   167.000
   3139,   |   8948.100 |   9928.950 |   687.617 |   8898.000 |   2305.000 |   167.000
   3140,   |   8948.100 |  10091.908 |   758.417 |   8898.000 |   2305.000 |   167.000
   3141,   |   8948.100 |  10133.871 |   653.815 |   8898.000 |   2305.000 |   167.000
   3142,   |   8948.100 |  10119.667 |   687.190 |   8898.000 |   2305.000 |   167.000
   3143,   |   8948.100 |  10041.308 |   675.477 |   8898.000 |   2305.000 |   167.000
   3144,   |   8948.100 |   9969.308 |   682.457 |   8898.000 |   2305.000 |   167.000
   3145,   |   8948.100 |  10081.714 |   760.907 |   8898.000 |   2305.000 |   167.000
   3146,   |   8948.100 |   9920.345 |   705.589 |   8898.000 |   2305.000 |   167.000
   3147,   |   8948.100 |   9931.668 |   660.101 |   8898.000 |   2305.000 |   167.000
   3148,   |   8925.000 |   9974.876 |   755.812 |   8880.000 |   2288.000 |   150.000
   3149,   |   8925.000 |   9977.561 |   689.636 |   8880.000 |   2288.000 |   150.000
   3150,   |   8925.000 |  10225.880 |   848.812 |   8880.000 |   2288.000 |   150.000
   3151,   |   8925.000 |  10108.405 |   787.741 |   8880.000 |   2288.000 |   150.000
   3152,   |   8925.000 |  10050.694 |   774.826 |   8880.000 |   2288.000 |   150.000
   3153,   |   8920.800 |   9945.570 |   758.156 |   8877.000 |   2284.000 |   146.000
   3154,   |   8920.800 |  10001.758 |   772.603 |   8877.000 |   2284.000 |   146.000
   3155,   |   8920.800 |   9910.633 |   665.691 |   8877.000 |   2284.000 |   146.000
   3156,   |   8920.800 |   9888.912 |   627.114 |   8877.000 |   2284.000 |   146.000
   3157,   |   8920.800 |  10022.725 |   716.370 |   8877.000 |   2284.000 |   146.000
   3158,   |   8920.800 |  10193.889 |   833.262 |   8877.000 |   2284.000 |   146.000
   3159,   |   8920.800 |  10165.421 |   818.334 |   8877.000 |   2284.000 |   146.000
   3160,   |   8920.800 |  10016.062 |   669.641 |   8877.000 |   2284.000 |   146.000
   3161,   |   8920.800 |  10024.361 |   707.445 |   8877.000 |   2284.000 |   146.000
   3162,   |   8920.800 |   9946.165 |   681.870 |   8877.000 |   2284.000 |   146.000
   3163,   |   8920.800 |   9953.394 |   726.081 |   8877.000 |   2284.000 |   146.000
   3164,   |   8920.800 |   9943.306 |   706.619 |   8877.000 |   2284.000 |   146.000
   3165,   |   8920.800 |   9955.975 |   682.789 |   8877.000 |   2284.000 |   146.000
   3166,   |   8920.800 |  10055.178 |   837.716 |   8877.000 |   2284.000 |   146.000
   3167,   |   8920.800 |   9987.886 |   672.193 |   8877.000 |   2284.000 |   146.000
   3168,   |   8920.800 |  10034.473 |   739.599 |   8877.000 |   2284.000 |   146.000
   3169,   |   8920.800 |  10068.158 |   689.880 |   8877.000 |   2284.000 |   146.000
   3170,   |   8920.800 |  10065.306 |   726.875 |   8877.000 |   2284.000 |   146.000
   3171,   |   8920.800 |   9888.828 |   625.734 |   8877.000 |   2284.000 |   146.000
   3172,   |   8920.800 |   9876.004 |   749.626 |   8877.000 |   2284.000 |   146.000
   3173,   |   8920.800 |   9819.973 |   657.165 |   8877.000 |   2284.000 |   146.000
   3174,   |   8920.800 |   9844.076 |   629.125 |   8877.000 |   2284.000 |   146.000
   3175,   |   8920.800 |   9891.795 |   739.231 |   8877.000 |   2284.000 |   146.000
   3176,   |   8920.800 |   9966.419 |   698.954 |   8877.000 |   2284.000 |   146.000
   3177,   |   8920.800 |   9860.211 |   661.239 |   8877.000 |   2284.000 |   146.000
   3178,   |   8920.800 |  10166.822 |   838.265 |   8877.000 |   2284.000 |   146.000
   3179,   |   8920.800 |  10106.679 |   748.895 |   8877.000 |   2284.000 |   146.000
   3180,   |   8920.800 |  10077.440 |   836.995 |   8877.000 |   2284.000 |   146.000
   3181,   |   8920.800 |   9980.443 |   693.494 |   8877.000 |   2284.000 |   146.000
   3182,   |   8920.800 |  10033.082 |   733.729 |   8877.000 |   2284.000 |   146.000
   3183,   |   8920.800 |  10008.799 |   743.298 |   8877.000 |   2284.000 |   146.000
   3184,   |   8920.800 |   9841.851 |   702.537 |   8877.000 |   2284.000 |   146.000
   3185,   |   8920.800 |   9978.137 |   734.966 |   8877.000 |   2284.000 |   146.000
   3186,   |   8920.800 |   9969.895 |   703.612 |   8877.000 |   2284.000 |   146.000
   3187,   |   8920.800 |  10000.140 |   837.571 |   8877.000 |   2284.000 |   146.000
   3188,   |   8920.800 |   9912.224 |   633.972 |   8877.000 |   2284.000 |   146.000
   3189,   |   8920.800 |   9900.776 |   622.630 |   8877.000 |   2284.000 |   146.000
   3190,   |   8920.800 |   9890.972 |   681.873 |   8877.000 |   2284.000 |   146.000
   3191,   |   8920.800 |   9890.443 |   667.560 |   8877.000 |   2284.000 |   146.000
   3192,   |   8920.800 |   9917.069 |   723.909 |   8877.000 |   2284.000 |   146.000
   3193,   |   8920.800 |   9847.020 |   701.878 |   8877.000 |   2284.000 |   146.000
   3194,   |   8920.800 |   9958.994 |   698.147 |   8877.000 |   2284.000 |   146.000
   3195,   |   8920.800 |   9900.204 |   636.813 |   8877.000 |   2284.000 |   146.000
   3196,   |   8920.800 |   9893.997 |   603.493 |   8877.000 |   2284.000 |   146.000
   3197,   |   8920.800 |   9921.917 |   713.356 |   8877.000 |   2284.000 |   146.000
   3198,   |   8920.800 |   9767.929 |   586.462 |   8877.000 |   2284.000 |   146.000
   3199,   |   8920.800 |   9878.893 |   619.282 |   8877.000 |   2284.000 |   146.000
   3200,   |   8920.800 |   9999.020 |   638.504 |   8877.000 |   2284.000 |   146.000
   3201,   |   8920.800 |   9979.974 |   701.912 |   8877.000 |   2284.000 |   146.000
   3202,   |   8920.800 |   9894.623 |   704.887 |   8877.000 |   2284.000 |   146.000
   3203,   |   8920.800 |   9965.700 |   667.747 |   8877.000 |   2284.000 |   146.000
   3204,   |   8920.800 |  10063.473 |   733.704 |   8877.000 |   2284.000 |   146.000
   3205,   |   8920.800 |   9994.177 |   773.869 |   8877.000 |   2284.000 |   146.000
   3206,   |   8920.800 |  10050.111 |   757.973 |   8877.000 |   2284.000 |   146.000
   3207,   |   8920.800 |  10020.573 |   729.911 |   8877.000 |   2284.000 |   146.000
   3208,   |   8920.800 |   9992.466 |   664.313 |   8877.000 |   2284.000 |   146.000
   3209,   |   8920.800 |   9948.288 |   644.291 |   8877.000 |   2284.000 |   146.000
   3210,   |   8920.800 |  10042.269 |   669.012 |   8877.000 |   2284.000 |   146.000
   3211,   |   8920.800 |  10063.516 |   760.328 |   8877.000 |   2284.000 |   146.000
   3212,   |   8920.800 |  10006.881 |   730.733 |   8877.000 |   2284.000 |   146.000
   3213,   |   8920.800 |  10192.859 |   763.918 |   8877.000 |   2284.000 |   146.000
   3214,   |   8920.800 |  10117.895 |   774.673 |   8877.000 |   2284.000 |   146.000
   3215,   |   8920.800 |   9981.978 |   662.254 |   8877.000 |   2284.000 |   146.000
   3216,   |   8920.800 |   9927.373 |   672.214 |   8877.000 |   2284.000 |   146.000
   3217,   |   8920.800 |   9961.173 |   747.779 |   8877.000 |   2284.000 |   146.000
   3218,   |   8920.800 |   9837.768 |   617.249 |   8877.000 |   2284.000 |   146.000
   3219,   |   8920.800 |   9851.741 |   735.346 |   8877.000 |   2284.000 |   146.000
   3220,   |   8920.800 |   9793.106 |   684.399 |   8877.000 |   2284.000 |   146.000
   3221,   |   8920.800 |  10043.568 |   734.553 |   8877.000 |   2284.000 |   146.000
   3222,   |   8920.800 |   9974.833 |   757.552 |   8877.000 |   2284.000 |   146.000
   3223,   |   8920.800 |   9906.714 |   726.812 |   8877.000 |   2284.000 |   146.000
   3224,   |   8920.800 |   9819.497 |   633.914 |   8877.000 |   2284.000 |   146.000
   3225,   |   8920.800 |   9895.739 |   649.947 |   8877.000 |   2284.000 |   146.000
   3226,   |   8920.800 |   9864.943 |   698.943 |   8877.000 |   2284.000 |   146.000
   3227,   |   8920.800 |   9864.583 |   615.229 |   8877.000 |   2284.000 |   146.000
   3228,   |   8920.800 |   9923.642 |   643.404 |   8877.000 |   2284.000 |   146.000
   3229,   |   8920.800 |  10144.780 |   694.206 |   8877.000 |   2284.000 |   146.000
   3230,   |   8920.800 |  10054.890 |   743.865 |   8877.000 |   2284.000 |   146.000
   3231,   |   8920.800 |  10055.706 |   695.989 |   8877.000 |   2284.000 |   146.000
   3232,   |   8919.900 |  10041.335 |   720.986 |   8889.000 |   2266.000 |   103.000
   3233,   |   8919.900 |  10108.476 |   759.959 |   8889.000 |   2266.000 |   103.000
   3234,   |   8919.900 |  10098.101 |   712.824 |   8889.000 |   2266.000 |   103.000
   3235,   |   8919.900 |  10160.734 |   699.558 |   8889.000 |   2266.000 |   103.000
   3236,   |   8915.100 |  10123.868 |   676.550 |   8880.000 |   2280.000 |   117.000
   3237,   |   8915.100 |  10242.838 |   771.705 |   8880.000 |   2280.000 |   117.000
   3238,   |   8915.100 |  10082.128 |   718.563 |   8880.000 |   2280.000 |   117.000
   3239,   |   8915.100 |  10175.845 |   614.594 |   8880.000 |   2280.000 |   117.000
   3240,   |   8915.100 |  10238.024 |   801.085 |   8880.000 |   2280.000 |   117.000
   3241,   |   8915.100 |  10154.811 |   739.465 |   8880.000 |   2280.000 |   117.000
   3242,   |   8915.100 |  10191.646 |   739.252 |   8880.000 |   2280.000 |   117.000
   3243,   |   8915.100 |  10020.978 |   639.361 |   8880.000 |   2280.000 |   117.000
   3244,   |   8915.100 |   9935.354 |   735.461 |   8880.000 |   2280.000 |   117.000
   3245,   |   8915.100 |   9842.708 |   733.440 |   8880.000 |   2280.000 |   117.000
   3246,   |   8915.100 |   9894.835 |   707.854 |   8880.000 |   2280.000 |   117.000
   3247,   |   8915.100 |   9869.154 |   635.854 |   8880.000 |   2280.000 |   117.000
   3248,   |   8915.100 |   9873.631 |   646.096 |   8880.000 |   2280.000 |   117.000
   3249,   |   8915.100 |   9879.225 |   676.961 |   8880.000 |   2280.000 |   117.000
   3250,   |   8915.100 |   9952.589 |   719.042 |   8880.000 |   2280.000 |   117.000
   3251,   |   8915.100 |   9983.237 |   695.111 |   8880.000 |   2280.000 |   117.000
   3252,   |   8915.100 |  10015.731 |   747.729 |   8880.000 |   2280.000 |   117.000
   3253,   |   8915.100 |   9900.278 |   701.113 |   8880.000 |   2280.000 |   117.000
   3254,   |   8915.100 |   9907.642 |   690.480 |   8880.000 |   2280.000 |   117.000
   3255,   |   8915.100 |   9822.025 |   615.811 |   8880.000 |   2280.000 |   117.000
   3256,   |   8915.100 |   9930.924 |   627.839 |   8880.000 |   2280.000 |   117.000
   3257,   |   8915.100 |  10066.400 |   720.300 |   8880.000 |   2280.000 |   117.000
   3258,   |   8915.100 |   9871.771 |   644.205 |   8880.000 |   2280.000 |   117.000
   3259,   |   8915.100 |   9724.826 |   541.718 |   8880.000 |   2280.000 |   117.000
   3260,   |   8915.100 |   9883.517 |   677.066 |   8880.000 |   2280.000 |   117.000
   3261,   |   8915.100 |   9933.358 |   707.942 |   8880.000 |   2280.000 |   117.000
   3262,   |   8915.100 |  10018.573 |   725.995 |   8880.000 |   2280.000 |   117.000
   3263,   |   8915.100 |   9845.219 |   667.120 |   8880.000 |   2280.000 |   117.000
   3264,   |   8915.100 |   9843.635 |   689.375 |   8880.000 |   2280.000 |   117.000
   3265,   |   8915.100 |   9882.193 |   706.568 |   8880.000 |   2280.000 |   117.000
   3266,   |   8915.100 |   9908.135 |   721.927 |   8880.000 |   2280.000 |   117.000
   3267,   |   8915.100 |   9839.774 |   599.717 |   8880.000 |   2280.000 |   117.000
   3268,   |   8915.100 |  10014.939 |   657.378 |   8880.000 |   2280.000 |   117.000
   3269,   |   8915.100 |   9976.850 |   706.778 |   8880.000 |   2280.000 |   117.000
   3270,   |   8915.100 |  10108.623 |   783.417 |   8880.000 |   2280.000 |   117.000
   3271,   |   8915.100 |  10026.641 |   712.409 |   8880.000 |   2280.000 |   117.000
   3272,   |   8915.100 |  10055.146 |   725.079 |   8880.000 |   2280.000 |   117.000
   3273,   |   8915.100 |   9998.498 |   640.099 |   8880.000 |   2280.000 |   117.000
   3274,   |   8915.100 |  10129.633 |   740.662 |   8880.000 |   2280.000 |   117.000
   3275,   |   8910.200 |  10103.428 |   725.001 |   8873.000 |   2280.000 |   124.000
   3276,   |   8910.200 |   9933.888 |   654.584 |   8873.000 |   2280.000 |   124.000
   3277,   |   8883.800 |   9892.391 |   746.734 |   8852.000 |   2262.000 |   106.000
   3278,   |   8883.800 |   9895.996 |   609.439 |   8852.000 |   2262.000 |   106.000
   3279,   |   8883.800 |  10006.761 |   738.276 |   8852.000 |   2262.000 |   106.000
   3280,   |   8882.000 |  10140.688 |   684.343 |   8849.000 |   2266.000 |   110.000
   3281,   |   8882.000 |  10003.182 |   724.812 |   8849.000 |   2266.000 |   110.000
   3282,   |   8882.000 |  10014.418 |   769.109 |   8849.000 |   2266.000 |   110.000
   3283,   |   8882.000 |  10235.396 |   937.163 |   8849.000 |   2266.000 |   110.000
   3284,   |   8863.600 |   9993.375 |   830.453 |   8827.000 |   2262.000 |   122.000
   3285,   |   8863.600 |  10037.269 |   804.529 |   8827.000 |   2262.000 |   122.000
   3286,   |   8863.600 |  10050.381 |   829.309 |   8827.000 |   2262.000 |   122.000
   3287,   |   8863.600 |  10053.616 |   792.774 |   8827.000 |   2262.000 |   122.000
   3288,   |   8863.600 |   9894.053 |   722.865 |   8827.000 |   2262.000 |   122.000
   3289,   |   8863.600 |   9896.146 |   705.334 |   8827.000 |   2262.000 |   122.000
   3290,   |   8863.600 |  10009.673 |   709.179 |   8827.000 |   2262.000 |   122.000
   3291,   |   8863.600 |  10038.700 |   858.192 |   8827.000 |   2262.000 |   122.000
   3292,   |   8863.600 |   9864.706 |   693.176 |   8827.000 |   2262.000 |   122.000
   3293,   |   8863.600 |   9887.223 |   676.963 |   8827.000 |   2262.000 |   122.000
   3294,   |   8863.600 |   9872.025 |   721.578 |   8827.000 |   2262.000 |   122.000
   3295,   |   8863.600 |   9842.711 |   716.535 |   8827.000 |   2262.000 |   122.000
   3296,   |   8863.600 |   9804.429 |   636.735 |   8827.000 |   2262.000 |   122.000
   3297,   |   8863.600 |   9870.125 |   671.127 |   8827.000 |   2262.000 |   122.000
   3298,   |   8863.600 |  10006.657 |   769.573 |   8827.000 |   2262.000 |   122.000
   3299,   |   8863.600 |   9891.426 |   674.115 |   8827.000 |   2262.000 |   122.000
   3300,   |   8863.600 |   9768.421 |   661.280 |   8827.000 |   2262.000 |   122.000
   3301,   |   8863.600 |   9778.685 |   674.927 |   8827.000 |   2262.000 |   122.000
   3302,   |   8863.600 |   9933.105 |   643.486 |   8827.000 |   2262.000 |   122.000
   3303,   |   8863.600 |  10044.615 |   750.652 |   8827.000 |   2262.000 |   122.000
   3304,   |   8863.600 |  10223.227 |   873.808 |   8827.000 |   2262.000 |   122.000
   3305,   |   8863.600 |   9948.558 |   703.478 |   8827.000 |   2262.000 |   122.000
   3306,   |   8863.600 |   9839.724 |   634.339 |   8827.000 |   2262.000 |   122.000
   3307,   |   8863.600 |   9963.621 |   705.905 |   8827.000 |   2262.000 |   122.000
   3308,   |   8863.600 |   9795.576 |   590.643 |   8827.000 |   2262.000 |   122.000
   3309,   |   8863.600 |   9929.555 |   665.489 |   8827.000 |   2262.000 |   122.000
   3310,   |   8863.600 |   9917.668 |   717.818 |   8827.000 |   2262.000 |   122.000
   3311,   |   8863.600 |   9859.678 |   720.806 |   8827.000 |   2262.000 |   122.000
   3312,   |   8863.600 |  10022.354 |   868.887 |   8827.000 |   2262.000 |   122.000
   3313,   |   8863.600 |   9771.511 |   641.515 |   8827.000 |   2262.000 |   122.000
   3314,   |   8863.600 |   9802.549 |   613.409 |   8827.000 |   2262.000 |   122.000
   3315,   |   8863.600 |   9837.532 |   696.205 |   8827.000 |   2262.000 |   122.000
   3316,   |   8863.600 |   9840.478 |   659.739 |   8827.000 |   2262.000 |   122.000
   3317,   |   8863.600 |   9889.501 |   728.104 |   8827.000 |   2262.000 |   122.000
   3318,   |   8863.600 |   9890.074 |   728.206 |   8827.000 |   2262.000 |   122.000
   3319,   |   8863.600 |   9926.059 |   701.206 |   8827.000 |   2262.000 |   122.000
   3320,   |   8863.600 |   9851.497 |   660.777 |   8827.000 |   2262.000 |   122.000
   3321,   |   8863.600 |   9854.746 |   642.877 |   8827.000 |   2262.000 |   122.000
   3322,   |   8863.600 |  10022.702 |   672.432 |   8827.000 |   2262.000 |   122.000
   3323,   |   8863.600 |   9943.246 |   694.243 |   8827.000 |   2262.000 |   122.000
   3324,   |   8863.600 |  10002.888 |   721.678 |   8827.000 |   2262.000 |   122.000
   3325,   |   8863.600 |   9861.246 |   619.677 |   8827.000 |   2262.000 |   122.000
   3326,   |   8863.600 |   9918.773 |   684.176 |   8827.000 |   2262.000 |   122.000
   3327,   |   8863.600 |  10149.015 |   732.012 |   8827.000 |   2262.000 |   122.000
   3328,   |   8863.600 |   9978.455 |   731.099 |   8827.000 |   2262.000 |   122.000
   3329,   |   8863.600 |   9966.958 |   722.905 |   8827.000 |   2262.000 |   122.000
   3330,   |   8863.600 |   9985.776 |   778.167 |   8827.000 |   2262.000 |   122.000
   3331,   |   8863.600 |  10003.254 |   665.466 |   8827.000 |   2262.000 |   122.000
   3332,   |   8863.600 |  10040.156 |   765.615 |   8827.000 |   2262.000 |   122.000
   3333,   |   8863.600 |  10119.633 |   842.012 |   8827.000 |   2262.000 |   122.000
   3334,   |   8863.600 |   9869.729 |   648.955 |   8827.000 |   2262.000 |   122.000
   3335,   |   8863.600 |   9806.536 |   686.712 |   8827.000 |   2262.000 |   122.000
   3336,   |   8863.600 |   9794.072 |   643.472 |   8827.000 |   2262.000 |   122.000
   3337,   |   8863.600 |   9964.009 |   728.753 |   8827.000 |   2262.000 |   122.000
   3338,   |   8863.600 |   9988.533 |   713.522 |   8827.000 |   2262.000 |   122.000
   3339,   |   8863.600 |  10012.102 |   823.459 |   8827.000 |   2262.000 |   122.000
   3340,   |   8863.600 |  10049.467 |   785.483 |   8827.000 |   2262.000 |   122.000
   3341,   |   8863.600 |   9873.408 |   723.657 |   8827.000 |   2262.000 |   122.000
   3342,   |   8863.600 |   9933.355 |   695.556 |   8827.000 |   2262.000 |   122.000
   3343,   |   8863.600 |  10006.506 |   754.981 |   8827.000 |   2262.000 |   122.000
   3344,   |   8863.600 |   9805.023 |   691.390 |   8827.000 |   2262.000 |   122.000
   3345,   |   8863.600 |  10009.696 |   773.205 |   8827.000 |   2262.000 |   122.000
   3346,   |   8863.600 |   9963.855 |   814.905 |   8827.000 |   2262.000 |   122.000
   3347,   |   8863.600 |   9986.435 |   690.136 |   8827.000 |   2262.000 |   122.000
   3348,   |   8863.600 |   9927.065 |   721.881 |   8827.000 |   2262.000 |   122.000
   3349,   |   8863.600 |   9878.493 |   609.409 |   8827.000 |   2262.000 |   122.000
   3350,   |   8863.600 |   9936.085 |   663.869 |   8827.000 |   2262.000 |   122.000
   3351,   |   8863.600 |  10174.352 |   851.446 |   8827.000 |   2262.000 |   122.000
   3352,   |   8863.600 |   9971.114 |   750.745 |   8827.000 |   2262.000 |   122.000
   3353,   |   8863.600 |   9930.564 |   734.697 |   8827.000 |   2262.000 |   122.000
   3354,   |   8863.600 |   9880.116 |   682.719 |   8827.000 |   2262.000 |   122.000
   3355,   |   8863.600 |   9982.828 |   721.436 |   8827.000 |   2262.000 |   122.000
   3356,   |   8863.600 |   9951.333 |   718.160 |   8827.000 |   2262.000 |   122.000
   3357,   |   8863.600 |   9991.499 |   694.276 |   8827.000 |   2262.000 |   122.000
   3358,   |   8863.600 |   9922.062 |   709.626 |   8827.000 |   2262.000 |   122.000
   3359,   |   8863.600 |   9996.344 |   662.327 |   8827.000 |   2262.000 |   122.000
   3360,   |   8863.600 |  10281.426 |   776.647 |   8827.000 |   2262.000 |   122.000
   3361,   |   8863.600 |  10268.375 |   727.997 |   8827.000 |   2262.000 |   122.000
   3362,   |   8863.600 |  10128.048 |   804.841 |   8827.000 |   2262.000 |   122.000
   3363,   |   8863.600 |  10049.396 |   741.192 |   8827.000 |   2262.000 |   122.000
   3364,   |   8863.600 |  10109.668 |   740.342 |   8827.000 |   2262.000 |   122.000
   3365,   |   8863.600 |  10106.146 |   768.652 |   8827.000 |   2262.000 |   122.000
   3366,   |   8863.600 |   9829.483 |   533.676 |   8827.000 |   2262.000 |   122.000
   3367,   |   8863.600 |   9994.248 |   689.163 |   8827.000 |   2262.000 |   122.000
   3368,   |   8863.600 |   9973.720 |   689.231 |   8827.000 |   2262.000 |   122.000
   3369,   |   8863.600 |   9864.914 |   657.519 |   8827.000 |   2262.000 |   122.000
   3370,   |   8863.600 |  10052.984 |   788.689 |   8827.000 |   2262.000 |   122.000
   3371,   |   8863.600 |  10010.763 |   672.451 |   8827.000 |   2262.000 |   122.000
   3372,   |   8863.600 |  10256.334 |   872.196 |   8827.000 |   2262.000 |   122.000
   3373,   |   8863.600 |  10104.019 |   691.176 |   8827.000 |   2262.000 |   122.000
   3374,   |   8863.600 |  10098.784 |   752.500 |   8827.000 |   2262.000 |   122.000
   3375,   |   8863.600 |  10038.092 |   705.389 |   8827.000 |   2262.000 |   122.000
   3376,   |   8863.600 |  10035.094 |   751.105 |   8827.000 |   2262.000 |   122.000
   3377,   |   8863.600 |   9992.213 |   697.949 |   8827.000 |   2262.000 |   122.000
   3378,   |   8863.600 |   9951.826 |   665.605 |   8827.000 |   2262.000 |   122.000
   3379,   |   8863.600 |  10007.352 |   740.608 |   8827.000 |   2262.000 |   122.000
   3380,   |   8863.600 |   9920.714 |   749.141 |   8827.000 |   2262.000 |   122.000
   3381,   |   8863.600 |   9841.235 |   775.375 |   8827.000 |   2262.000 |   122.000
   3382,   |   8863.600 |   9758.982 |   673.761 |   8827.000 |   2262.000 |   122.000
   3383,   |   8863.600 |   9654.134 |   558.421 |   8827.000 |   2262.000 |   122.000
   3384,   |   8854.000 |   9950.486 |   826.145 |   8794.000 |   2340.000 |   200.000
   3385,   |   8854.000 |  10029.176 |   810.818 |   8794.000 |   2340.000 |   200.000
   3386,   |   8854.000 |  10011.435 |   742.787 |   8794.000 |   2340.000 |   200.000
   3387,   |   8854.000 |  10121.752 |   775.729 |   8794.000 |   2340.000 |   200.000
   3388,   |   8854.000 |   9963.044 |   678.281 |   8794.000 |   2340.000 |   200.000
   3389,   |   8854.000 |  10121.831 |   836.158 |   8794.000 |   2340.000 |   200.000
   3390,   |   8854.000 |  10266.096 |   821.398 |   8794.000 |   2340.000 |   200.000
   3391,   |   8854.000 |  10221.626 |   883.956 |   8794.000 |   2340.000 |   200.000
   3392,   |   8854.000 |  10118.487 |   737.002 |   8794.000 |   2340.000 |   200.000
   3393,   |   8854.000 |  10052.596 |   695.835 |   8794.000 |   2340.000 |   200.000
   3394,   |   8854.000 |  10039.293 |   722.687 |   8794.000 |   2340.000 |   200.000
   3395,   |   8854.000 |  10025.638 |   741.266 |   8794.000 |   2340.000 |   200.000
   3396,   |   8854.000 |  10149.905 |   828.010 |   8794.000 |   2340.000 |   200.000
   3397,   |   8854.000 |  10071.073 |   833.756 |   8794.000 |   2340.000 |   200.000
   3398,   |   8854.000 |  10027.249 |   747.953 |   8794.000 |   2340.000 |   200.000
   3399,   |   8854.000 |   9911.444 |   801.302 |   8794.000 |   2340.000 |   200.000
   3400,   |   8854.000 |   9947.701 |   807.353 |   8794.000 |   2340.000 |   200.000
   3401,   |   8854.000 |  10083.486 |   815.399 |   8794.000 |   2340.000 |   200.000
   3402,   |   8854.000 |  10108.164 |   843.034 |   8794.000 |   2340.000 |   200.000
   3403,   |   8854.000 |  10293.443 |   839.982 |   8794.000 |   2340.000 |   200.000
   3404,   |   8854.000 |  10056.267 |   809.184 |   8794.000 |   2340.000 |   200.000
   3405,   |   8854.000 |  10093.254 |   719.954 |   8794.000 |   2340.000 |   200.000
   3406,   |   8854.000 |  10132.753 |   739.103 |   8794.000 |   2340.000 |   200.000
   3407,   |   8854.000 |  10453.469 |   888.584 |   8794.000 |   2340.000 |   200.000
   3408,   |   8854.000 |  10441.818 |   866.945 |   8794.000 |   2340.000 |   200.000
   3409,   |   8854.000 |  10264.226 |   814.659 |   8794.000 |   2340.000 |   200.000
   3410,   |   8854.000 |  10224.702 |   851.020 |   8794.000 |   2340.000 |   200.000
   3411,   |   8854.000 |  10021.092 |   797.369 |   8794.000 |   2340.000 |   200.000
   3412,   |   8854.000 |   9957.812 |   750.519 |   8794.000 |   2340.000 |   200.000
   3413,   |   8854.000 |   9828.194 |   714.850 |   8794.000 |   2340.000 |   200.000
   3414,   |   8854.000 |   9735.939 |   608.927 |   8794.000 |   2340.000 |   200.000
   3415,   |   8854.000 |   9831.640 |   746.892 |   8794.000 |   2340.000 |   200.000
   3416,   |   8854.000 |   9726.495 |   605.514 |   8794.000 |   2340.000 |   200.000
   3417,   |   8854.000 |   9998.631 |   700.934 |   8794.000 |   2340.000 |   200.000
   3418,   |   8854.000 |  10170.941 |   778.770 |   8794.000 |   2340.000 |   200.000
   3419,   |   8854.000 |  10077.319 |   827.705 |   8794.000 |   2340.000 |   200.000
   3420,   |   8854.000 |  10098.627 |   831.312 |   8794.000 |   2340.000 |   200.000
   3421,   |   8854.000 |  10065.457 |   740.143 |   8794.000 |   2340.000 |   200.000
   3422,   |   8854.000 |  10042.140 |   746.062 |   8794.000 |   2340.000 |   200.000
   3423,   |   8854.000 |   9837.747 |   677.295 |   8794.000 |   2340.000 |   200.000
   3424,   |   8854.000 |   9877.796 |   710.223 |   8794.000 |   2340.000 |   200.000
   3425,   |   8854.000 |   9799.411 |   687.298 |   8794.000 |   2340.000 |   200.000
   3426,   |   8854.000 |   9920.628 |   735.034 |   8794.000 |   2340.000 |   200.000
   3427,   |   8854.000 |   9896.250 |   818.575 |   8794.000 |   2340.000 |   200.000
   3428,   |   8854.000 |   9793.654 |   622.854 |   8794.000 |   2340.000 |   200.000
   3429,   |   8854.000 |   9858.237 |   802.421 |   8794.000 |   2340.000 |   200.000
   3430,   |   8854.000 |   9863.838 |   769.109 |   8794.000 |   2340.000 |   200.000
   3431,   |   8854.000 |   9846.370 |   697.738 |   8794.000 |   2340.000 |   200.000
   3432,   |   8854.000 |   9663.440 |   580.533 |   8794.000 |   2340.000 |   200.000
   3433,   |   8854.000 |   9874.328 |   730.118 |   8794.000 |   2340.000 |   200.000
   3434,   |   8854.000 |   9814.912 |   610.968 |   8794.000 |   2340.000 |   200.000
   3435,   |   8854.000 |   9817.494 |   660.327 |   8794.000 |   2340.000 |   200.000
   3436,   |   8854.000 |   9949.571 |   737.862 |   8794.000 |   2340.000 |   200.000
   3437,   |   8854.000 |   9914.815 |   745.091 |   8794.000 |   2340.000 |   200.000
   3438,   |   8854.000 |   9962.784 |   754.124 |   8794.000 |   2340.000 |   200.000
   3439,   |   8854.000 |   9850.403 |   663.965 |   8794.000 |   2340.000 |   200.000
   3440,   |   8854.000 |   9822.039 |   564.288 |   8794.000 |   2340.000 |   200.000
   3441,   |   8854.000 |   9947.199 |   687.754 |   8794.000 |   2340.000 |   200.000
   3442,   |   8854.000 |   9797.967 |   667.693 |   8794.000 |   2340.000 |   200.000
   3443,   |   8854.000 |   9899.080 |   731.729 |   8794.000 |   2340.000 |   200.000
   3444,   |   8854.000 |   9976.346 |   823.789 |   8794.000 |   2340.000 |   200.000
   3445,   |   8854.000 |   9844.945 |   712.774 |   8794.000 |   2340.000 |   200.000
   3446,   |   8854.000 |   9881.448 |   700.062 |   8794.000 |   2340.000 |   200.000
   3447,   |   8854.000 |   9880.751 |   709.825 |   8794.000 |   2340.000 |   200.000
   3448,   |   8854.000 |   9847.841 |   644.763 |   8794.000 |   2340.000 |   200.000
   3449,   |   8854.000 |   9864.926 |   698.647 |   8794.000 |   2340.000 |   200.000
   3450,   |   8854.000 |   9912.771 |   740.695 |   8794.000 |   2340.000 |   200.000
   3451,   |   8854.000 |   9853.688 |   703.788 |   8794.000 |   2340.000 |   200.000
   3452,   |   8854.000 |   9841.879 |   713.020 |   8794.000 |   2340.000 |   200.000
   3453,   |   8854.000 |   9924.049 |   669.183 |   8794.000 |   2340.000 |   200.000
   3454,   |   8854.000 |   9894.442 |   792.286 |   8794.000 |   2340.000 |   200.000
   3455,   |   8854.000 |   9776.264 |   631.859 |   8794.000 |   2340.000 |   200.000
   3456,   |   8854.000 |   9821.131 |   651.150 |   8794.000 |   2340.000 |   200.000
   3457,   |   8854.000 |   9770.714 |   627.845 |   8794.000 |   2340.000 |   200.000
   3458,   |   8854.000 |   9784.511 |   669.858 |   8794.000 |   2340.000 |   200.000
   3459,   |   8854.000 |   9805.694 |   666.559 |   8794.000 |   2340.000 |   200.000
   3460,   |   8854.000 |   9780.468 |   633.474 |   8794.000 |   2340.000 |   200.000
   3461,   |   8854.000 |   9908.273 |   659.114 |   8794.000 |   2340.000 |   200.000
   3462,   |   8854.000 |   9900.354 |   707.673 |   8794.000 |   2340.000 |   200.000
   3463,   |   8854.000 |   9728.888 |   621.885 |   8794.000 |   2340.000 |   200.000
   3464,   |   8854.000 |   9939.744 |   752.351 |   8794.000 |   2340.000 |   200.000
   3465,   |   8854.000 |   9921.145 |   783.661 |   8794.000 |   2340.000 |   200.000
   3466,   |   8854.000 |   9825.290 |   661.024 |   8794.000 |   2340.000 |   200.000
   3467,   |   8854.000 |   9784.278 |   646.934 |   8794.000 |   2340.000 |   200.000
   3468,   |   8820.200 |   9955.418 |   830.689 |   8768.000 |   2314.000 |   174.000
   3469,   |   8820.200 |   9855.598 |   666.468 |   8768.000 |   2314.000 |   174.000
   3470,   |   8820.200 |   9849.169 |   654.512 |   8768.000 |   2314.000 |   174.000
   3471,   |   8820.200 |   9812.997 |   715.013 |   8768.000 |   2314.000 |   174.000
   3472,   |   8820.200 |   9797.705 |   703.787 |   8768.000 |   2314.000 |   174.000
   3473,   |   8820.200 |   9874.900 |   755.325 |   8768.000 |   2314.000 |   174.000
   3474,   |   8820.200 |   9821.731 |   670.609 |   8768.000 |   2314.000 |   174.000
   3475,   |   8820.200 |   9788.645 |   653.935 |   8768.000 |   2314.000 |   174.000
   3476,   |   8820.200 |   9849.246 |   683.719 |   8768.000 |   2314.000 |   174.000
   3477,   |   8820.200 |   9763.163 |   670.060 |   8768.000 |   2314.000 |   174.000
   3478,   |   8820.200 |   9945.314 |   840.584 |   8768.000 |   2314.000 |   174.000
   3479,   |   8820.200 |   9819.985 |   695.346 |   8768.000 |   2314.000 |   174.000
   3480,   |   8820.200 |   9861.996 |   710.450 |   8768.000 |   2314.000 |   174.000
   3481,   |   8820.200 |   9907.269 |   694.068 |   8768.000 |   2314.000 |   174.000
   3482,   |   8820.200 |   9964.787 |   849.680 |   8768.000 |   2314.000 |   174.000
   3483,   |   8820.200 |   9797.155 |   671.629 |   8768.000 |   2314.000 |   174.000
   3484,   |   8820.200 |   9914.456 |   821.046 |   8768.000 |   2314.000 |   174.000
   3485,   |   8820.200 |   9699.284 |   748.688 |   8768.000 |   2314.000 |   174.000
   3486,   |   8820.200 |   9783.031 |   710.696 |   8768.000 |   2314.000 |   174.000
   3487,   |   8820.200 |   9833.133 |   645.326 |   8768.000 |   2314.000 |   174.000
   3488,   |   8820.200 |   9842.383 |   779.856 |   8768.000 |   2314.000 |   174.000
   3489,   |   8820.200 |   9776.674 |   667.309 |   8768.000 |   2314.000 |   174.000
   3490,   |   8820.200 |   9869.539 |   754.089 |   8768.000 |   2314.000 |   174.000
   3491,   |   8820.200 |   9751.946 |   690.461 |   8768.000 |   2314.000 |   174.000
   3492,   |   8820.200 |   9743.648 |   601.720 |   8768.000 |   2314.000 |   174.000
   3493,   |   8820.200 |   9861.018 |   688.793 |   8768.000 |   2314.000 |   174.000
   3494,   |   8820.200 |  10032.549 |   746.763 |   8768.000 |   2314.000 |   174.000
   3495,   |   8820.200 |   9888.524 |   766.183 |   8768.000 |   2314.000 |   174.000
   3496,   |   8820.200 |   9965.626 |   788.452 |   8768.000 |   2314.000 |   174.000
   3497,   |   8820.200 |   9966.275 |   770.818 |   8768.000 |   2314.000 |   174.000
   3498,   |   8820.200 |   9907.648 |   745.086 |   8768.000 |   2314.000 |   174.000
   3499,   |   8820.200 |   9993.402 |   793.446 |   8768.000 |   2314.000 |   174.000
   3500,   |   8820.200 |   9826.434 |   691.544 |   8768.000 |   2314.000 |   174.000
   3501,   |   8820.200 |   9858.512 |   660.630 |   8768.000 |   2314.000 |   174.000
   3502,   |   8820.200 |   9811.329 |   749.356 |   8768.000 |   2314.000 |   174.000
   3503,   |   8820.200 |   9852.034 |   633.845 |   8768.000 |   2314.000 |   174.000
   3504,   |   8820.200 |   9812.842 |   732.293 |   8768.000 |   2314.000 |   174.000
   3505,   |   8820.200 |   9888.346 |   733.046 |   8768.000 |   2314.000 |   174.000
   3506,   |   8820.200 |   9847.609 |   776.566 |   8768.000 |   2314.000 |   174.000
   3507,   |   8820.200 |   9840.452 |   710.213 |   8768.000 |   2314.000 |   174.000
   3508,   |   8820.200 |   9692.415 |   676.573 |   8768.000 |   2314.000 |   174.000
   3509,   |   8820.200 |   9679.602 |   630.401 |   8768.000 |   2314.000 |   174.000
   3510,   |   8820.200 |   9673.007 |   628.535 |   8768.000 |   2314.000 |   174.000
   3511,   |   8820.200 |   9742.510 |   619.332 |   8768.000 |   2314.000 |   174.000
   3512,   |   8820.200 |   9831.993 |   718.756 |   8768.000 |   2314.000 |   174.000
   3513,   |   8820.200 |   9782.213 |   652.574 |   8768.000 |   2314.000 |   174.000
   3514,   |   8820.200 |   9781.378 |   671.505 |   8768.000 |   2314.000 |   174.000
   3515,   |   8820.200 |   9726.163 |   653.243 |   8768.000 |   2314.000 |   174.000
   3516,   |   8820.200 |   9873.227 |   711.962 |   8768.000 |   2314.000 |   174.000
   3517,   |   8820.200 |   9848.036 |   757.201 |   8768.000 |   2314.000 |   174.000
   3518,   |   8820.200 |   9757.074 |   598.594 |   8768.000 |   2314.000 |   174.000
   3519,   |   8820.200 |   9877.225 |   773.801 |   8768.000 |   2314.000 |   174.000
   3520,   |   8820.200 |   9699.009 |   587.260 |   8768.000 |   2314.000 |   174.000
   3521,   |   8820.200 |   9968.393 |   695.778 |   8768.000 |   2314.000 |   174.000
   3522,   |   8820.200 |   9922.562 |   786.203 |   8768.000 |   2314.000 |   174.000
   3523,   |   8820.200 |   9885.884 |   738.602 |   8768.000 |   2314.000 |   174.000
   3524,   |   8820.200 |   9896.263 |   766.176 |   8768.000 |   2314.000 |   174.000
   3525,   |   8820.200 |  10001.739 |   696.032 |   8768.000 |   2314.000 |   174.000
   3526,   |   8820.200 |   9796.024 |   683.089 |   8768.000 |   2314.000 |   174.000
   3527,   |   8820.200 |   9775.170 |   641.663 |   8768.000 |   2314.000 |   174.000
   3528,   |   8820.200 |   9779.130 |   673.456 |   8768.000 |   2314.000 |   174.000
   3529,   |   8820.200 |   9826.569 |   700.036 |   8768.000 |   2314.000 |   174.000
   3530,   |   8820.200 |   9813.688 |   673.433 |   8768.000 |   2314.000 |   174.000
   3531,   |   8820.200 |   9748.294 |   684.569 |   8768.000 |   2314.000 |   174.000
   3532,   |   8820.200 |   9817.449 |   754.737 |   8768.000 |   2314.000 |   174.000
   3533,   |   8820.200 |   9830.456 |   721.163 |   8768.000 |   2314.000 |   174.000
   3534,   |   8820.200 |   9846.239 |   672.369 |   8768.000 |   2314.000 |   174.000
   3535,   |   8820.200 |   9830.377 |   774.581 |   8768.000 |   2314.000 |   174.000
   3536,   |   8820.200 |   9815.853 |   716.077 |   8768.000 |   2314.000 |   174.000
   3537,   |   8820.200 |   9974.867 |   761.059 |   8768.000 |   2314.000 |   174.000
   3538,   |   8810.600 |   9774.864 |   662.045 |   8762.000 |   2303.000 |   162.000
   3539,   |   8810.600 |   9727.293 |   580.155 |   8762.000 |   2303.000 |   162.000
   3540,   |   8810.600 |   9766.456 |   680.625 |   8762.000 |   2303.000 |   162.000
   3541,   |   8810.600 |   9797.418 |   678.829 |   8762.000 |   2303.000 |   162.000
   3542,   |   8810.600 |   9791.452 |   659.152 |   8762.000 |   2303.000 |   162.000
   3543,   |   8807.300 |   9845.109 |   755.061 |   8759.000 |   2303.000 |   161.000
   3544,   |   8771.900 |   9776.949 |   629.089 |   8699.000 |   2314.000 |   243.000
   3545,   |   8771.900 |   9745.303 |   631.425 |   8699.000 |   2314.000 |   243.000
   3546,   |   8771.900 |   9757.164 |   720.968 |   8699.000 |   2314.000 |   243.000
   3547,   |   8771.900 |   9939.373 |   716.944 |   8699.000 |   2314.000 |   243.000
   3548,   |   8771.900 |   9959.675 |   762.695 |   8699.000 |   2314.000 |   243.000
   3549,   |   8771.900 |   9950.090 |   691.378 |   8699.000 |   2314.000 |   243.000
   3550,   |   8771.900 |   9906.866 |   701.300 |   8699.000 |   2314.000 |   243.000
   3551,   |   8770.800 |   9702.080 |   611.885 |   8682.000 |   2332.000 |   296.000
   3552,   |   8770.800 |  10007.198 |   779.791 |   8682.000 |   2332.000 |   296.000
   3553,   |   8770.800 |  10019.093 |   779.493 |   8682.000 |   2332.000 |   296.000
   3554,   |   8770.800 |   9902.233 |   696.152 |   8682.000 |   2332.000 |   296.000
   3555,   |   8770.800 |   9763.425 |   710.447 |   8682.000 |   2332.000 |   296.000
   3556,   |   8770.800 |   9907.765 |   730.342 |   8682.000 |   2332.000 |   296.000
   3557,   |   8770.800 |   9922.291 |   707.604 |   8682.000 |   2332.000 |   296.000
   3558,   |   8770.800 |  10022.197 |   808.362 |   8682.000 |   2332.000 |   296.000
   3559,   |   8770.800 |   9891.105 |   830.392 |   8682.000 |   2332.000 |   296.000
   3560,   |   8770.800 |   9869.380 |   722.193 |   8682.000 |   2332.000 |   296.000
   3561,   |   8770.800 |   9690.136 |   578.737 |   8682.000 |   2332.000 |   296.000
   3562,   |   8770.800 |   9805.899 |   739.444 |   8682.000 |   2332.000 |   296.000
   3563,   |   8770.800 |   9754.190 |   719.534 |   8682.000 |   2332.000 |   296.000
   3564,   |   8770.800 |   9892.450 |   705.062 |   8682.000 |   2332.000 |   296.000
   3565,   |   8770.800 |  10125.246 |   875.650 |   8682.000 |   2332.000 |   296.000
   3566,   |   8770.800 |   9917.955 |   693.823 |   8682.000 |   2332.000 |   296.000
   3567,   |   8764.200 |   9722.018 |   733.842 |   8688.000 |   2314.000 |   254.000
   3568,   |   8764.200 |   9604.353 |   594.295 |   8688.000 |   2314.000 |   254.000
   3569,   |   8764.200 |   9680.197 |   707.860 |   8688.000 |   2314.000 |   254.000
   3570,   |   8764.200 |   9749.380 |   656.369 |   8688.000 |   2314.000 |   254.000
   3571,   |   8764.200 |   9824.200 |   664.586 |   8688.000 |   2314.000 |   254.000
   3572,   |   8764.200 |   9787.809 |   685.742 |   8688.000 |   2314.000 |   254.000
   3573,   |   8764.200 |   9762.055 |   700.948 |   8688.000 |   2314.000 |   254.000
   3574,   |   8764.200 |   9749.614 |   715.531 |   8688.000 |   2314.000 |   254.000
   3575,   |   8764.200 |   9743.216 |   644.988 |   8688.000 |   2314.000 |   254.000
   3576,   |   8764.200 |   9684.207 |   696.657 |   8688.000 |   2314.000 |   254.000
   3577,   |   8764.200 |   9585.735 |   677.213 |   8688.000 |   2314.000 |   254.000
   3578,   |   8764.200 |   9796.582 |   711.632 |   8688.000 |   2314.000 |   254.000
   3579,   |   8741.800 |   9630.914 |   736.668 |   8653.000 |   2332.000 |   296.000
   3580,   |   8741.800 |   9944.971 |   803.038 |   8653.000 |   2332.000 |   296.000
   3581,   |   8741.800 |   9787.094 |   714.085 |   8653.000 |   2332.000 |   296.000
   3582,   |   8741.800 |   9786.765 |   711.685 |   8653.000 |   2332.000 |   296.000
   3583,   |   8738.500 |   9633.926 |   613.963 |   8662.000 |   2314.000 |   255.000
   3584,   |   8738.500 |   9661.293 |   658.781 |   8662.000 |   2314.000 |   255.000
   3585,   |   8738.500 |   9758.763 |   745.323 |   8662.000 |   2314.000 |   255.000
   3586,   |   8738.500 |   9752.360 |   648.331 |   8662.000 |   2314.000 |   255.000
   3587,   |   8738.500 |   9745.417 |   667.754 |   8662.000 |   2314.000 |   255.000
   3588,   |   8738.500 |   9765.011 |   735.034 |   8662.000 |   2314.000 |   255.000
   3589,   |   8735.200 |   9633.320 |   692.397 |   8659.000 |   2314.000 |   254.000
   3590,   |   8735.200 |   9705.683 |   693.983 |   8659.000 |   2314.000 |   254.000
   3591,   |   8735.200 |   9547.035 |   628.809 |   8659.000 |   2314.000 |   254.000
   3592,   |   8735.200 |   9716.751 |   709.114 |   8659.000 |   2314.000 |   254.000
   3593,   |   8735.200 |   9565.438 |   668.550 |   8659.000 |   2314.000 |   254.000
   3594,   |   8735.200 |   9561.626 |   640.777 |   8659.000 |   2314.000 |   254.000
   3595,   |   8735.200 |   9693.313 |   732.399 |   8659.000 |   2314.000 |   254.000
   3596,   |   8735.200 |   9666.326 |   746.538 |   8659.000 |   2314.000 |   254.000
   3597,   |   8735.200 |   9811.330 |   771.887 |   8659.000 |   2314.000 |   254.000
   3598,   |   8735.200 |   9869.013 |   784.023 |   8659.000 |   2314.000 |   254.000
   3599,   |   8735.200 |   9697.600 |   744.704 |   8659.000 |   2314.000 |   254.000
   3600,   |   8735.200 |   9718.777 |   745.882 |   8659.000 |   2314.000 |   254.000
   3601,   |   8735.200 |   9686.457 |   654.890 |   8659.000 |   2314.000 |   254.000
   3602,   |   8735.200 |   9692.356 |   724.803 |   8659.000 |   2314.000 |   254.000
   3603,   |   8735.200 |   9654.919 |   699.242 |   8659.000 |   2314.000 |   254.000
   3604,   |   8735.200 |   9682.921 |   750.757 |   8659.000 |   2314.000 |   254.000
   3605,   |   8735.200 |   9708.038 |   676.618 |   8659.000 |   2314.000 |   254.000
   3606,   |   8735.200 |   9634.156 |   648.628 |   8659.000 |   2314.000 |   254.000
   3607,   |   8735.200 |   9710.079 |   736.584 |   8659.000 |   2314.000 |   254.000
   3608,   |   8735.200 |   9734.850 |   735.456 |   8659.000 |   2314.000 |   254.000
   3609,   |   8735.200 |   9581.277 |   638.240 |   8659.000 |   2314.000 |   254.000
   3610,   |   8735.200 |   9691.019 |   685.992 |   8659.000 |   2314.000 |   254.000
   3611,   |   8735.200 |   9647.192 |   701.382 |   8659.000 |   2314.000 |   254.000
   3612,   |   8735.200 |   9619.237 |   681.809 |   8659.000 |   2314.000 |   254.000
   3613,   |   8735.200 |   9585.556 |   588.135 |   8659.000 |   2314.000 |   254.000
   3614,   |   8735.200 |   9763.364 |   727.983 |   8659.000 |   2314.000 |   254.000
   3615,   |   8735.200 |   9779.353 |   728.584 |   8659.000 |   2314.000 |   254.000
   3616,   |   8735.200 |   9658.235 |   701.675 |   8659.000 |   2314.000 |   254.000
   3617,   |   8735.200 |   9778.264 |   748.736 |   8659.000 |   2314.000 |   254.000
   3618,   |   8735.200 |   9736.634 |   753.387 |   8659.000 |   2314.000 |   254.000
   3619,   |   8735.200 |   9659.800 |   615.614 |   8659.000 |   2314.000 |   254.000
   3620,   |   8735.200 |   9707.971 |   666.831 |   8659.000 |   2314.000 |   254.000
   3621,   |   8735.200 |   9614.004 |   632.754 |   8659.000 |   2314.000 |   254.000
   3622,   |   8735.200 |   9777.025 |   764.141 |   8659.000 |   2314.000 |   254.000
   3623,   |   8735.200 |   9896.085 |   790.711 |   8659.000 |   2314.000 |   254.000
   3624,   |   8715.700 |   9816.664 |   748.584 |   8644.000 |   2299.000 |   239.000
   3625,   |   8715.700 |   9649.524 |   677.085 |   8644.000 |   2299.000 |   239.000
   3626,   |   8715.700 |   9631.615 |   679.997 |   8644.000 |   2299.000 |   239.000
   3627,   |   8715.700 |   9646.826 |   647.654 |   8644.000 |   2299.000 |   239.000
   3628,   |   8715.700 |   9698.841 |   687.556 |   8644.000 |   2299.000 |   239.000
   3629,   |   8715.700 |   9609.602 |   638.379 |   8644.000 |   2299.000 |   239.000
   3630,   |   8715.700 |   9599.561 |   639.170 |   8644.000 |   2299.000 |   239.000
   3631,   |   8715.700 |   9657.972 |   671.877 |   8644.000 |   2299.000 |   239.000
   3632,   |   8715.700 |   9749.043 |   726.018 |   8644.000 |   2299.000 |   239.000
   3633,   |   8715.700 |   9788.910 |   721.653 |   8644.000 |   2299.000 |   239.000
   3634,   |   8715.700 |   9726.581 |   659.650 |   8644.000 |   2299.000 |   239.000
   3635,   |   8715.700 |   9794.046 |   614.116 |   8644.000 |   2299.000 |   239.000
   3636,   |   8715.700 |   9865.969 |   773.022 |   8644.000 |   2299.000 |   239.000
   3637,   |   8715.700 |   9757.434 |   686.583 |   8644.000 |   2299.000 |   239.000
   3638,   |   8715.700 |   9787.858 |   765.483 |   8644.000 |   2299.000 |   239.000
   3639,   |   8715.700 |   9649.797 |   651.737 |   8644.000 |   2299.000 |   239.000
   3640,   |   8696.000 |   9704.860 |   650.654 |   8624.000 |   2299.000 |   240.000
   3641,   |   8696.000 |   9721.337 |   689.973 |   8624.000 |   2299.000 |   240.000
   3642,   |   8696.000 |   9719.843 |   638.194 |   8624.000 |   2299.000 |   240.000
   3643,   |   8696.000 |   9776.395 |   721.080 |   8624.000 |   2299.000 |   240.000
   3644,   |   8696.000 |   9807.009 |   750.914 |   8624.000 |   2299.000 |   240.000
   3645,   |   8696.000 |   9699.941 |   686.176 |   8624.000 |   2299.000 |   240.000
   3646,   |   8696.000 |   9738.354 |   750.545 |   8624.000 |   2299.000 |   240.000
   3647,   |   8696.000 |   9695.170 |   787.923 |   8624.000 |   2299.000 |   240.000
   3648,   |   8696.000 |   9703.642 |   688.403 |   8624.000 |   2299.000 |   240.000
   3649,   |   8696.000 |   9723.136 |   691.399 |   8624.000 |   2299.000 |   240.000
   3650,   |   8692.700 |   9667.727 |   664.933 |   8621.000 |   2299.000 |   239.000
   3651,   |   8692.700 |   9758.631 |   757.205 |   8621.000 |   2299.000 |   239.000
   3652,   |   8692.700 |   9771.964 |   730.960 |   8621.000 |   2299.000 |   239.000
   3653,   |   8692.700 |   9587.730 |   655.650 |   8621.000 |   2299.000 |   239.000
   3654,   |   8692.700 |   9597.446 |   695.181 |   8621.000 |   2299.000 |   239.000
   3655,   |   8692.700 |   9687.280 |   671.582 |   8621.000 |   2299.000 |   239.000
   3656,   |   8692.700 |   9724.718 |   721.269 |   8621.000 |   2299.000 |   239.000
   3657,   |   8692.700 |   9713.569 |   726.698 |   8621.000 |   2299.000 |   239.000
   3658,   |   8692.700 |   9675.918 |   733.533 |   8621.000 |   2299.000 |   239.000
   3659,   |   8692.700 |   9557.696 |   624.763 |   8621.000 |   2299.000 |   239.000
   3660,   |   8692.700 |   9643.952 |   649.516 |   8621.000 |   2299.000 |   239.000
   3661,   |   8692.700 |   9534.613 |   572.668 |   8621.000 |   2299.000 |   239.000
   3662,   |   8692.700 |   9534.123 |   671.865 |   8621.000 |   2299.000 |   239.000
   3663,   |   8692.700 |   9449.371 |   548.121 |   8621.000 |   2299.000 |   239.000
   3664,   |   8692.700 |   9534.281 |   608.842 |   8621.000 |   2299.000 |   239.000
   3665,   |   8692.700 |   9717.796 |   752.143 |   8621.000 |   2299.000 |   239.000
   3666,   |   8692.700 |   9688.146 |   711.247 |   8621.000 |   2299.000 |   239.000
   3667,   |   8692.700 |   9645.637 |   634.183 |   8621.000 |   2299.000 |   239.000
   3668,   |   8692.700 |   9702.818 |   694.237 |   8621.000 |   2299.000 |   239.000
   3669,   |   8692.700 |   9846.673 |   829.876 |   8621.000 |   2299.000 |   239.000
   3670,   |   8692.700 |   9846.641 |   716.393 |   8621.000 |   2299.000 |   239.000
   3671,   |   8692.700 |   9813.681 |   769.629 |   8621.000 |   2299.000 |   239.000
   3672,   |   8692.700 |   9677.588 |   793.417 |   8621.000 |   2299.000 |   239.000
   3673,   |   8692.700 |   9672.504 |   799.476 |   8621.000 |   2299.000 |   239.000
   3674,   |   8692.700 |   9756.560 |   736.290 |   8621.000 |   2299.000 |   239.000
   3675,   |   8692.700 |   9808.884 |   828.500 |   8621.000 |   2299.000 |   239.000
   3676,   |   8692.700 |   9678.630 |   713.335 |   8621.000 |   2299.000 |   239.000
   3677,   |   8692.700 |   9702.375 |   647.739 |   8621.000 |   2299.000 |   239.000
   3678,   |   8692.700 |   9918.876 |   783.116 |   8621.000 |   2299.000 |   239.000
   3679,   |   8692.700 |   9868.930 |   778.700 |   8621.000 |   2299.000 |   239.000
   3680,   |   8692.700 |   9900.498 |   830.993 |   8621.000 |   2299.000 |   239.000
   3681,   |   8692.700 |   9739.350 |   729.404 |   8621.000 |   2299.000 |   239.000
   3682,   |   8692.700 |   9722.804 |   642.858 |   8621.000 |   2299.000 |   239.000
   3683,   |   8692.700 |   9784.485 |   746.728 |   8621.000 |   2299.000 |   239.000
   3684,   |   8692.700 |   9780.051 |   698.229 |   8621.000 |   2299.000 |   239.000
   3685,   |   8692.700 |   9714.116 |   610.756 |   8621.000 |   2299.000 |   239.000
   3686,   |   8692.700 |   9764.609 |   634.894 |   8621.000 |   2299.000 |   239.000
   3687,   |   8692.700 |   9812.026 |   690.607 |   8621.000 |   2299.000 |   239.000
   3688,   |   8692.700 |   9845.317 |   737.147 |   8621.000 |   2299.000 |   239.000
   3689,   |   8692.700 |   9806.858 |   758.410 |   8621.000 |   2299.000 |   239.000
   3690,   |   8692.700 |   9711.411 |   767.183 |   8621.000 |   2299.000 |   239.000
   3691,   |   8687.600 |   9774.717 |   824.181 |   8603.000 |   2317.000 |   282.000
   3692,   |   8687.600 |   9622.458 |   673.160 |   8603.000 |   2317.000 |   282.000
   3693,   |   8687.600 |   9824.503 |   705.975 |   8603.000 |   2317.000 |   282.000
   3694,   |   8687.600 |   9838.614 |   711.338 |   8603.000 |   2317.000 |   282.000
   3695,   |   8677.700 |   9599.777 |   683.154 |   8606.000 |   2299.000 |   239.000
   3696,   |   8677.700 |   9555.716 |   629.931 |   8606.000 |   2299.000 |   239.000
   3697,   |   8677.700 |   9757.048 |   661.768 |   8606.000 |   2299.000 |   239.000
   3698,   |   8677.700 |   9795.082 |   771.200 |   8606.000 |   2299.000 |   239.000
   3699,   |   8677.700 |   9777.492 |   744.180 |   8606.000 |   2299.000 |   239.000
   3700,   |   8677.700 |   9728.892 |   689.578 |   8606.000 |   2299.000 |   239.000
   3701,   |   8663.100 |   9645.034 |   714.841 |   8598.000 |   2292.000 |   217.000
   3702,   |   8663.100 |   9671.871 |   741.706 |   8598.000 |   2292.000 |   217.000
   3703,   |   8631.000 |   9674.693 |   724.848 |   8559.000 |   2299.000 |   240.000
   3704,   |   8631.000 |   9788.152 |   777.048 |   8559.000 |   2299.000 |   240.000
   3705,   |   8631.000 |   9844.538 |   802.576 |   8559.000 |   2299.000 |   240.000
   3706,   |   8631.000 |   9984.607 |   786.435 |   8559.000 |   2299.000 |   240.000
   3707,   |   8631.000 |  10110.968 |   840.420 |   8559.000 |   2299.000 |   240.000
   3708,   |   8631.000 |   9956.005 |   776.953 |   8559.000 |   2299.000 |   240.000
   3709,   |   8631.000 |   9848.288 |   803.718 |   8559.000 |   2299.000 |   240.000
   3710,   |   8631.000 |   9834.154 |   778.801 |   8559.000 |   2299.000 |   240.000
   3711,   |   8631.000 |   9777.765 |   681.526 |   8559.000 |   2299.000 |   240.000
   3712,   |   8631.000 |   9898.205 |   775.148 |   8559.000 |   2299.000 |   240.000
   3713,   |   8631.000 |   9967.195 |   865.359 |   8559.000 |   2299.000 |   240.000
   3714,   |   8631.000 |   9711.143 |   717.629 |   8559.000 |   2299.000 |   240.000
   3715,   |   8631.000 |   9713.600 |   809.044 |   8559.000 |   2299.000 |   240.000
   3716,   |   8631.000 |   9615.190 |   745.446 |   8559.000 |   2299.000 |   240.000
   3717,   |   8631.000 |   9787.462 |   787.443 |   8559.000 |   2299.000 |   240.000
   3718,   |   8631.000 |   9719.318 |   777.127 |   8559.000 |   2299.000 |   240.000
   3719,   |   8631.000 |   9570.682 |   629.591 |   8559.000 |   2299.000 |   240.000
   3720,   |   8631.000 |   9516.073 |   673.587 |   8559.000 |   2299.000 |   240.000
   3721,   |   8631.000 |   9483.930 |   655.885 |   8559.000 |   2299.000 |   240.000
   3722,   |   8631.000 |   9452.956 |   612.067 |   8559.000 |   2299.000 |   240.000
   3723,   |   8631.000 |   9576.593 |   723.616 |   8559.000 |   2299.000 |   240.000
   3724,   |   8631.000 |   9515.977 |   702.856 |   8559.000 |   2299.000 |   240.000
   3725,   |   8631.000 |   9500.227 |   674.138 |   8559.000 |   2299.000 |   240.000
   3726,   |   8631.000 |   9591.586 |   624.389 |   8559.000 |   2299.000 |   240.000
   3727,   |   8631.000 |   9647.184 |   740.158 |   8559.000 |   2299.000 |   240.000
   3728,   |   8631.000 |   9510.994 |   619.541 |   8559.000 |   2299.000 |   240.000
   3729,   |   8631.000 |   9668.981 |   694.053 |   8559.000 |   2299.000 |   240.000
   3730,   |   8631.000 |   9625.927 |   668.457 |   8559.000 |   2299.000 |   240.000
   3731,   |   8627.700 |   9620.722 |   636.289 |   8556.000 |   2299.000 |   239.000
   3732,   |   8627.700 |   9578.922 |   641.219 |   8556.000 |   2299.000 |   239.000
   3733,   |   8627.700 |   9717.835 |   736.916 |   8556.000 |   2299.000 |   239.000
   3734,   |   8627.700 |   9781.553 |   741.049 |   8556.000 |   2299.000 |   239.000
   3735,   |   8602.300 |   9822.044 |   786.465 |   8518.000 |   2317.000 |   281.000
   3736,   |   8602.300 |   9665.931 |   637.947 |   8518.000 |   2317.000 |   281.000
   3737,   |   8602.300 |   9706.529 |   754.150 |   8518.000 |   2317.000 |   281.000
   3738,   |   8600.800 |   9870.751 |   795.076 |   8524.000 |   2299.000 |   256.000
   3739,   |   8600.800 |   9797.774 |   781.312 |   8524.000 |   2299.000 |   256.000
   3740,   |   8600.800 |   9779.679 |   741.439 |   8524.000 |   2299.000 |   256.000
   3741,   |   8600.800 |   9836.912 |   718.222 |   8524.000 |   2299.000 |   256.000
   3742,   |   8600.800 |   9763.125 |   725.825 |   8524.000 |   2299.000 |   256.000
   3743,   |   8600.800 |   9619.577 |   630.270 |   8524.000 |   2299.000 |   256.000
   3744,   |   8600.800 |   9771.485 |   752.411 |   8524.000 |   2299.000 |   256.000
   3745,   |   8600.800 |   9646.011 |   765.104 |   8524.000 |   2299.000 |   256.000
   3746,   |   8600.800 |   9569.668 |   655.418 |   8524.000 |   2299.000 |   256.000
   3747,   |   8600.800 |   9491.210 |   666.940 |   8524.000 |   2299.000 |   256.000
   3748,   |   8600.800 |   9625.092 |   738.021 |   8524.000 |   2299.000 |   256.000
   3749,   |   8600.800 |   9396.434 |   662.995 |   8524.000 |   2299.000 |   256.000
   3750,   |   8600.800 |   9546.516 |   669.606 |   8524.000 |   2299.000 |   256.000
   3751,   |   8600.800 |   9576.740 |   742.309 |   8524.000 |   2299.000 |   256.000
   3752,   |   8600.800 |   9619.194 |   828.046 |   8524.000 |   2299.000 |   256.000
   3753,   |   8600.800 |   9493.980 |   627.350 |   8524.000 |   2299.000 |   256.000
   3754,   |   8600.800 |   9671.951 |   691.115 |   8524.000 |   2299.000 |   256.000
   3755,   |   8600.800 |   9663.946 |   752.849 |   8524.000 |   2299.000 |   256.000
   3756,   |   8600.800 |   9631.152 |   772.925 |   8524.000 |   2299.000 |   256.000
   3757,   |   8600.800 |   9630.185 |   810.879 |   8524.000 |   2299.000 |   256.000
   3758,   |   8600.800 |   9630.570 |   662.521 |   8524.000 |   2299.000 |   256.000
   3759,   |   8600.800 |   9544.911 |   668.005 |   8524.000 |   2299.000 |   256.000
   3760,   |   8600.800 |   9525.509 |   689.036 |   8524.000 |   2299.000 |   256.000
   3761,   |   8600.800 |   9622.803 |   756.153 |   8524.000 |   2299.000 |   256.000
   3762,   |   8600.800 |   9597.654 |   692.093 |   8524.000 |   2299.000 |   256.000
   3763,   |   8600.800 |   9488.197 |   597.143 |   8524.000 |   2299.000 |   256.000
   3764,   |   8600.800 |   9472.643 |   695.942 |   8524.000 |   2299.000 |   256.000
   3765,   |   8600.800 |   9563.390 |   726.376 |   8524.000 |   2299.000 |   256.000
   3766,   |   8600.800 |   9609.218 |   695.104 |   8524.000 |   2299.000 |   256.000
   3767,   |   8588.200 |   9551.990 |   628.492 |   8506.000 |   2299.000 |   274.000
   3768,   |   8588.200 |   9593.176 |   750.894 |   8506.000 |   2299.000 |   274.000
   3769,   |   8588.200 |   9682.624 |   735.215 |   8506.000 |   2299.000 |   274.000
   3770,   |   8588.200 |   9675.948 |   692.148 |   8506.000 |   2299.000 |   274.000
   3771,   |   8588.200 |   9709.542 |   739.328 |   8506.000 |   2299.000 |   274.000
   3772,   |   8588.200 |   9780.523 |   810.199 |   8506.000 |   2299.000 |   274.000
   3773,   |   8588.200 |   9684.239 |   793.600 |   8506.000 |   2299.000 |   274.000
   3774,   |   8588.200 |   9646.247 |   740.177 |   8506.000 |   2299.000 |   274.000
   3775,   |   8587.600 |   9697.726 |   797.875 |   8500.000 |   2317.000 |   292.000
   3776,   |   8587.600 |   9668.799 |   733.817 |   8500.000 |   2317.000 |   292.000
   3777,   |   8587.600 |   9700.401 |   765.216 |   8500.000 |   2317.000 |   292.000
   3778,   |   8587.600 |   9645.925 |   626.615 |   8500.000 |   2317.000 |   292.000
   3779,   |   8587.600 |   9647.019 |   581.321 |   8500.000 |   2317.000 |   292.000
   3780,   |   8587.600 |   9773.329 |   728.320 |   8500.000 |   2317.000 |   292.000
   3781,   |   8587.600 |   9895.978 |   811.951 |   8500.000 |   2317.000 |   292.000
   3782,   |   8587.600 |   9826.693 |   792.509 |   8500.000 |   2317.000 |   292.000
   3783,   |   8587.600 |   9764.202 |   768.094 |   8500.000 |   2317.000 |   292.000
   3784,   |   8587.600 |   9735.365 |   763.015 |   8500.000 |   2317.000 |   292.000
   3785,   |   8587.600 |   9674.382 |   671.945 |   8500.000 |   2317.000 |   292.000
   3786,   |   8587.600 |   9888.714 |   770.629 |   8500.000 |   2317.000 |   292.000
   3787,   |   8587.600 |   9681.353 |   701.406 |   8500.000 |   2317.000 |   292.000
   3788,   |   8587.600 |   9655.348 |   712.561 |   8500.000 |   2317.000 |   292.000
   3789,   |   8587.600 |   9719.410 |   795.542 |   8500.000 |   2317.000 |   292.000
   3790,   |   8587.600 |   9663.535 |   586.225 |   8500.000 |   2317.000 |   292.000
   3791,   |   8587.600 |   9880.285 |   858.358 |   8500.000 |   2317.000 |   292.000
   3792,   |   8587.600 |   9740.504 |   672.977 |   8500.000 |   2317.000 |   292.000
   3793,   |   8587.600 |   9737.538 |   795.844 |   8500.000 |   2317.000 |   292.000
   3794,   |   8587.600 |   9570.622 |   686.884 |   8500.000 |   2317.000 |   292.000
   3795,   |   8587.600 |   9569.094 |   671.756 |   8500.000 |   2317.000 |   292.000
   3796,   |   8587.600 |   9594.757 |   723.650 |   8500.000 |   2317.000 |   292.000
   3797,   |   8587.600 |   9608.569 |   666.221 |   8500.000 |   2317.000 |   292.000
   3798,   |   8587.600 |   9622.929 |   691.932 |   8500.000 |   2317.000 |   292.000
   3799,   |   8587.600 |   9910.860 |   854.140 |   8500.000 |   2317.000 |   292.000
   3800,   |   8587.600 |   9686.421 |   756.018 |   8500.000 |   2317.000 |   292.000
   3801,   |   8587.600 |   9739.151 |   803.851 |   8500.000 |   2317.000 |   292.000
   3802,   |   8587.600 |   9679.343 |   669.981 |   8500.000 |   2317.000 |   292.000
   3803,   |   8587.600 |   9724.773 |   705.573 |   8500.000 |   2317.000 |   292.000
   3804,   |   8587.600 |   9697.571 |   671.255 |   8500.000 |   2317.000 |   292.000
   3805,   |   8587.600 |   9607.032 |   627.994 |   8500.000 |   2317.000 |   292.000
   3806,   |   8587.600 |   9604.867 |   644.745 |   8500.000 |   2317.000 |   292.000
   3807,   |   8587.600 |   9700.384 |   731.000 |   8500.000 |   2317.000 |   292.000
   3808,   |   8587.600 |   9714.631 |   747.861 |   8500.000 |   2317.000 |   292.000
   3809,   |   8587.600 |   9589.962 |   691.320 |   8500.000 |   2317.000 |   292.000
   3810,   |   8587.600 |   9462.115 |   656.791 |   8500.000 |   2317.000 |   292.000
   3811,   |   8587.600 |   9363.625 |   644.387 |   8500.000 |   2317.000 |   292.000
   3812,   |   8587.600 |   9423.608 |   645.751 |   8500.000 |   2317.000 |   292.000
   3813,   |   8587.600 |   9663.646 |   735.702 |   8500.000 |   2317.000 |   292.000
   3814,   |   8587.600 |   9642.489 |   732.485 |   8500.000 |   2317.000 |   292.000
   3815,   |   8587.600 |   9549.303 |   647.523 |   8500.000 |   2317.000 |   292.000
   3816,   |   8587.600 |   9616.912 |   713.544 |   8500.000 |   2317.000 |   292.000
   3817,   |   8587.600 |   9618.536 |   758.943 |   8500.000 |   2317.000 |   292.000
   3818,   |   8587.600 |   9481.448 |   716.698 |   8500.000 |   2317.000 |   292.000
   3819,   |   8587.600 |   9484.460 |   654.250 |   8500.000 |   2317.000 |   292.000
   3820,   |   8587.600 |   9627.880 |   710.232 |   8500.000 |   2317.000 |   292.000
   3821,   |   8587.600 |   9671.159 |   742.214 |   8500.000 |   2317.000 |   292.000
   3822,   |   8587.600 |   9732.349 |   751.236 |   8500.000 |   2317.000 |   292.000
   3823,   |   8587.600 |   9478.657 |   635.803 |   8500.000 |   2317.000 |   292.000
   3824,   |   8587.600 |   9617.009 |   775.478 |   8500.000 |   2317.000 |   292.000
   3825,   |   8587.600 |   9533.216 |   547.642 |   8500.000 |   2317.000 |   292.000
   3826,   |   8587.600 |   9551.407 |   615.411 |   8500.000 |   2317.000 |   292.000
   3827,   |   8587.600 |   9598.115 |   714.503 |   8500.000 |   2317.000 |   292.000
   3828,   |   8587.600 |   9578.784 |   670.019 |   8500.000 |   2317.000 |   292.000
   3829,   |   8587.600 |   9592.882 |   661.293 |   8500.000 |   2317.000 |   292.000
   3830,   |   8587.600 |   9626.090 |   749.596 |   8500.000 |   2317.000 |   292.000
   3831,   |   8587.600 |   9561.745 |   655.004 |   8500.000 |   2317.000 |   292.000
   3832,   |   8587.600 |   9681.579 |   800.481 |   8500.000 |   2317.000 |   292.000
   3833,   |   8587.600 |   9605.703 |   755.334 |   8500.000 |   2317.000 |   292.000
   3834,   |   8587.600 |   9455.376 |   676.031 |   8500.000 |   2317.000 |   292.000
   3835,   |   8587.600 |   9557.275 |   758.395 |   8500.000 |   2317.000 |   292.000
   3836,   |   8587.600 |   9584.536 |   751.320 |   8500.000 |   2317.000 |   292.000
   3837,   |   8587.600 |   9818.914 |   763.849 |   8500.000 |   2317.000 |   292.000
   3838,   |   8587.600 |   9597.233 |   684.237 |   8500.000 |   2317.000 |   292.000
   3839,   |   8587.600 |   9668.330 |   720.177 |   8500.000 |   2317.000 |   292.000
   3840,   |   8587.600 |   9623.149 |   679.638 |   8500.000 |   2317.000 |   292.000
   3841,   |   8587.600 |   9520.671 |   583.441 |   8500.000 |   2317.000 |   292.000
   3842,   |   8587.600 |   9614.660 |   677.160 |   8500.000 |   2317.000 |   292.000
   3843,   |   8587.600 |   9564.945 |   676.591 |   8500.000 |   2317.000 |   292.000
   3844,   |   8587.600 |   9450.233 |   632.515 |   8500.000 |   2317.000 |   292.000
   3845,   |   8587.600 |   9380.586 |   592.051 |   8500.000 |   2317.000 |   292.000
   3846,   |   8587.600 |   9507.088 |   631.703 |   8500.000 |   2317.000 |   292.000
   3847,   |   8587.600 |   9608.745 |   634.403 |   8500.000 |   2317.000 |   292.000
   3848,   |   8587.600 |   9678.015 |   714.366 |   8500.000 |   2317.000 |   292.000
   3849,   |   8587.600 |   9637.043 |   634.726 |   8500.000 |   2317.000 |   292.000
   3850,   |   8587.600 |   9653.569 |   643.782 |   8500.000 |   2317.000 |   292.000
   3851,   |   8587.600 |   9689.638 |   779.443 |   8500.000 |   2317.000 |   292.000
   3852,   |   8587.600 |   9899.568 |   766.698 |   8500.000 |   2317.000 |   292.000
   3853,   |   8587.600 |   9826.577 |   735.618 |   8500.000 |   2317.000 |   292.000
   3854,   |   8587.600 |   9843.297 |   744.561 |   8500.000 |   2317.000 |   292.000
   3855,   |   8587.600 |   9790.774 |   777.275 |   8500.000 |   2317.000 |   292.000
   3856,   |   8587.600 |   9693.351 |   774.351 |   8500.000 |   2317.000 |   292.000
   3857,   |   8587.600 |   9632.470 |   733.564 |   8500.000 |   2317.000 |   292.000
   3858,   |   8587.600 |   9598.502 |   741.117 |   8500.000 |   2317.000 |   292.000
   3859,   |   8587.600 |   9550.884 |   632.440 |   8500.000 |   2317.000 |   292.000
   3860,   |   8587.600 |   9576.242 |   707.183 |   8500.000 |   2317.000 |   292.000
   3861,   |   8587.600 |   9614.304 |   774.309 |   8500.000 |   2317.000 |   292.000
   3862,   |   8587.600 |   9699.941 |   737.551 |   8500.000 |   2317.000 |   292.000
   3863,   |   8587.600 |   9656.401 |   690.034 |   8500.000 |   2317.000 |   292.000
   3864,   |   8587.600 |   9660.936 |   766.012 |   8500.000 |   2317.000 |   292.000
   3865,   |   8587.600 |   9559.466 |   674.023 |   8500.000 |   2317.000 |   292.000
   3866,   |   8587.600 |   9513.544 |   634.550 |   8500.000 |   2317.000 |   292.000
   3867,   |   8587.600 |   9487.792 |   629.968 |   8500.000 |   2317.000 |   292.000
   3868,   |   8587.600 |   9583.838 |   654.475 |   8500.000 |   2317.000 |   292.000
   3869,   |   8587.600 |   9739.099 |   807.337 |   8500.000 |   2317.000 |   292.000
   3870,   |   8587.600 |   9621.791 |   745.597 |   8500.000 |   2317.000 |   292.000
   3871,   |   8587.600 |   9590.596 |   632.359 |   8500.000 |   2317.000 |   292.000
   3872,   |   8587.600 |   9656.104 |   730.459 |   8500.000 |   2317.000 |   292.000
   3873,   |   8587.600 |   9467.616 |   603.199 |   8500.000 |   2317.000 |   292.000
   3874,   |   8576.600 |   9494.490 |   693.309 |   8489.000 |   2317.000 |   292.000
   3875,   |   8576.600 |   9515.478 |   647.619 |   8489.000 |   2317.000 |   292.000
   3876,   |   8576.600 |   9524.192 |   629.297 |   8489.000 |   2317.000 |   292.000
   3877,   |   8576.600 |   9576.502 |   664.379 |   8489.000 |   2317.000 |   292.000
   3878,   |   8576.600 |   9593.638 |   742.708 |   8489.000 |   2317.000 |   292.000
   3879,   |   8576.600 |   9694.423 |   704.703 |   8489.000 |   2317.000 |   292.000
   3880,   |   8576.600 |   9799.670 |   782.830 |   8489.000 |   2317.000 |   292.000
   3881,   |   8576.600 |   9715.033 |   762.846 |   8489.000 |   2317.000 |   292.000
   3882,   |   8576.600 |   9648.975 |   734.074 |   8489.000 |   2317.000 |   292.000
   3883,   |   8576.600 |   9797.836 |   783.986 |   8489.000 |   2317.000 |   292.000
   3884,   |   8576.600 |   9756.912 |   710.666 |   8489.000 |   2317.000 |   292.000
   3885,   |   8576.600 |   9865.912 |   747.972 |   8489.000 |   2317.000 |   292.000
   3886,   |   8576.600 |   9959.696 |   784.641 |   8489.000 |   2317.000 |   292.000
   3887,   |   8576.600 |   9979.308 |   772.439 |   8489.000 |   2317.000 |   292.000
   3888,   |   8576.600 |   9800.109 |   778.314 |   8489.000 |   2317.000 |   292.000
   3889,   |   8576.600 |   9631.522 |   650.400 |   8489.000 |   2317.000 |   292.000
   3890,   |   8576.600 |   9795.369 |   819.440 |   8489.000 |   2317.000 |   292.000
   3891,   |   8576.600 |   9629.693 |   610.602 |   8489.000 |   2317.000 |   292.000
   3892,   |   8576.600 |   9633.245 |   681.396 |   8489.000 |   2317.000 |   292.000
   3893,   |   8576.600 |   9621.747 |   744.340 |   8489.000 |   2317.000 |   292.000
   3894,   |   8576.600 |   9611.525 |   720.497 |   8489.000 |   2317.000 |   292.000
   3895,   |   8576.600 |   9783.936 |   775.579 |   8489.000 |   2317.000 |   292.000
   3896,   |   8576.600 |   9735.184 |   804.321 |   8489.000 |   2317.000 |   292.000
   3897,   |   8538.900 |   9629.008 |   725.711 |   8460.000 |   2288.000 |   263.000
   3898,   |   8538.900 |   9584.046 |   685.562 |   8460.000 |   2288.000 |   263.000
   3899,   |   8538.900 |   9555.998 |   676.782 |   8460.000 |   2288.000 |   263.000
   3900,   |   8538.900 |   9642.543 |   736.047 |   8460.000 |   2288.000 |   263.000
   3901,   |   8538.900 |   9658.149 |   667.668 |   8460.000 |   2288.000 |   263.000
   3902,   |   8538.900 |   9605.190 |   739.805 |   8460.000 |   2288.000 |   263.000
   3903,   |   8538.900 |   9517.407 |   690.474 |   8460.000 |   2288.000 |   263.000
   3904,   |   8538.900 |   9498.255 |   646.651 |   8460.000 |   2288.000 |   263.000
   3905,   |   8538.900 |   9505.243 |   592.555 |   8460.000 |   2288.000 |   263.000
   3906,   |   8538.900 |   9712.549 |   723.034 |   8460.000 |   2288.000 |   263.000
   3907,   |   8538.900 |   9589.791 |   711.076 |   8460.000 |   2288.000 |   263.000
   3908,   |   8538.900 |   9665.109 |   739.773 |   8460.000 |   2288.000 |   263.000
   3909,   |   8538.900 |   9647.632 |   693.053 |   8460.000 |   2288.000 |   263.000
   3910,   |   8538.900 |   9665.450 |   687.393 |   8460.000 |   2288.000 |   263.000
   3911,   |   8538.900 |   9779.882 |   686.821 |   8460.000 |   2288.000 |   263.000
   3912,   |   8538.900 |   9761.303 |   677.531 |   8460.000 |   2288.000 |   263.000
   3913,   |   8538.900 |   9830.622 |   758.505 |   8460.000 |   2288.000 |   263.000
   3914,   |   8538.900 |   9731.648 |   700.925 |   8460.000 |   2288.000 |   263.000
   3915,   |   8538.900 |   9652.807 |   639.995 |   8460.000 |   2288.000 |   263.000
   3916,   |   8538.900 |   9819.427 |   776.890 |   8460.000 |   2288.000 |   263.000
   3917,   |   8538.900 |   9681.865 |   690.187 |   8460.000 |   2288.000 |   263.000
   3918,   |   8538.900 |   9669.105 |   737.058 |   8460.000 |   2288.000 |   263.000
   3919,   |   8538.900 |   9636.583 |   743.752 |   8460.000 |   2288.000 |   263.000
   3920,   |   8538.900 |   9513.333 |   722.661 |   8460.000 |   2288.000 |   263.000
   3921,   |   8538.900 |   9649.537 |   764.023 |   8460.000 |   2288.000 |   263.000
   3922,   |   8538.900 |   9549.289 |   685.109 |   8460.000 |   2288.000 |   263.000
   3923,   |   8538.900 |   9676.328 |   689.440 |   8460.000 |   2288.000 |   263.000
   3924,   |   8538.900 |   9646.495 |   651.550 |   8460.000 |   2288.000 |   263.000
   3925,   |   8538.900 |   9589.768 |   676.768 |   8460.000 |   2288.000 |   263.000
   3926,   |   8479.500 |   9629.689 |   751.837 |   8415.000 |   2240.000 |   215.000
   3927,   |   8479.500 |   9495.231 |   649.067 |   8415.000 |   2240.000 |   215.000
   3928,   |   8479.500 |   9587.603 |   850.181 |   8415.000 |   2240.000 |   215.000
   3929,   |   8476.500 |   9463.138 |   622.049 |   8412.000 |   2240.000 |   215.000
   3930,   |   8476.500 |   9475.180 |   707.196 |   8412.000 |   2240.000 |   215.000
   3931,   |   8476.500 |   9442.506 |   651.730 |   8412.000 |   2240.000 |   215.000
   3932,   |   8476.500 |   9588.627 |   745.080 |   8412.000 |   2240.000 |   215.000
   3933,   |   8476.500 |   9698.658 |   727.895 |   8412.000 |   2240.000 |   215.000
   3934,   |   8476.500 |   9561.437 |   727.106 |   8412.000 |   2240.000 |   215.000
   3935,   |   8476.500 |   9525.494 |   723.559 |   8412.000 |   2240.000 |   215.000
   3936,   |   8476.500 |   9503.510 |   695.606 |   8412.000 |   2240.000 |   215.000
   3937,   |   8476.500 |   9522.559 |   687.991 |   8412.000 |   2240.000 |   215.000
   3938,   |   8476.500 |   9713.752 |   752.292 |   8412.000 |   2240.000 |   215.000
   3939,   |   8476.500 |   9531.222 |   717.448 |   8412.000 |   2240.000 |   215.000
   3940,   |   8476.500 |   9507.566 |   674.964 |   8412.000 |   2240.000 |   215.000
   3941,   |   8476.500 |   9548.751 |   701.516 |   8412.000 |   2240.000 |   215.000
   3942,   |   8476.500 |   9416.229 |   643.674 |   8412.000 |   2240.000 |   215.000
   3943,   |   8476.500 |   9422.451 |   653.757 |   8412.000 |   2240.000 |   215.000
   3944,   |   8476.500 |   9550.519 |   767.450 |   8412.000 |   2240.000 |   215.000
   3945,   |   8476.500 |   9434.396 |   725.023 |   8412.000 |   2240.000 |   215.000
   3946,   |   8476.500 |   9472.852 |   728.963 |   8412.000 |   2240.000 |   215.000
   3947,   |   8476.500 |   9463.479 |   653.875 |   8412.000 |   2240.000 |   215.000
   3948,   |   8476.500 |   9563.009 |   764.262 |   8412.000 |   2240.000 |   215.000
   3949,   |   8476.500 |   9471.693 |   733.011 |   8412.000 |   2240.000 |   215.000
   3950,   |   8476.500 |   9535.907 |   738.279 |   8412.000 |   2240.000 |   215.000
   3951,   |   8476.500 |   9541.593 |   739.979 |   8412.000 |   2240.000 |   215.000
   3952,   |   8476.500 |   9556.767 |   698.357 |   8412.000 |   2240.000 |   215.000
   3953,   |   8476.500 |   9677.798 |   821.940 |   8412.000 |   2240.000 |   215.000
   3954,   |   8476.500 |   9516.617 |   686.955 |   8412.000 |   2240.000 |   215.000
   3955,   |   8476.500 |   9565.340 |   786.701 |   8412.000 |   2240.000 |   215.000
   3956,   |   8476.500 |   9582.615 |   742.354 |   8412.000 |   2240.000 |   215.000
   3957,   |   8476.500 |   9508.698 |   705.488 |   8412.000 |   2240.000 |   215.000
   3958,   |   8476.500 |   9569.825 |   779.217 |   8412.000 |   2240.000 |   215.000
   3959,   |   8476.500 |   9502.870 |   688.862 |   8412.000 |   2240.000 |   215.000
   3960,   |   8476.500 |   9586.471 |   730.474 |   8412.000 |   2240.000 |   215.000
   3961,   |   8476.500 |   9571.650 |   704.174 |   8412.000 |   2240.000 |   215.000
   3962,   |   8476.500 |   9611.916 |   717.655 |   8412.000 |   2240.000 |   215.000
   3963,   |   8476.500 |   9417.056 |   651.430 |   8412.000 |   2240.000 |   215.000
   3964,   |   8476.500 |   9604.046 |   770.845 |   8412.000 |   2240.000 |   215.000
   3965,   |   8476.500 |   9435.887 |   699.322 |   8412.000 |   2240.000 |   215.000
   3966,   |   8476.500 |   9470.732 |   722.340 |   8412.000 |   2240.000 |   215.000
   3967,   |   8476.500 |   9398.315 |   701.262 |   8412.000 |   2240.000 |   215.000
   3968,   |   8450.500 |   9430.190 |   738.533 |   8392.000 |   2220.000 |   195.000
   3969,   |   8450.500 |   9357.045 |   600.521 |   8392.000 |   2220.000 |   195.000
   3970,   |   8450.500 |   9547.865 |   646.051 |   8392.000 |   2220.000 |   195.000
   3971,   |   8450.500 |   9569.791 |   661.266 |   8392.000 |   2220.000 |   195.000
   3972,   |   8450.500 |   9701.056 |   896.024 |   8392.000 |   2220.000 |   195.000
   3973,   |   8450.500 |   9478.380 |   629.830 |   8392.000 |   2220.000 |   195.000
   3974,   |   8450.500 |   9480.804 |   727.598 |   8392.000 |   2220.000 |   195.000
   3975,   |   8450.500 |   9425.484 |   660.049 |   8392.000 |   2220.000 |   195.000
   3976,   |   8450.500 |   9512.821 |   670.632 |   8392.000 |   2220.000 |   195.000
   3977,   |   8450.500 |   9518.436 |   635.916 |   8392.000 |   2220.000 |   195.000
   3978,   |   8450.500 |   9535.002 |   683.647 |   8392.000 |   2220.000 |   195.000
   3979,   |   8450.500 |   9542.289 |   807.308 |   8392.000 |   2220.000 |   195.000
   3980,   |   8450.500 |   9497.227 |   796.317 |   8392.000 |   2220.000 |   195.000
   3981,   |   8450.500 |   9456.202 |   718.535 |   8392.000 |   2220.000 |   195.000
   3982,   |   8450.500 |   9416.434 |   699.326 |   8392.000 |   2220.000 |   195.000
   3983,   |   8450.500 |   9577.804 |   741.885 |   8392.000 |   2220.000 |   195.000
   3984,   |   8450.500 |   9651.876 |   765.570 |   8392.000 |   2220.000 |   195.000
   3985,   |   8450.500 |   9634.173 |   757.777 |   8392.000 |   2220.000 |   195.000
   3986,   |   8450.500 |   9425.197 |   652.673 |   8392.000 |   2220.000 |   195.000
   3987,   |   8450.500 |   9500.113 |   735.877 |   8392.000 |   2220.000 |   195.000
   3988,   |   8450.500 |   9472.112 |   689.507 |   8392.000 |   2220.000 |   195.000
   3989,   |   8450.500 |   9609.623 |   735.817 |   8392.000 |   2220.000 |   195.000
   3990,   |   8450.500 |   9506.178 |   663.612 |   8392.000 |   2220.000 |   195.000
   3991,   |   8450.500 |   9546.014 |   666.678 |   8392.000 |   2220.000 |   195.000
   3992,   |   8450.500 |   9619.324 |   750.690 |   8392.000 |   2220.000 |   195.000
   3993,   |   8450.500 |   9543.394 |   767.506 |   8392.000 |   2220.000 |   195.000
   3994,   |   8450.500 |   9440.123 |   604.979 |   8392.000 |   2220.000 |   195.000
   3995,   |   8450.500 |   9497.475 |   737.895 |   8392.000 |   2220.000 |   195.000
   3996,   |   8450.500 |   9700.165 |   729.799 |   8392.000 |   2220.000 |   195.000
   3997,   |   8450.500 |   9573.091 |   698.436 |   8392.000 |   2220.000 |   195.000
   3998,   |   8450.500 |   9637.997 |   754.925 |   8392.000 |   2220.000 |   195.000
   3999,   |   8450.500 |   9545.892 |   725.987 |   8392.000 |   2220.000 |   195.000
   4000,   |   8450.500 |   9496.060 |   703.796 |   8392.000 |   2220.000 |   195.000
   4001,   |   8450.500 |   9556.829 |   715.304 |   8392.000 |   2220.000 |   195.000
   4002,   |   8450.500 |   9620.861 |   717.627 |   8392.000 |   2220.000 |   195.000
   4003,   |   8450.500 |   9598.380 |   689.438 |   8392.000 |   2220.000 |   195.000
   4004,   |   8450.500 |   9479.312 |   722.678 |   8392.000 |   2220.000 |   195.000
   4005,   |   8450.500 |   9528.321 |   742.739 |   8392.000 |   2220.000 |   195.000
   4006,   |   8450.500 |   9626.091 |   750.629 |   8392.000 |   2220.000 |   195.000
   4007,   |   8450.500 |   9658.850 |   725.822 |   8392.000 |   2220.000 |   195.000
   4008,   |   8450.500 |   9465.762 |   693.006 |   8392.000 |   2220.000 |   195.000
   4009,   |   8450.500 |   9677.131 |   763.057 |   8392.000 |   2220.000 |   195.000
   4010,   |   8450.500 |   9540.547 |   827.948 |   8392.000 |   2220.000 |   195.000
   4011,   |   8450.500 |   9500.611 |   694.484 |   8392.000 |   2220.000 |   195.000
   4012,   |   8450.500 |   9644.951 |   795.347 |   8392.000 |   2220.000 |   195.000
   4013,   |   8450.500 |   9351.602 |   609.833 |   8392.000 |   2220.000 |   195.000
   4014,   |   8450.500 |   9493.044 |   709.203 |   8392.000 |   2220.000 |   195.000
   4015,   |   8450.500 |   9513.424 |   746.678 |   8392.000 |   2220.000 |   195.000
   4016,   |   8450.500 |   9458.301 |   716.430 |   8392.000 |   2220.000 |   195.000
   4017,   |   8450.500 |   9639.534 |   754.827 |   8392.000 |   2220.000 |   195.000
   4018,   |   8450.500 |   9482.878 |   688.400 |   8392.000 |   2220.000 |   195.000
   4019,   |   8450.500 |   9365.462 |   694.733 |   8392.000 |   2220.000 |   195.000
   4020,   |   8450.500 |   9478.342 |   748.449 |   8392.000 |   2220.000 |   195.000
   4021,   |   8450.500 |   9510.410 |   718.833 |   8392.000 |   2220.000 |   195.000
   4022,   |   8450.500 |   9475.516 |   747.221 |   8392.000 |   2220.000 |   195.000
   4023,   |   8450.500 |   9464.209 |   632.684 |   8392.000 |   2220.000 |   195.000
   4024,   |   8450.500 |   9509.391 |   726.578 |   8392.000 |   2220.000 |   195.000
   4025,   |   8450.500 |   9414.492 |   687.554 |   8392.000 |   2220.000 |   195.000
   4026,   |   8450.500 |   9445.412 |   737.814 |   8392.000 |   2220.000 |   195.000
   4027,   |   8450.500 |   9491.364 |   746.300 |   8392.000 |   2220.000 |   195.000
   4028,   |   8450.500 |   9433.609 |   694.286 |   8392.000 |   2220.000 |   195.000
   4029,   |   8450.500 |   9449.304 |   703.277 |   8392.000 |   2220.000 |   195.000
   4030,   |   8450.500 |   9578.508 |   815.395 |   8392.000 |   2220.000 |   195.000
   4031,   |   8450.500 |   9435.263 |   658.940 |   8392.000 |   2220.000 |   195.000
   4032,   |   8450.500 |   9363.935 |   680.530 |   8392.000 |   2220.000 |   195.000
   4033,   |   8450.500 |   9424.505 |   757.789 |   8392.000 |   2220.000 |   195.000
   4034,   |   8450.500 |   9553.422 |   763.150 |   8392.000 |   2220.000 |   195.000
   4035,   |   8450.500 |   9493.653 |   698.667 |   8392.000 |   2220.000 |   195.000
   4036,   |   8450.500 |   9512.419 |   658.221 |   8392.000 |   2220.000 |   195.000
   4037,   |   8450.500 |   9604.010 |   722.890 |   8392.000 |   2220.000 |   195.000
   4038,   |   8450.500 |   9676.426 |   781.004 |   8392.000 |   2220.000 |   195.000
   4039,   |   8450.500 |   9574.329 |   787.082 |   8392.000 |   2220.000 |   195.000
   4040,   |   8450.500 |   9477.788 |   747.367 |   8392.000 |   2220.000 |   195.000
   4041,   |   8450.500 |   9440.496 |   725.079 |   8392.000 |   2220.000 |   195.000
   4042,   |   8450.500 |   9302.198 |   608.766 |   8392.000 |   2220.000 |   195.000
   4043,   |   8450.500 |   9688.137 |   781.678 |   8392.000 |   2220.000 |   195.000
   4044,   |   8450.500 |   9506.536 |   707.622 |   8392.000 |   2220.000 |   195.000
   4045,   |   8450.500 |   9511.415 |   743.689 |   8392.000 |   2220.000 |   195.000
   4046,   |   8450.500 |   9436.416 |   675.330 |   8392.000 |   2220.000 |   195.000
   4047,   |   8450.500 |   9580.598 |   745.822 |   8392.000 |   2220.000 |   195.000
   4048,   |   8450.500 |   9358.120 |   617.411 |   8392.000 |   2220.000 |   195.000
   4049,   |   8450.500 |   9463.785 |   741.612 |   8392.000 |   2220.000 |   195.000
   4050,   |   8450.500 |   9519.483 |   727.123 |   8392.000 |   2220.000 |   195.000
   4051,   |   8450.500 |   9588.793 |   825.838 |   8392.000 |   2220.000 |   195.000
   4052,   |   8450.500 |   9466.282 |   766.906 |   8392.000 |   2220.000 |   195.000
   4053,   |   8450.500 |   9465.171 |   716.787 |   8392.000 |   2220.000 |   195.000
   4054,   |   8450.500 |   9484.473 |   777.363 |   8392.000 |   2220.000 |   195.000
   4055,   |   8450.500 |   9314.404 |   621.171 |   8392.000 |   2220.000 |   195.000
   4056,   |   8450.500 |   9324.855 |   555.357 |   8392.000 |   2220.000 |   195.000
   4057,   |   8450.500 |   9463.437 |   683.945 |   8392.000 |   2220.000 |   195.000
   4058,   |   8450.500 |   9623.628 |   735.462 |   8392.000 |   2220.000 |   195.000
   4059,   |   8450.500 |   9592.351 |   715.289 |   8392.000 |   2220.000 |   195.000
   4060,   |   8450.500 |   9633.579 |   788.794 |   8392.000 |   2220.000 |   195.000
   4061,   |   8450.500 |   9582.057 |   743.498 |   8392.000 |   2220.000 |   195.000
   4062,   |   8450.500 |   9567.776 |   730.834 |   8392.000 |   2220.000 |   195.000
   4063,   |   8450.500 |   9548.345 |   718.114 |   8392.000 |   2220.000 |   195.000
   4064,   |   8450.500 |   9437.493 |   656.704 |   8392.000 |   2220.000 |   195.000
   4065,   |   8450.500 |   9389.016 |   708.526 |   8392.000 |   2220.000 |   195.000
   4066,   |   8450.500 |   9402.514 |   631.770 |   8392.000 |   2220.000 |   195.000
   4067,   |   8450.500 |   9585.773 |   727.277 |   8392.000 |   2220.000 |   195.000
   4068,   |   8450.500 |   9538.347 |   714.877 |   8392.000 |   2220.000 |   195.000
   4069,   |   8450.500 |   9649.147 |   708.500 |   8392.000 |   2220.000 |   195.000
   4070,   |   8450.500 |   9485.863 |   748.800 |   8392.000 |   2220.000 |   195.000
   4071,   |   8450.500 |   9551.259 |   709.494 |   8392.000 |   2220.000 |   195.000
   4072,   |   8450.500 |   9420.712 |   646.928 |   8392.000 |   2220.000 |   195.000
   4073,   |   8450.500 |   9425.156 |   673.543 |   8392.000 |   2220.000 |   195.000
   4074,   |   8450.500 |   9418.217 |   715.004 |   8392.000 |   2220.000 |   195.000
   4075,   |   8450.500 |   9430.371 |   726.663 |   8392.000 |   2220.000 |   195.000
   4076,   |   8450.500 |   9390.624 |   602.316 |   8392.000 |   2220.000 |   195.000
   4077,   |   8450.500 |   9564.555 |   797.399 |   8392.000 |   2220.000 |   195.000
   4078,   |   8450.500 |   9380.379 |   710.144 |   8392.000 |   2220.000 |   195.000
   4079,   |   8450.500 |   9405.732 |   653.275 |   8392.000 |   2220.000 |   195.000
   4080,   |   8450.500 |   9506.630 |   702.690 |   8392.000 |   2220.000 |   195.000
   4081,   |   8450.500 |   9454.326 |   747.682 |   8392.000 |   2220.000 |   195.000
   4082,   |   8450.500 |   9334.660 |   642.508 |   8392.000 |   2220.000 |   195.000
   4083,   |   8450.500 |   9506.954 |   770.736 |   8392.000 |   2220.000 |   195.000
   4084,   |   8450.500 |   9622.591 |   770.578 |   8392.000 |   2220.000 |   195.000
   4085,   |   8450.500 |   9646.269 |   824.644 |   8392.000 |   2220.000 |   195.000
   4086,   |   8450.500 |   9435.541 |   731.051 |   8392.000 |   2220.000 |   195.000
   4087,   |   8450.500 |   9370.707 |   698.662 |   8392.000 |   2220.000 |   195.000
   4088,   |   8450.500 |   9375.766 |   697.688 |   8392.000 |   2220.000 |   195.000
   4089,   |   8450.500 |   9269.505 |   595.906 |   8392.000 |   2220.000 |   195.000
   4090,   |   8450.500 |   9369.588 |   674.725 |   8392.000 |   2220.000 |   195.000
   4091,   |   8450.500 |   9590.438 |   774.199 |   8392.000 |   2220.000 |   195.000
   4092,   |   8450.500 |   9449.730 |   681.407 |   8392.000 |   2220.000 |   195.000
   4093,   |   8432.300 |   9369.175 |   682.796 |   8366.000 |   2220.000 |   221.000
   4094,   |   8432.300 |   9477.990 |   732.313 |   8366.000 |   2220.000 |   221.000
   4095,   |   8432.300 |   9460.218 |   707.384 |   8366.000 |   2220.000 |   221.000
   4096,   |   8432.300 |   9416.018 |   707.041 |   8366.000 |   2220.000 |   221.000
   4097,   |   8432.300 |   9590.320 |   745.753 |   8366.000 |   2220.000 |   221.000
   4098,   |   8432.300 |   9566.508 |   736.451 |   8366.000 |   2220.000 |   221.000
   4099,   |   8432.300 |   9512.225 |   726.958 |   8366.000 |   2220.000 |   221.000
   4100,   |   8432.300 |   9437.374 |   685.412 |   8366.000 |   2220.000 |   221.000
   4101,   |   8432.300 |   9509.424 |   705.539 |   8366.000 |   2220.000 |   221.000
   4102,   |   8432.300 |   9621.991 |   732.266 |   8366.000 |   2220.000 |   221.000
   4103,   |   8432.300 |   9525.362 |   636.428 |   8366.000 |   2220.000 |   221.000
   4104,   |   8432.300 |   9685.865 |   736.928 |   8366.000 |   2220.000 |   221.000
   4105,   |   8432.300 |   9533.624 |   699.776 |   8366.000 |   2220.000 |   221.000
   4106,   |   8432.300 |   9345.514 |   619.786 |   8366.000 |   2220.000 |   221.000
   4107,   |   8432.300 |   9354.507 |   642.976 |   8366.000 |   2220.000 |   221.000
   4108,   |   8432.300 |   9365.551 |   670.748 |   8366.000 |   2220.000 |   221.000
   4109,   |   8432.300 |   9486.369 |   736.385 |   8366.000 |   2220.000 |   221.000
   4110,   |   8432.300 |   9336.909 |   749.597 |   8366.000 |   2220.000 |   221.000
   4111,   |   8432.300 |   9376.260 |   621.229 |   8366.000 |   2220.000 |   221.000
   4112,   |   8432.300 |   9592.080 |   708.253 |   8366.000 |   2220.000 |   221.000
   4113,   |   8432.300 |   9680.880 |   841.140 |   8366.000 |   2220.000 |   221.000
   4114,   |   8432.300 |   9469.437 |   715.090 |   8366.000 |   2220.000 |   221.000
   4115,   |   8432.300 |   9608.275 |   702.777 |   8366.000 |   2220.000 |   221.000
   4116,   |   8432.300 |   9713.313 |   807.191 |   8366.000 |   2220.000 |   221.000
   4117,   |   8432.300 |   9813.154 |   805.935 |   8366.000 |   2220.000 |   221.000
   4118,   |   8432.300 |   9556.292 |   759.567 |   8366.000 |   2220.000 |   221.000
   4119,   |   8432.300 |   9413.031 |   698.840 |   8366.000 |   2220.000 |   221.000
   4120,   |   8432.300 |   9468.770 |   687.363 |   8366.000 |   2220.000 |   221.000
   4121,   |   8432.300 |   9368.157 |   609.329 |   8366.000 |   2220.000 |   221.000
   4122,   |   8432.300 |   9586.564 |   825.211 |   8366.000 |   2220.000 |   221.000
   4123,   |   8432.300 |   9384.626 |   752.706 |   8366.000 |   2220.000 |   221.000
   4124,   |   8432.300 |   9221.874 |   576.267 |   8366.000 |   2220.000 |   221.000
   4125,   |   8432.300 |   9422.746 |   687.683 |   8366.000 |   2220.000 |   221.000
   4126,   |   8432.300 |   9444.101 |   746.472 |   8366.000 |   2220.000 |   221.000
   4127,   |   8432.300 |   9557.358 |   703.544 |   8366.000 |   2220.000 |   221.000
   4128,   |   8432.300 |   9455.980 |   718.395 |   8366.000 |   2220.000 |   221.000
   4129,   |   8432.300 |   9505.845 |   785.075 |   8366.000 |   2220.000 |   221.000
   4130,   |   8432.300 |   9517.425 |   700.869 |   8366.000 |   2220.000 |   221.000
   4131,   |   8432.300 |   9380.944 |   766.185 |   8366.000 |   2220.000 |   221.000
   4132,   |   8432.300 |   9355.829 |   659.598 |   8366.000 |   2220.000 |   221.000
   4133,   |   8432.300 |   9468.698 |   730.014 |   8366.000 |   2220.000 |   221.000
   4134,   |   8432.300 |   9494.723 |   655.627 |   8366.000 |   2220.000 |   221.000
   4135,   |   8432.300 |   9487.330 |   661.224 |   8366.000 |   2220.000 |   221.000
   4136,   |   8432.300 |   9524.535 |   696.906 |   8366.000 |   2220.000 |   221.000
   4137,   |   8432.300 |   9427.031 |   686.090 |   8366.000 |   2220.000 |   221.000
   4138,   |   8432.300 |   9365.514 |   666.298 |   8366.000 |   2220.000 |   221.000
   4139,   |   8432.300 |   9451.644 |   727.078 |   8366.000 |   2220.000 |   221.000
   4140,   |   8432.300 |   9326.691 |   688.809 |   8366.000 |   2220.000 |   221.000
   4141,   |   8432.300 |   9378.853 |   759.812 |   8366.000 |   2220.000 |   221.000
   4142,   |   8432.300 |   9440.138 |   718.393 |   8366.000 |   2220.000 |   221.000
   4143,   |   8432.300 |   9467.744 |   764.415 |   8366.000 |   2220.000 |   221.000
   4144,   |   8432.300 |   9360.554 |   671.576 |   8366.000 |   2220.000 |   221.000
   4145,   |   8432.300 |   9456.195 |   662.533 |   8366.000 |   2220.000 |   221.000
   4146,   |   8432.300 |   9529.221 |   718.486 |   8366.000 |   2220.000 |   221.000
   4147,   |   8432.300 |   9428.913 |   710.762 |   8366.000 |   2220.000 |   221.000
   4148,   |   8432.300 |   9310.023 |   649.490 |   8366.000 |   2220.000 |   221.000
   4149,   |   8432.300 |   9313.662 |   550.240 |   8366.000 |   2220.000 |   221.000
   4150,   |   8432.300 |   9398.813 |   666.477 |   8366.000 |   2220.000 |   221.000
   4151,   |   8432.300 |   9396.105 |   667.827 |   8366.000 |   2220.000 |   221.000
   4152,   |   8432.300 |   9458.411 |   690.727 |   8366.000 |   2220.000 |   221.000
   4153,   |   8432.300 |   9605.744 |   788.706 |   8366.000 |   2220.000 |   221.000
   4154,   |   8432.300 |   9612.346 |   731.848 |   8366.000 |   2220.000 |   221.000
   4155,   |   8432.300 |   9540.073 |   757.919 |   8366.000 |   2220.000 |   221.000
   4156,   |   8432.300 |   9463.521 |   715.132 |   8366.000 |   2220.000 |   221.000
   4157,   |   8432.300 |   9345.594 |   653.179 |   8366.000 |   2220.000 |   221.000
   4158,   |   8432.300 |   9347.194 |   672.822 |   8366.000 |   2220.000 |   221.000
   4159,   |   8432.300 |   9317.584 |   639.922 |   8366.000 |   2220.000 |   221.000
   4160,   |   8432.300 |   9384.454 |   656.846 |   8366.000 |   2220.000 |   221.000
   4161,   |   8432.300 |   9319.478 |   649.304 |   8366.000 |   2220.000 |   221.000
   4162,   |   8432.300 |   9671.793 |   753.693 |   8366.000 |   2220.000 |   221.000
   4163,   |   8432.300 |   9523.598 |   744.030 |   8366.000 |   2220.000 |   221.000
   4164,   |   8432.300 |   9661.439 |   798.667 |   8366.000 |   2220.000 |   221.000
   4165,   |   8432.300 |   9494.113 |   673.234 |   8366.000 |   2220.000 |   221.000
   4166,   |   8432.300 |   9406.249 |   746.463 |   8366.000 |   2220.000 |   221.000
   4167,   |   8432.300 |   9382.393 |   679.426 |   8366.000 |   2220.000 |   221.000
   4168,   |   8431.300 |   9361.793 |   637.852 |   8365.000 |   2220.000 |   221.000
   4169,   |   8431.300 |   9546.056 |   773.561 |   8365.000 |   2220.000 |   221.000
   4170,   |   8431.300 |   9744.294 |   753.972 |   8365.000 |   2220.000 |   221.000
   4171,   |   8431.300 |   9791.352 |   742.823 |   8365.000 |   2220.000 |   221.000
   4172,   |   8431.300 |   9743.630 |   729.232 |   8365.000 |   2220.000 |   221.000
   4173,   |   8431.300 |   9643.814 |   740.036 |   8365.000 |   2220.000 |   221.000
   4174,   |   8431.300 |   9653.221 |   787.852 |   8365.000 |   2220.000 |   221.000
   4175,   |   8431.300 |   9599.813 |   768.925 |   8365.000 |   2220.000 |   221.000
   4176,   |   8431.300 |   9693.219 |   747.752 |   8365.000 |   2220.000 |   221.000
   4177,   |   8431.300 |   9849.853 |   914.683 |   8365.000 |   2220.000 |   221.000
   4178,   |   8431.300 |   9558.105 |   657.272 |   8365.000 |   2220.000 |   221.000
   4179,   |   8431.300 |   9744.869 |   736.178 |   8365.000 |   2220.000 |   221.000
   4180,   |   8431.300 |   9701.968 |   761.664 |   8365.000 |   2220.000 |   221.000
   4181,   |   8431.300 |   9629.178 |   684.717 |   8365.000 |   2220.000 |   221.000
   4182,   |   8431.300 |   9914.414 |   838.593 |   8365.000 |   2220.000 |   221.000
   4183,   |   8431.300 |   9724.257 |   834.035 |   8365.000 |   2220.000 |   221.000
   4184,   |   8431.300 |   9601.021 |   768.027 |   8365.000 |   2220.000 |   221.000
   4185,   |   8431.300 |   9611.917 |   735.881 |   8365.000 |   2220.000 |   221.000
   4186,   |   8431.300 |   9742.078 |   727.540 |   8365.000 |   2220.000 |   221.000
   4187,   |   8431.300 |   9730.344 |   682.222 |   8365.000 |   2220.000 |   221.000
   4188,   |   8403.100 |   9850.434 |   822.560 |   8347.000 |   2186.000 |   187.000
   4189,   |   8403.100 |   9765.528 |   823.404 |   8347.000 |   2186.000 |   187.000
   4190,   |   8403.100 |   9637.323 |   705.425 |   8347.000 |   2186.000 |   187.000
   4191,   |   8403.100 |   9779.424 |   884.651 |   8347.000 |   2186.000 |   187.000
   4192,   |   8403.100 |   9718.316 |   712.822 |   8347.000 |   2186.000 |   187.000
   4193,   |   8403.100 |   9703.320 |   737.232 |   8347.000 |   2186.000 |   187.000
   4194,   |   8403.100 |   9597.414 |   711.383 |   8347.000 |   2186.000 |   187.000
   4195,   |   8403.100 |   9385.489 |   645.977 |   8347.000 |   2186.000 |   187.000
   4196,   |   8403.100 |   9234.320 |   642.532 |   8347.000 |   2186.000 |   187.000
   4197,   |   8403.100 |   9177.831 |   521.884 |   8347.000 |   2186.000 |   187.000
   4198,   |   8403.100 |   9227.286 |   582.575 |   8347.000 |   2186.000 |   187.000
   4199,   |   8403.100 |   9287.140 |   661.976 |   8347.000 |   2186.000 |   187.000
   4200,   |   8403.100 |   9471.841 |   712.232 |   8347.000 |   2186.000 |   187.000
   4201,   |   8403.100 |   9306.973 |   723.967 |   8347.000 |   2186.000 |   187.000
   4202,   |   8403.100 |   9204.976 |   586.315 |   8347.000 |   2186.000 |   187.000
   4203,   |   8403.100 |   9205.876 |   578.167 |   8347.000 |   2186.000 |   187.000
   4204,   |   8403.100 |   9257.484 |   623.818 |   8347.000 |   2186.000 |   187.000
   4205,   |   8403.100 |   9309.830 |   621.046 |   8347.000 |   2186.000 |   187.000
   4206,   |   8403.100 |   9310.249 |   649.474 |   8347.000 |   2186.000 |   187.000
   4207,   |   8403.100 |   9344.861 |   652.358 |   8347.000 |   2186.000 |   187.000
   4208,   |   8403.100 |   9380.623 |   624.479 |   8347.000 |   2186.000 |   187.000
   4209,   |   8403.100 |   9367.391 |   652.225 |   8347.000 |   2186.000 |   187.000
   4210,   |   8403.100 |   9412.898 |   659.385 |   8347.000 |   2186.000 |   187.000
   4211,   |   8403.100 |   9447.321 |   740.014 |   8347.000 |   2186.000 |   187.000
   4212,   |   8388.800 |   9423.780 |   664.195 |   8336.000 |   2175.000 |   176.000
   4213,   |   8388.800 |   9339.729 |   654.200 |   8336.000 |   2175.000 |   176.000
   4214,   |   8388.800 |   9362.786 |   677.130 |   8336.000 |   2175.000 |   176.000
   4215,   |   8388.800 |   9338.467 |   622.798 |   8336.000 |   2175.000 |   176.000
   4216,   |   8388.800 |   9355.557 |   605.242 |   8336.000 |   2175.000 |   176.000
   4217,   |   8388.800 |   9312.124 |   694.768 |   8336.000 |   2175.000 |   176.000
   4218,   |   8388.800 |   9156.721 |   538.358 |   8336.000 |   2175.000 |   176.000
   4219,   |   8388.800 |   9348.777 |   654.098 |   8336.000 |   2175.000 |   176.000
   4220,   |   8388.800 |   9243.729 |   596.433 |   8336.000 |   2175.000 |   176.000
   4221,   |   8388.800 |   9308.123 |   596.572 |   8336.000 |   2175.000 |   176.000
   4222,   |   8388.800 |   9369.246 |   695.668 |   8336.000 |   2175.000 |   176.000
   4223,   |   8388.800 |   9379.512 |   686.460 |   8336.000 |   2175.000 |   176.000
   4224,   |   8388.800 |   9399.183 |   692.750 |   8336.000 |   2175.000 |   176.000
   4225,   |   8388.800 |   9460.301 |   664.234 |   8336.000 |   2175.000 |   176.000
   4226,   |   8388.800 |   9411.239 |   616.002 |   8336.000 |   2175.000 |   176.000
   4227,   |   8388.800 |   9495.711 |   676.486 |   8336.000 |   2175.000 |   176.000
   4228,   |   8388.800 |   9396.194 |   702.616 |   8336.000 |   2175.000 |   176.000
   4229,   |   8388.800 |   9183.632 |   591.031 |   8336.000 |   2175.000 |   176.000
   4230,   |   8388.800 |   9370.474 |   591.875 |   8336.000 |   2175.000 |   176.000
   4231,   |   8388.800 |   9355.367 |   590.170 |   8336.000 |   2175.000 |   176.000
   4232,   |   8388.800 |   9459.465 |   808.965 |   8336.000 |   2175.000 |   176.000
   4233,   |   8388.800 |   9294.205 |   609.711 |   8336.000 |   2175.000 |   176.000
   4234,   |   8388.800 |   9358.574 |   647.229 |   8336.000 |   2175.000 |   176.000
   4235,   |   8388.800 |   9217.754 |   566.397 |   8336.000 |   2175.000 |   176.000
   4236,   |   8388.800 |   9243.913 |   592.382 |   8336.000 |   2175.000 |   176.000
   4237,   |   8388.800 |   9305.320 |   588.990 |   8336.000 |   2175.000 |   176.000
   4238,   |   8388.800 |   9409.892 |   688.016 |   8336.000 |   2175.000 |   176.000
   4239,   |   8388.800 |   9405.884 |   719.578 |   8336.000 |   2175.000 |   176.000
   4240,   |   8388.800 |   9330.291 |   670.450 |   8336.000 |   2175.000 |   176.000
   4241,   |   8388.800 |   9295.355 |   634.527 |   8336.000 |   2175.000 |   176.000
   4242,   |   8388.800 |   9382.554 |   739.555 |   8336.000 |   2175.000 |   176.000
   4243,   |   8388.800 |   9419.192 |   620.404 |   8336.000 |   2175.000 |   176.000
   4244,   |   8388.800 |   9480.008 |   721.513 |   8336.000 |   2175.000 |   176.000
   4245,   |   8388.800 |   9395.764 |   681.030 |   8336.000 |   2175.000 |   176.000
   4246,   |   8388.800 |   9464.719 |   690.145 |   8336.000 |   2175.000 |   176.000
   4247,   |   8388.800 |   9418.793 |   684.554 |   8336.000 |   2175.000 |   176.000
   4248,   |   8388.800 |   9344.567 |   642.203 |   8336.000 |   2175.000 |   176.000
   4249,   |   8388.800 |   9242.640 |   535.959 |   8336.000 |   2175.000 |   176.000
   4250,   |   8388.800 |   9322.996 |   645.503 |   8336.000 |   2175.000 |   176.000
   4251,   |   8388.800 |   9368.225 |   658.810 |   8336.000 |   2175.000 |   176.000
   4252,   |   8388.800 |   9272.083 |   613.860 |   8336.000 |   2175.000 |   176.000
   4253,   |   8388.800 |   9388.634 |   686.414 |   8336.000 |   2175.000 |   176.000
   4254,   |   8388.800 |   9465.498 |   692.339 |   8336.000 |   2175.000 |   176.000
   4255,   |   8388.800 |   9333.727 |   632.605 |   8336.000 |   2175.000 |   176.000
   4256,   |   8388.800 |   9365.412 |   566.006 |   8336.000 |   2175.000 |   176.000
   4257,   |   8388.800 |   9320.190 |   595.943 |   8336.000 |   2175.000 |   176.000
   4258,   |   8388.800 |   9342.130 |   671.517 |   8336.000 |   2175.000 |   176.000
   4259,   |   8357.600 |   9432.634 |   684.235 |   8312.000 |   2151.000 |   152.000
   4260,   |   8357.600 |   9235.837 |   591.761 |   8312.000 |   2151.000 |   152.000
   4261,   |   8357.600 |   9122.723 |   455.345 |   8312.000 |   2151.000 |   152.000
   4262,   |   8357.600 |   9215.909 |   600.417 |   8312.000 |   2151.000 |   152.000
   4263,   |   8357.600 |   9176.339 |   609.505 |   8312.000 |   2151.000 |   152.000
   4264,   |   8357.600 |   9280.469 |   608.645 |   8312.000 |   2151.000 |   152.000
   4265,   |   8357.600 |   9292.639 |   646.271 |   8312.000 |   2151.000 |   152.000
   4266,   |   8357.600 |   9125.396 |   521.461 |   8312.000 |   2151.000 |   152.000
   4267,   |   8357.600 |   9211.144 |   633.897 |   8312.000 |   2151.000 |   152.000
   4268,   |   8357.600 |   9379.380 |   708.951 |   8312.000 |   2151.000 |   152.000
   4269,   |   8357.600 |   9346.093 |   645.880 |   8312.000 |   2151.000 |   152.000
   4270,   |   8357.600 |   9265.418 |   672.821 |   8312.000 |   2151.000 |   152.000
   4271,   |   8357.600 |   9284.463 |   721.291 |   8312.000 |   2151.000 |   152.000
   4272,   |   8357.600 |   9433.046 |   738.660 |   8312.000 |   2151.000 |   152.000
   4273,   |   8357.600 |   9373.886 |   698.243 |   8312.000 |   2151.000 |   152.000
   4274,   |   8357.600 |   9184.417 |   532.226 |   8312.000 |   2151.000 |   152.000
   4275,   |   8357.600 |   9235.538 |   588.123 |   8312.000 |   2151.000 |   152.000
   4276,   |   8357.600 |   9244.210 |   610.721 |   8312.000 |   2151.000 |   152.000
   4277,   |   8357.600 |   9325.346 |   628.314 |   8312.000 |   2151.000 |   152.000
   4278,   |   8357.600 |   9392.440 |   682.210 |   8312.000 |   2151.000 |   152.000
   4279,   |   8357.600 |   9459.012 |   651.519 |   8312.000 |   2151.000 |   152.000
   4280,   |   8357.600 |   9418.879 |   699.928 |   8312.000 |   2151.000 |   152.000
   4281,   |   8357.600 |   9357.638 |   661.634 |   8312.000 |   2151.000 |   152.000
   4282,   |   8357.600 |   9326.505 |   593.688 |   8312.000 |   2151.000 |   152.000
   4283,   |   8357.600 |   9376.118 |   673.638 |   8312.000 |   2151.000 |   152.000
   4284,   |   8357.600 |   9243.147 |   688.592 |   8312.000 |   2151.000 |   152.000
   4285,   |   8357.600 |   9184.926 |   608.564 |   8312.000 |   2151.000 |   152.000
   4286,   |   8357.600 |   9219.752 |   588.378 |   8312.000 |   2151.000 |   152.000
   4287,   |   8357.600 |   9350.565 |   709.013 |   8312.000 |   2151.000 |   152.000
   4288,   |   8357.600 |   9431.468 |   704.994 |   8312.000 |   2151.000 |   152.000
   4289,   |   8357.600 |   9318.191 |   630.387 |   8312.000 |   2151.000 |   152.000
   4290,   |   8357.600 |   9298.749 |   588.523 |   8312.000 |   2151.000 |   152.000
   4291,   |   8357.600 |   9336.130 |   698.240 |   8312.000 |   2151.000 |   152.000
   4292,   |   8357.600 |   9283.846 |   596.096 |   8312.000 |   2151.000 |   152.000
   4293,   |   8357.600 |   9369.922 |   632.780 |   8312.000 |   2151.000 |   152.000
   4294,   |   8357.600 |   9309.038 |   721.581 |   8312.000 |   2151.000 |   152.000
   4295,   |   8357.600 |   9212.299 |   641.068 |   8312.000 |   2151.000 |   152.000
   4296,   |   8357.600 |   9225.610 |   666.734 |   8312.000 |   2151.000 |   152.000
   4297,   |   8356.900 |   9249.826 |   636.976 |   8311.000 |   2151.000 |   153.000
   4298,   |   8352.600 |   9281.069 |   680.690 |   8307.000 |   2151.000 |   152.000
   4299,   |   8352.600 |   9355.731 |   632.886 |   8307.000 |   2151.000 |   152.000
   4300,   |   8352.600 |   9429.812 |   741.759 |   8307.000 |   2151.000 |   152.000
   4301,   |   8352.600 |   9644.551 |   749.144 |   8307.000 |   2151.000 |   152.000
   4302,   |   8352.600 |   9640.906 |   764.931 |   8307.000 |   2151.000 |   152.000
   4303,   |   8352.600 |   9667.153 |   829.910 |   8307.000 |   2151.000 |   152.000
   4304,   |   8352.600 |   9529.193 |   760.675 |   8307.000 |   2151.000 |   152.000
   4305,   |   8352.600 |   9408.585 |   753.360 |   8307.000 |   2151.000 |   152.000
   4306,   |   8352.600 |   9331.448 |   660.190 |   8307.000 |   2151.000 |   152.000
   4307,   |   8352.600 |   9284.246 |   663.284 |   8307.000 |   2151.000 |   152.000
   4308,   |   8352.600 |   9341.446 |   638.353 |   8307.000 |   2151.000 |   152.000
   4309,   |   8352.600 |   9427.500 |   724.030 |   8307.000 |   2151.000 |   152.000
   4310,   |   8352.600 |   9408.555 |   692.172 |   8307.000 |   2151.000 |   152.000
   4311,   |   8352.600 |   9534.708 |   808.209 |   8307.000 |   2151.000 |   152.000
   4312,   |   8352.600 |   9605.632 |   747.638 |   8307.000 |   2151.000 |   152.000
   4313,   |   8352.600 |   9648.270 |   712.214 |   8307.000 |   2151.000 |   152.000
   4314,   |   8352.600 |   9762.448 |   809.852 |   8307.000 |   2151.000 |   152.000
   4315,   |   8352.600 |   9566.243 |   779.881 |   8307.000 |   2151.000 |   152.000
   4316,   |   8352.600 |   9697.493 |   771.739 |   8307.000 |   2151.000 |   152.000
   4317,   |   8352.600 |   9667.297 |   704.401 |   8307.000 |   2151.000 |   152.000
   4318,   |   8352.600 |   9753.552 |   759.021 |   8307.000 |   2151.000 |   152.000
   4319,   |   8352.600 |   9481.938 |   659.697 |   8307.000 |   2151.000 |   152.000
   4320,   |   8352.600 |   9479.459 |   639.855 |   8307.000 |   2151.000 |   152.000
   4321,   |   8352.600 |   9413.345 |   629.487 |   8307.000 |   2151.000 |   152.000
   4322,   |   8352.600 |   9483.360 |   733.148 |   8307.000 |   2151.000 |   152.000
   4323,   |   8352.600 |   9360.630 |   663.622 |   8307.000 |   2151.000 |   152.000
   4324,   |   8352.600 |   9260.546 |   602.915 |   8307.000 |   2151.000 |   152.000
   4325,   |   8352.600 |   9269.250 |   615.703 |   8307.000 |   2151.000 |   152.000
   4326,   |   8352.600 |   9215.544 |   606.247 |   8307.000 |   2151.000 |   152.000
   4327,   |   8352.600 |   9233.570 |   618.994 |   8307.000 |   2151.000 |   152.000
   4328,   |   8352.600 |   9355.234 |   615.729 |   8307.000 |   2151.000 |   152.000
   4329,   |   8352.600 |   9387.946 |   710.780 |   8307.000 |   2151.000 |   152.000
   4330,   |   8352.600 |   9342.417 |   696.798 |   8307.000 |   2151.000 |   152.000
   4331,   |   8352.600 |   9236.064 |   646.159 |   8307.000 |   2151.000 |   152.000
   4332,   |   8352.600 |   9315.839 |   754.025 |   8307.000 |   2151.000 |   152.000
   4333,   |   8352.600 |   9180.376 |   619.176 |   8307.000 |   2151.000 |   152.000
   4334,   |   8352.600 |   9227.172 |   620.914 |   8307.000 |   2151.000 |   152.000
   4335,   |   8352.600 |   9236.980 |   600.557 |   8307.000 |   2151.000 |   152.000
   4336,   |   8352.600 |   9247.063 |   716.109 |   8307.000 |   2151.000 |   152.000
   4337,   |   8352.600 |   9311.309 |   641.800 |   8307.000 |   2151.000 |   152.000
   4338,   |   8352.600 |   9389.552 |   707.887 |   8307.000 |   2151.000 |   152.000
   4339,   |   8352.600 |   9241.101 |   632.007 |   8307.000 |   2151.000 |   152.000
   4340,   |   8352.600 |   9238.455 |   621.600 |   8307.000 |   2151.000 |   152.000
   4341,   |   8352.600 |   9429.805 |   761.763 |   8307.000 |   2151.000 |   152.000
   4342,   |   8352.600 |   9306.609 |   638.990 |   8307.000 |   2151.000 |   152.000
   4343,   |   8352.600 |   9346.216 |   692.264 |   8307.000 |   2151.000 |   152.000
   4344,   |   8352.600 |   9281.594 |   635.615 |   8307.000 |   2151.000 |   152.000
   4345,   |   8352.600 |   9295.687 |   558.454 |   8307.000 |   2151.000 |   152.000
   4346,   |   8352.600 |   9330.220 |   698.356 |   8307.000 |   2151.000 |   152.000
   4347,   |   8352.600 |   9276.663 |   611.486 |   8307.000 |   2151.000 |   152.000
   4348,   |   8352.600 |   9337.927 |   543.649 |   8307.000 |   2151.000 |   152.000
   4349,   |   8352.600 |   9343.706 |   592.310 |   8307.000 |   2151.000 |   152.000
   4350,   |   8352.600 |   9242.195 |   565.353 |   8307.000 |   2151.000 |   152.000
   4351,   |   8352.600 |   9332.205 |   698.066 |   8307.000 |   2151.000 |   152.000
   4352,   |   8352.600 |   9408.142 |   665.445 |   8307.000 |   2151.000 |   152.000
   4353,   |   8352.600 |   9390.152 |   650.364 |   8307.000 |   2151.000 |   152.000
   4354,   |   8352.600 |   9473.521 |   781.214 |   8307.000 |   2151.000 |   152.000
   4355,   |   8352.600 |   9312.010 |   628.253 |   8307.000 |   2151.000 |   152.000
   4356,   |   8352.600 |   9353.099 |   664.198 |   8307.000 |   2151.000 |   152.000
   4357,   |   8352.600 |   9265.007 |   680.474 |   8307.000 |   2151.000 |   152.000
   4358,   |   8352.600 |   9285.890 |   638.441 |   8307.000 |   2151.000 |   152.000
   4359,   |   8352.600 |   9245.771 |   636.210 |   8307.000 |   2151.000 |   152.000
   4360,   |   8352.600 |   9181.585 |   618.808 |   8307.000 |   2151.000 |   152.000
   4361,   |   8352.600 |   9218.222 |   645.223 |   8307.000 |   2151.000 |   152.000
   4362,   |   8352.600 |   9263.781 |   622.874 |   8307.000 |   2151.000 |   152.000
   4363,   |   8352.600 |   9322.582 |   663.723 |   8307.000 |   2151.000 |   152.000
   4364,   |   8352.600 |   9259.980 |   712.312 |   8307.000 |   2151.000 |   152.000
   4365,   |   8352.600 |   9290.628 |   649.551 |   8307.000 |   2151.000 |   152.000
   4366,   |   8352.600 |   9232.615 |   649.748 |   8307.000 |   2151.000 |   152.000
   4367,   |   8352.600 |   9429.276 |   687.587 |   8307.000 |   2151.000 |   152.000
   4368,   |   8352.600 |   9352.329 |   735.778 |   8307.000 |   2151.000 |   152.000
   4369,   |   8352.600 |   9172.968 |   593.788 |   8307.000 |   2151.000 |   152.000
   4370,   |   8352.600 |   9303.457 |   625.337 |   8307.000 |   2151.000 |   152.000
   4371,   |   8352.600 |   9301.584 |   641.008 |   8307.000 |   2151.000 |   152.000
   4372,   |   8352.600 |   9168.751 |   583.982 |   8307.000 |   2151.000 |   152.000
   4373,   |   8352.600 |   9084.005 |   545.588 |   8307.000 |   2151.000 |   152.000
   4374,   |   8352.600 |   9261.838 |   619.052 |   8307.000 |   2151.000 |   152.000
   4375,   |   8352.600 |   9324.844 |   681.498 |   8307.000 |   2151.000 |   152.000
   4376,   |   8352.600 |   9473.039 |   736.374 |   8307.000 |   2151.000 |   152.000
   4377,   |   8352.600 |   9354.489 |   716.951 |   8307.000 |   2151.000 |   152.000
   4378,   |   8352.600 |   9288.461 |   663.690 |   8307.000 |   2151.000 |   152.000
   4379,   |   8352.600 |   9181.301 |   579.298 |   8307.000 |   2151.000 |   152.000
   4380,   |   8352.600 |   9264.002 |   688.068 |   8307.000 |   2151.000 |   152.000
   4381,   |   8352.600 |   9373.858 |   738.573 |   8307.000 |   2151.000 |   152.000
   4382,   |   8349.100 |   9211.329 |   538.494 |   8305.000 |   2146.000 |   147.000
   4383,   |   8349.100 |   9419.041 |   626.444 |   8305.000 |   2146.000 |   147.000
   4384,   |   8349.100 |   9356.817 |   677.460 |   8305.000 |   2146.000 |   147.000
   4385,   |   8349.100 |   9464.115 |   750.640 |   8305.000 |   2146.000 |   147.000
   4386,   |   8349.100 |   9333.930 |   744.137 |   8305.000 |   2146.000 |   147.000
   4387,   |   8349.100 |   9363.877 |   664.579 |   8305.000 |   2146.000 |   147.000
   4388,   |   8349.100 |   9402.164 |   744.671 |   8305.000 |   2146.000 |   147.000
   4389,   |   8349.100 |   9330.863 |   654.954 |   8305.000 |   2146.000 |   147.000
   4390,   |   8349.100 |   9470.042 |   635.942 |   8305.000 |   2146.000 |   147.000
   4391,   |   8349.100 |   9570.047 |   773.610 |   8305.000 |   2146.000 |   147.000
   4392,   |   8349.100 |   9498.119 |   822.593 |   8305.000 |   2146.000 |   147.000
   4393,   |   8349.100 |   9332.973 |   665.869 |   8305.000 |   2146.000 |   147.000
   4394,   |   8349.100 |   9429.165 |   718.286 |   8305.000 |   2146.000 |   147.000
   4395,   |   8349.100 |   9433.910 |   771.052 |   8305.000 |   2146.000 |   147.000
   4396,   |   8349.100 |   9530.854 |   656.277 |   8305.000 |   2146.000 |   147.000
   4397,   |   8349.100 |   9593.294 |   733.757 |   8305.000 |   2146.000 |   147.000
   4398,   |   8349.100 |   9472.314 |   745.541 |   8305.000 |   2146.000 |   147.000
   4399,   |   8349.100 |   9430.469 |   692.290 |   8305.000 |   2146.000 |   147.000
   4400,   |   8349.100 |   9480.304 |   720.059 |   8305.000 |   2146.000 |   147.000
   4401,   |   8349.100 |   9443.232 |   721.877 |   8305.000 |   2146.000 |   147.000
   4402,   |   8349.100 |   9253.115 |   667.286 |   8305.000 |   2146.000 |   147.000
   4403,   |   8346.100 |   9156.608 |   646.624 |   8302.000 |   2146.000 |   147.000
   4404,   |   8346.100 |   9227.860 |   667.031 |   8302.000 |   2146.000 |   147.000
   4405,   |   8346.100 |   9345.521 |   705.923 |   8302.000 |   2146.000 |   147.000
   4406,   |   8346.100 |   9287.325 |   589.462 |   8302.000 |   2146.000 |   147.000
   4407,   |   8346.100 |   9270.746 |   639.800 |   8302.000 |   2146.000 |   147.000
   4408,   |   8340.900 |   9375.436 |   692.775 |   8298.000 |   2142.000 |   143.000
   4409,   |   8340.900 |   9298.502 |   642.893 |   8298.000 |   2142.000 |   143.000
   4410,   |   8340.900 |   9336.193 |   631.330 |   8298.000 |   2142.000 |   143.000
   4411,   |   8340.900 |   9267.719 |   610.633 |   8298.000 |   2142.000 |   143.000
   4412,   |   8340.900 |   9294.505 |   660.030 |   8298.000 |   2142.000 |   143.000
   4413,   |   8340.900 |   9248.667 |   656.140 |   8298.000 |   2142.000 |   143.000
   4414,   |   8340.900 |   9219.153 |   676.671 |   8298.000 |   2142.000 |   143.000
   4415,   |   8340.900 |   9236.116 |   650.941 |   8298.000 |   2142.000 |   143.000
   4416,   |   8340.900 |   9336.017 |   675.390 |   8298.000 |   2142.000 |   143.000
   4417,   |   8340.900 |   9418.172 |   691.018 |   8298.000 |   2142.000 |   143.000
   4418,   |   8340.900 |   9419.321 |   677.326 |   8298.000 |   2142.000 |   143.000
   4419,   |   8340.900 |   9442.169 |   754.750 |   8298.000 |   2142.000 |   143.000
   4420,   |   8340.900 |   9400.346 |   652.283 |   8298.000 |   2142.000 |   143.000
   4421,   |   8340.900 |   9381.955 |   632.742 |   8298.000 |   2142.000 |   143.000
   4422,   |   8340.900 |   9546.046 |   788.344 |   8298.000 |   2142.000 |   143.000
   4423,   |   8340.900 |   9526.877 |   739.835 |   8298.000 |   2142.000 |   143.000
   4424,   |   8340.900 |   9561.837 |   751.930 |   8298.000 |   2142.000 |   143.000
   4425,   |   8340.900 |   9510.266 |   702.253 |   8298.000 |   2142.000 |   143.000
   4426,   |   8340.900 |   9378.080 |   666.920 |   8298.000 |   2142.000 |   143.000
   4427,   |   8340.900 |   9400.775 |   678.024 |   8298.000 |   2142.000 |   143.000
   4428,   |   8340.900 |   9180.470 |   591.384 |   8298.000 |   2142.000 |   143.000
   4429,   |   8340.900 |   9217.782 |   636.056 |   8298.000 |   2142.000 |   143.000
   4430,   |   8340.900 |   9249.743 |   598.939 |   8298.000 |   2142.000 |   143.000
   4431,   |   8340.900 |   9257.929 |   662.806 |   8298.000 |   2142.000 |   143.000
   4432,   |   8340.900 |   9407.139 |   708.129 |   8298.000 |   2142.000 |   143.000
   4433,   |   8340.900 |   9201.182 |   626.048 |   8298.000 |   2142.000 |   143.000
   4434,   |   8340.900 |   9222.780 |   672.212 |   8298.000 |   2142.000 |   143.000
   4435,   |   8340.900 |   9328.429 |   664.584 |   8298.000 |   2142.000 |   143.000
   4436,   |   8340.900 |   9298.334 |   647.338 |   8298.000 |   2142.000 |   143.000
   4437,   |   8340.900 |   9308.988 |   634.586 |   8298.000 |   2142.000 |   143.000
   4438,   |   8340.900 |   9310.988 |   692.831 |   8298.000 |   2142.000 |   143.000
   4439,   |   8340.900 |   9383.475 |   622.307 |   8298.000 |   2142.000 |   143.000
   4440,   |   8340.900 |   9639.782 |   820.400 |   8298.000 |   2142.000 |   143.000
   4441,   |   8340.900 |   9394.025 |   619.858 |   8298.000 |   2142.000 |   143.000
   4442,   |   8340.900 |   9362.990 |   691.253 |   8298.000 |   2142.000 |   143.000
   4443,   |   8340.900 |   9315.059 |   716.897 |   8298.000 |   2142.000 |   143.000
   4444,   |   8340.900 |   9139.309 |   552.461 |   8298.000 |   2142.000 |   143.000
   4445,   |   8340.900 |   9177.459 |   538.679 |   8298.000 |   2142.000 |   143.000
   4446,   |   8340.900 |   9288.628 |   598.509 |   8298.000 |   2142.000 |   143.000
   4447,   |   8340.900 |   9319.601 |   633.434 |   8298.000 |   2142.000 |   143.000
   4448,   |   8340.900 |   9243.234 |   567.622 |   8298.000 |   2142.000 |   143.000
   4449,   |   8340.900 |   9265.532 |   616.070 |   8298.000 |   2142.000 |   143.000
   4450,   |   8340.900 |   9325.126 |   744.429 |   8298.000 |   2142.000 |   143.000
   4451,   |   8340.900 |   9337.764 |   614.120 |   8298.000 |   2142.000 |   143.000
   4452,   |   8340.900 |   9365.476 |   683.204 |   8298.000 |   2142.000 |   143.000
   4453,   |   8340.900 |   9347.857 |   677.204 |   8298.000 |   2142.000 |   143.000
   4454,   |   8340.900 |   9348.579 |   656.894 |   8298.000 |   2142.000 |   143.000
   4455,   |   8340.900 |   9224.890 |   575.070 |   8298.000 |   2142.000 |   143.000
   4456,   |   8340.900 |   9277.670 |   607.537 |   8298.000 |   2142.000 |   143.000
   4457,   |   8340.900 |   9409.862 |   773.533 |   8298.000 |   2142.000 |   143.000
   4458,   |   8340.900 |   9340.422 |   632.578 |   8298.000 |   2142.000 |   143.000
   4459,   |   8340.900 |   9297.343 |   596.199 |   8298.000 |   2142.000 |   143.000
   4460,   |   8340.900 |   9220.504 |   556.922 |   8298.000 |   2142.000 |   143.000
   4461,   |   8340.900 |   9257.776 |   607.420 |   8298.000 |   2142.000 |   143.000
   4462,   |   8340.900 |   9427.907 |   711.118 |   8298.000 |   2142.000 |   143.000
   4463,   |   8340.900 |   9296.690 |   595.291 |   8298.000 |   2142.000 |   143.000
   4464,   |   8340.900 |   9285.039 |   612.897 |   8298.000 |   2142.000 |   143.000
   4465,   |   8340.900 |   9443.969 |   726.166 |   8298.000 |   2142.000 |   143.000
   4466,   |   8340.900 |   9390.771 |   809.925 |   8298.000 |   2142.000 |   143.000
   4467,   |   8340.900 |   9375.210 |   784.784 |   8298.000 |   2142.000 |   143.000
   4468,   |   8340.900 |   9423.956 |   634.460 |   8298.000 |   2142.000 |   143.000
   4469,   |   8340.900 |   9504.652 |   776.786 |   8298.000 |   2142.000 |   143.000
   4470,   |   8340.900 |   9443.503 |   682.458 |   8298.000 |   2142.000 |   143.000
   4471,   |   8340.900 |   9385.755 |   681.561 |   8298.000 |   2142.000 |   143.000
   4472,   |   8340.900 |   9350.882 |   657.593 |   8298.000 |   2142.000 |   143.000
   4473,   |   8340.900 |   9550.680 |   750.118 |   8298.000 |   2142.000 |   143.000
   4474,   |   8340.900 |   9388.609 |   733.365 |   8298.000 |   2142.000 |   143.000
   4475,   |   8340.900 |   9408.174 |   680.944 |   8298.000 |   2142.000 |   143.000
   4476,   |   8340.900 |   9398.907 |   684.021 |   8298.000 |   2142.000 |   143.000
   4477,   |   8340.900 |   9355.314 |   681.620 |   8298.000 |   2142.000 |   143.000
   4478,   |   8340.900 |   9408.399 |   835.527 |   8298.000 |   2142.000 |   143.000
   4479,   |   8340.900 |   9356.684 |   729.105 |   8298.000 |   2142.000 |   143.000
   4480,   |   8340.900 |   9446.344 |   717.524 |   8298.000 |   2142.000 |   143.000
   4481,   |   8340.900 |   9481.750 |   768.870 |   8298.000 |   2142.000 |   143.000
   4482,   |   8340.900 |   9436.293 |   710.154 |   8298.000 |   2142.000 |   143.000
   4483,   |   8340.900 |   9482.454 |   705.529 |   8298.000 |   2142.000 |   143.000
   4484,   |   8340.900 |   9296.521 |   644.079 |   8298.000 |   2142.000 |   143.000
   4485,   |   8340.900 |   9330.202 |   677.949 |   8298.000 |   2142.000 |   143.000
   4486,   |   8340.900 |   9262.735 |   673.352 |   8298.000 |   2142.000 |   143.000
   4487,   |   8340.900 |   9552.562 |   738.599 |   8298.000 |   2142.000 |   143.000
   4488,   |   8340.900 |   9517.834 |   739.094 |   8298.000 |   2142.000 |   143.000
   4489,   |   8340.900 |   9578.299 |   725.713 |   8298.000 |   2142.000 |   143.000
   4490,   |   8340.900 |   9708.704 |   848.883 |   8298.000 |   2142.000 |   143.000
   4491,   |   8340.900 |   9567.959 |   701.406 |   8298.000 |   2142.000 |   143.000
   4492,   |   8340.900 |   9674.761 |   881.212 |   8298.000 |   2142.000 |   143.000
   4493,   |   8340.900 |   9776.852 |   850.810 |   8298.000 |   2142.000 |   143.000
   4494,   |   8340.900 |   9773.104 |   818.723 |   8298.000 |   2142.000 |   143.000
   4495,   |   8340.900 |   9725.848 |   738.172 |   8298.000 |   2142.000 |   143.000
   4496,   |   8340.900 |   9583.188 |   761.101 |   8298.000 |   2142.000 |   143.000
   4497,   |   8340.900 |   9501.100 |   727.831 |   8298.000 |   2142.000 |   143.000
   4498,   |   8340.900 |   9406.445 |   709.248 |   8298.000 |   2142.000 |   143.000
   4499,   |   8340.900 |   9357.621 |   684.764 |   8298.000 |   2142.000 |   143.000
   4500,   |   8340.900 |   9404.807 |   693.235 |   8298.000 |   2142.000 |   143.000
   4501,   |   8340.900 |   9224.864 |   589.907 |   8298.000 |   2142.000 |   143.000
   4502,   |   8340.900 |   9290.310 |   621.589 |   8298.000 |   2142.000 |   143.000
   4503,   |   8340.900 |   9255.786 |   637.944 |   8298.000 |   2142.000 |   143.000
   4504,   |   8340.900 |   9240.374 |   662.952 |   8298.000 |   2142.000 |   143.000
   4505,   |   8340.900 |   9299.327 |   609.246 |   8298.000 |   2142.000 |   143.000
   4506,   |   8340.900 |   9257.201 |   650.264 |   8298.000 |   2142.000 |   143.000
   4507,   |   8321.900 |   9258.385 |   664.041 |   8285.000 |   2122.000 |   123.000
   4508,   |   8321.900 |   9360.035 |   644.359 |   8285.000 |   2122.000 |   123.000
   4509,   |   8321.900 |   9350.101 |   652.537 |   8285.000 |   2122.000 |   123.000
   4510,   |   8321.900 |   9300.382 |   631.323 |   8285.000 |   2122.000 |   123.000
   4511,   |   8321.900 |   9406.217 |   733.405 |   8285.000 |   2122.000 |   123.000
   4512,   |   8321.900 |   9341.642 |   683.193 |   8285.000 |   2122.000 |   123.000
   4513,   |   8321.900 |   9318.431 |   698.620 |   8285.000 |   2122.000 |   123.000
   4514,   |   8302.900 |   9329.238 |   760.763 |   8266.000 |   2122.000 |   123.000
   4515,   |   8296.900 |   9348.302 |   689.547 |   8260.000 |   2122.000 |   123.000
   4516,   |   8296.900 |   9534.896 |   730.272 |   8260.000 |   2122.000 |   123.000
   4517,   |   8296.900 |   9547.868 |   776.114 |   8260.000 |   2122.000 |   123.000
   4518,   |   8296.900 |   9456.983 |   683.795 |   8260.000 |   2122.000 |   123.000
   4519,   |   8296.900 |   9459.026 |   690.507 |   8260.000 |   2122.000 |   123.000
   4520,   |   8296.900 |   9529.559 |   851.288 |   8260.000 |   2122.000 |   123.000
   4521,   |   8296.900 |   9414.184 |   669.804 |   8260.000 |   2122.000 |   123.000
   4522,   |   8296.900 |   9490.047 |   791.509 |   8260.000 |   2122.000 |   123.000
   4523,   |   8296.900 |   9423.629 |   667.100 |   8260.000 |   2122.000 |   123.000
   4524,   |   8296.900 |   9477.297 |   733.211 |   8260.000 |   2122.000 |   123.000
   4525,   |   8296.900 |   9378.217 |   663.452 |   8260.000 |   2122.000 |   123.000
   4526,   |   8296.900 |   9382.131 |   717.113 |   8260.000 |   2122.000 |   123.000
   4527,   |   8296.900 |   9286.933 |   648.137 |   8260.000 |   2122.000 |   123.000
   4528,   |   8296.900 |   9301.224 |   631.700 |   8260.000 |   2122.000 |   123.000
   4529,   |   8296.900 |   9271.491 |   590.699 |   8260.000 |   2122.000 |   123.000
   4530,   |   8296.900 |   9312.818 |   678.965 |   8260.000 |   2122.000 |   123.000
   4531,   |   8296.900 |   9112.357 |   526.864 |   8260.000 |   2122.000 |   123.000
   4532,   |   8296.900 |   9102.523 |   576.959 |   8260.000 |   2122.000 |   123.000
   4533,   |   8296.900 |   9147.684 |   566.702 |   8260.000 |   2122.000 |   123.000
   4534,   |   8296.900 |   9198.769 |   599.345 |   8260.000 |   2122.000 |   123.000
   4535,   |   8296.900 |   9233.722 |   667.411 |   8260.000 |   2122.000 |   123.000
   4536,   |   8296.900 |   9227.819 |   646.164 |   8260.000 |   2122.000 |   123.000
   4537,   |   8296.900 |   9162.360 |   592.825 |   8260.000 |   2122.000 |   123.000
   4538,   |   8296.900 |   9305.533 |   683.725 |   8260.000 |   2122.000 |   123.000
   4539,   |   8296.900 |   9444.332 |   787.045 |   8260.000 |   2122.000 |   123.000
   4540,   |   8296.900 |   9429.689 |   743.726 |   8260.000 |   2122.000 |   123.000
   4541,   |   8296.900 |   9247.735 |   646.755 |   8260.000 |   2122.000 |   123.000
   4542,   |   8296.900 |   9171.516 |   670.196 |   8260.000 |   2122.000 |   123.000
   4543,   |   8296.900 |   9105.994 |   537.677 |   8260.000 |   2122.000 |   123.000
   4544,   |   8296.900 |   9197.602 |   688.256 |   8260.000 |   2122.000 |   123.000
   4545,   |   8282.100 |   9258.776 |   663.275 |   8247.000 |   2116.000 |   117.000
   4546,   |   8282.100 |   9380.339 |   761.617 |   8247.000 |   2116.000 |   117.000
   4547,   |   8282.100 |   9417.772 |   749.656 |   8247.000 |   2116.000 |   117.000
   4548,   |   8282.100 |   9578.167 |   770.056 |   8247.000 |   2116.000 |   117.000
   4549,   |   8282.100 |   9590.095 |   772.564 |   8247.000 |   2116.000 |   117.000
   4550,   |   8282.100 |   9440.931 |   781.862 |   8247.000 |   2116.000 |   117.000
   4551,   |   8282.100 |   9566.043 |   772.747 |   8247.000 |   2116.000 |   117.000
   4552,   |   8282.100 |   9697.130 |   798.030 |   8247.000 |   2116.000 |   117.000
   4553,   |   8282.100 |   9549.558 |   748.333 |   8247.000 |   2116.000 |   117.000
   4554,   |   8282.100 |   9638.968 |   738.652 |   8247.000 |   2116.000 |   117.000
   4555,   |   8282.100 |   9520.798 |   736.451 |   8247.000 |   2116.000 |   117.000
   4556,   |   8282.100 |   9485.275 |   768.141 |   8247.000 |   2116.000 |   117.000
   4557,   |   8282.100 |   9277.374 |   651.640 |   8247.000 |   2116.000 |   117.000
   4558,   |   8282.100 |   9302.427 |   670.835 |   8247.000 |   2116.000 |   117.000
   4559,   |   8282.100 |   9439.755 |   764.881 |   8247.000 |   2116.000 |   117.000
   4560,   |   8282.100 |   9168.331 |   535.231 |   8247.000 |   2116.000 |   117.000
   4561,   |   8282.100 |   9254.063 |   643.370 |   8247.000 |   2116.000 |   117.000
   4562,   |   8282.100 |   9120.372 |   669.410 |   8247.000 |   2116.000 |   117.000
   4563,   |   8282.100 |   9127.858 |   648.981 |   8247.000 |   2116.000 |   117.000
   4564,   |   8282.100 |   9118.864 |   558.416 |   8247.000 |   2116.000 |   117.000
   4565,   |   8282.100 |   9115.843 |   601.586 |   8247.000 |   2116.000 |   117.000
   4566,   |   8282.100 |   9118.432 |   598.305 |   8247.000 |   2116.000 |   117.000
   4567,   |   8282.100 |   9222.988 |   684.162 |   8247.000 |   2116.000 |   117.000
   4568,   |   8282.100 |   9083.720 |   565.219 |   8247.000 |   2116.000 |   117.000
   4569,   |   8282.100 |   9163.455 |   632.303 |   8247.000 |   2116.000 |   117.000
   4570,   |   8282.100 |   9242.237 |   728.542 |   8247.000 |   2116.000 |   117.000
   4571,   |   8282.100 |   9060.407 |   595.029 |   8247.000 |   2116.000 |   117.000
   4572,   |   8282.100 |   9118.127 |   557.478 |   8247.000 |   2116.000 |   117.000
   4573,   |   8282.100 |   9363.885 |   646.375 |   8247.000 |   2116.000 |   117.000
   4574,   |   8282.100 |   9262.383 |   731.173 |   8247.000 |   2116.000 |   117.000
   4575,   |   8282.100 |   9298.127 |   651.268 |   8247.000 |   2116.000 |   117.000
   4576,   |   8282.100 |   9409.335 |   687.209 |   8247.000 |   2116.000 |   117.000
   4577,   |   8282.100 |   9409.102 |   648.855 |   8247.000 |   2116.000 |   117.000
   4578,   |   8282.100 |   9354.934 |   684.598 |   8247.000 |   2116.000 |   117.000
   4579,   |   8282.100 |   9307.160 |   670.339 |   8247.000 |   2116.000 |   117.000
   4580,   |   8282.100 |   9253.155 |   630.353 |   8247.000 |   2116.000 |   117.000
   4581,   |   8282.100 |   9222.485 |   625.304 |   8247.000 |   2116.000 |   117.000
   4582,   |   8282.100 |   9200.385 |   688.903 |   8247.000 |   2116.000 |   117.000
   4583,   |   8282.100 |   9338.802 |   697.175 |   8247.000 |   2116.000 |   117.000
   4584,   |   8282.100 |   9239.120 |   572.502 |   8247.000 |   2116.000 |   117.000
   4585,   |   8282.100 |   9168.832 |   556.281 |   8247.000 |   2116.000 |   117.000
   4586,   |   8282.100 |   9175.252 |   519.082 |   8247.000 |   2116.000 |   117.000
   4587,   |   8282.100 |   9112.612 |   585.902 |   8247.000 |   2116.000 |   117.000
   4588,   |   8282.100 |   9277.681 |   688.103 |   8247.000 |   2116.000 |   117.000
   4589,   |   8282.100 |   9385.350 |   718.261 |   8247.000 |   2116.000 |   117.000
   4590,   |   8282.100 |   9397.280 |   750.873 |   8247.000 |   2116.000 |   117.000
   4591,   |   8282.100 |   9281.655 |   651.576 |   8247.000 |   2116.000 |   117.000
   4592,   |   8282.100 |   9233.609 |   591.624 |   8247.000 |   2116.000 |   117.000
   4593,   |   8282.100 |   9311.568 |   678.028 |   8247.000 |   2116.000 |   117.000
   4594,   |   8276.100 |   9312.616 |   746.935 |   8241.000 |   2116.000 |   117.000
   4595,   |   8276.100 |   9079.901 |   528.593 |   8241.000 |   2116.000 |   117.000
   4596,   |   8276.100 |   9203.743 |   721.680 |   8241.000 |   2116.000 |   117.000
   4597,   |   8276.100 |   9184.256 |   658.680 |   8241.000 |   2116.000 |   117.000
   4598,   |   8276.100 |   9214.071 |   715.526 |   8241.000 |   2116.000 |   117.000
   4599,   |   8276.100 |   9346.482 |   722.969 |   8241.000 |   2116.000 |   117.000
   4600,   |   8276.100 |   9271.640 |   667.149 |   8241.000 |   2116.000 |   117.000
   4601,   |   8276.100 |   9282.986 |   731.614 |   8241.000 |   2116.000 |   117.000
   4602,   |   8276.100 |   9184.180 |   625.311 |   8241.000 |   2116.000 |   117.000
   4603,   |   8276.100 |   9301.918 |   677.524 |   8241.000 |   2116.000 |   117.000
   4604,   |   8276.100 |   9278.072 |   748.937 |   8241.000 |   2116.000 |   117.000
   4605,   |   8276.100 |   9187.246 |   611.736 |   8241.000 |   2116.000 |   117.000
   4606,   |   8276.100 |   9291.697 |   731.699 |   8241.000 |   2116.000 |   117.000
   4607,   |   8276.100 |   9276.542 |   676.284 |   8241.000 |   2116.000 |   117.000
   4608,   |   8276.100 |   9248.574 |   606.564 |   8241.000 |   2116.000 |   117.000
   4609,   |   8276.100 |   9403.815 |   739.737 |   8241.000 |   2116.000 |   117.000
   4610,   |   8276.100 |   9328.166 |   702.753 |   8241.000 |   2116.000 |   117.000
   4611,   |   8276.100 |   9398.273 |   719.052 |   8241.000 |   2116.000 |   117.000
   4612,   |   8276.100 |   9477.793 |   714.288 |   8241.000 |   2116.000 |   117.000
   4613,   |   8276.100 |   9506.381 |   748.748 |   8241.000 |   2116.000 |   117.000
   4614,   |   8276.100 |   9447.105 |   810.655 |   8241.000 |   2116.000 |   117.000
   4615,   |   8276.100 |   9274.053 |   668.746 |   8241.000 |   2116.000 |   117.000
   4616,   |   8276.100 |   9272.638 |   629.346 |   8241.000 |   2116.000 |   117.000
   4617,   |   8276.100 |   9089.337 |   519.465 |   8241.000 |   2116.000 |   117.000
   4618,   |   8276.100 |   9212.987 |   624.611 |   8241.000 |   2116.000 |   117.000
   4619,   |   8276.100 |   9210.450 |   602.773 |   8241.000 |   2116.000 |   117.000
   4620,   |   8276.100 |   9109.395 |   589.000 |   8241.000 |   2116.000 |   117.000
   4621,   |   8276.100 |   9198.524 |   662.121 |   8241.000 |   2116.000 |   117.000
   4622,   |   8276.100 |   9207.645 |   693.452 |   8241.000 |   2116.000 |   117.000
   4623,   |   8253.700 |   9196.992 |   700.385 |   8224.000 |   2098.000 |    99.000
   4624,   |   8253.700 |   9303.932 |   696.249 |   8224.000 |   2098.000 |    99.000
   4625,   |   8253.700 |   9240.895 |   612.378 |   8224.000 |   2098.000 |    99.000
   4626,   |   8253.700 |   9283.210 |   601.812 |   8224.000 |   2098.000 |    99.000
   4627,   |   8253.700 |   9546.442 |   750.699 |   8224.000 |   2098.000 |    99.000
   4628,   |   8253.700 |   9429.872 |   770.026 |   8224.000 |   2098.000 |    99.000
   4629,   |   8250.700 |   9302.709 |   694.322 |   8221.000 |   2098.000 |    99.000
   4630,   |   8250.700 |   9359.903 |   643.066 |   8221.000 |   2098.000 |    99.000
   4631,   |   8250.700 |   9356.024 |   696.165 |   8221.000 |   2098.000 |    99.000
   4632,   |   8250.700 |   9380.958 |   708.759 |   8221.000 |   2098.000 |    99.000
   4633,   |   8250.700 |   9340.398 |   669.624 |   8221.000 |   2098.000 |    99.000
   4634,   |   8250.700 |   9417.678 |   742.086 |   8221.000 |   2098.000 |    99.000
   4635,   |   8250.700 |   9346.140 |   702.638 |   8221.000 |   2098.000 |    99.000
   4636,   |   8250.700 |   9131.099 |   549.105 |   8221.000 |   2098.000 |    99.000
   4637,   |   8250.700 |   9205.434 |   572.066 |   8221.000 |   2098.000 |    99.000
   4638,   |   8250.700 |   9400.633 |   705.221 |   8221.000 |   2098.000 |    99.000
   4639,   |   8250.700 |   9458.776 |   732.214 |   8221.000 |   2098.000 |    99.000
   4640,   |   8250.700 |   9319.759 |   715.222 |   8221.000 |   2098.000 |    99.000
   4641,   |   8250.700 |   9241.868 |   615.361 |   8221.000 |   2098.000 |    99.000
   4642,   |   8250.700 |   9178.585 |   562.231 |   8221.000 |   2098.000 |    99.000
   4643,   |   8250.700 |   9414.533 |   731.319 |   8221.000 |   2098.000 |    99.000
   4644,   |   8250.700 |   9301.843 |   673.217 |   8221.000 |   2098.000 |    99.000
   4645,   |   8250.700 |   9234.253 |   584.338 |   8221.000 |   2098.000 |    99.000
   4646,   |   8250.700 |   9308.045 |   696.053 |   8221.000 |   2098.000 |    99.000
   4647,   |   8250.700 |   9363.828 |   729.430 |   8221.000 |   2098.000 |    99.000
   4648,   |   8250.700 |   9346.159 |   757.328 |   8221.000 |   2098.000 |    99.000
   4649,   |   8250.700 |   9331.747 |   713.291 |   8221.000 |   2098.000 |    99.000
   4650,   |   8250.700 |   9501.915 |   762.735 |   8221.000 |   2098.000 |    99.000
   4651,   |   8250.700 |   9328.824 |   635.842 |   8221.000 |   2098.000 |    99.000
   4652,   |   8250.700 |   9468.629 |   711.161 |   8221.000 |   2098.000 |    99.000
   4653,   |   8250.700 |   9573.601 |   752.537 |   8221.000 |   2098.000 |    99.000
   4654,   |   8250.700 |   9670.398 |   868.015 |   8221.000 |   2098.000 |    99.000
   4655,   |   8250.700 |   9691.278 |   839.234 |   8221.000 |   2098.000 |    99.000
   4656,   |   8250.700 |   9600.990 |   818.032 |   8221.000 |   2098.000 |    99.000
   4657,   |   8250.700 |   9638.557 |   791.154 |   8221.000 |   2098.000 |    99.000
   4658,   |   8250.700 |   9584.402 |   751.101 |   8221.000 |   2098.000 |    99.000
   4659,   |   8250.700 |   9726.372 |   837.588 |   8221.000 |   2098.000 |    99.000
   4660,   |   8250.700 |   9380.913 |   704.355 |   8221.000 |   2098.000 |    99.000
   4661,   |   8250.700 |   9398.046 |   668.060 |   8221.000 |   2098.000 |    99.000
   4662,   |   8250.700 |   9266.827 |   753.732 |   8221.000 |   2098.000 |    99.000
   4663,   |   8250.700 |   9249.182 |   678.920 |   8221.000 |   2098.000 |    99.000
   4664,   |   8250.700 |   9111.713 |   613.835 |   8221.000 |   2098.000 |    99.000
   4665,   |   8250.700 |   9288.028 |   642.598 |   8221.000 |   2098.000 |    99.000
   4666,   |   8250.700 |   9298.612 |   681.725 |   8221.000 |   2098.000 |    99.000
   4667,   |   8250.700 |   9243.352 |   750.100 |   8221.000 |   2098.000 |    99.000
   4668,   |   8250.700 |   9055.926 |   590.664 |   8221.000 |   2098.000 |    99.000
   4669,   |   8250.700 |   9118.906 |   581.252 |   8221.000 |   2098.000 |    99.000
   4670,   |   8250.700 |   9162.458 |   667.274 |   8221.000 |   2098.000 |    99.000
   4671,   |   8250.700 |   9370.494 |   694.461 |   8221.000 |   2098.000 |    99.000
   4672,   |   8250.700 |   9258.091 |   679.413 |   8221.000 |   2098.000 |    99.000
   4673,   |   8250.700 |   9100.896 |   560.565 |   8221.000 |   2098.000 |    99.000
   4674,   |   8250.700 |   9143.819 |   613.372 |   8221.000 |   2098.000 |    99.000
   4675,   |   8250.700 |   9210.698 |   683.923 |   8221.000 |   2098.000 |    99.000
   4676,   |   8250.700 |   9212.613 |   683.692 |   8221.000 |   2098.000 |    99.000
   4677,   |   8250.700 |   9337.003 |   724.236 |   8221.000 |   2098.000 |    99.000
   4678,   |   8250.700 |   9237.360 |   666.198 |   8221.000 |   2098.000 |    99.000
   4679,   |   8250.700 |   9354.202 |   723.288 |   8221.000 |   2098.000 |    99.000
   4680,   |   8250.700 |   9317.549 |   703.154 |   8221.000 |   2098.000 |    99.000
   4681,   |   8250.700 |   9158.161 |   640.834 |   8221.000 |   2098.000 |    99.000
   4682,   |   8250.700 |   9306.521 |   781.997 |   8221.000 |   2098.000 |    99.000
   4683,   |   8250.700 |   9240.690 |   701.170 |   8221.000 |   2098.000 |    99.000
   4684,   |   8250.700 |   9236.668 |   737.802 |   8221.000 |   2098.000 |    99.000
   4685,   |   8250.700 |   9284.188 |   688.870 |   8221.000 |   2098.000 |    99.000
   4686,   |   8250.700 |   9226.427 |   702.286 |   8221.000 |   2098.000 |    99.000
   4687,   |   8250.700 |   9168.470 |   632.182 |   8221.000 |   2098.000 |    99.000
   4688,   |   8250.700 |   9423.963 |   709.907 |   8221.000 |   2098.000 |    99.000
   4689,   |   8250.700 |   9352.016 |   667.253 |   8221.000 |   2098.000 |    99.000
   4690,   |   8250.700 |   9257.808 |   630.381 |   8221.000 |   2098.000 |    99.000
   4691,   |   8250.700 |   9588.905 |   795.302 |   8221.000 |   2098.000 |    99.000
   4692,   |   8250.700 |   9416.364 |   749.745 |   8221.000 |   2098.000 |    99.000
   4693,   |   8250.700 |   9315.208 |   678.839 |   8221.000 |   2098.000 |    99.000
   4694,   |   8250.700 |   9370.426 |   707.075 |   8221.000 |   2098.000 |    99.000
   4695,   |   8250.700 |   9284.424 |   677.489 |   8221.000 |   2098.000 |    99.000
   4696,   |   8250.700 |   9340.757 |   759.046 |   8221.000 |   2098.000 |    99.000
   4697,   |   8250.700 |   9200.354 |   672.535 |   8221.000 |   2098.000 |    99.000
   4698,   |   8250.700 |   9199.800 |   617.600 |   8221.000 |   2098.000 |    99.000
   4699,   |   8250.700 |   9164.770 |   666.679 |   8221.000 |   2098.000 |    99.000
   4700,   |   8250.700 |   9144.439 |   612.627 |   8221.000 |   2098.000 |    99.000
   4701,   |   8250.700 |   9054.877 |   547.088 |   8221.000 |   2098.000 |    99.000
   4702,   |   8250.700 |   9263.642 |   699.960 |   8221.000 |   2098.000 |    99.000
   4703,   |   8250.700 |   9191.124 |   707.112 |   8221.000 |   2098.000 |    99.000
   4704,   |   8250.700 |   9136.444 |   684.979 |   8221.000 |   2098.000 |    99.000
   4705,   |   8250.700 |   9019.159 |   602.789 |   8221.000 |   2098.000 |    99.000
   4706,   |   8250.700 |   9163.031 |   665.197 |   8221.000 |   2098.000 |    99.000
   4707,   |   8250.700 |   9147.653 |   665.294 |   8221.000 |   2098.000 |    99.000
   4708,   |   8250.700 |   9224.555 |   613.580 |   8221.000 |   2098.000 |    99.000
   4709,   |   8250.700 |   9138.553 |   602.418 |   8221.000 |   2098.000 |    99.000
   4710,   |   8250.700 |   9039.290 |   588.242 |   8221.000 |   2098.000 |    99.000
   4711,   |   8250.700 |   9118.868 |   653.905 |   8221.000 |   2098.000 |    99.000
   4712,   |   8250.700 |   9028.437 |   547.788 |   8221.000 |   2098.000 |    99.000
   4713,   |   8250.700 |   9101.061 |   668.206 |   8221.000 |   2098.000 |    99.000
   4714,   |   8250.700 |   9119.541 |   660.389 |   8221.000 |   2098.000 |    99.000
   4715,   |   8250.700 |   9380.801 |   669.642 |   8221.000 |   2098.000 |    99.000
   4716,   |   8250.700 |   9327.418 |   618.344 |   8221.000 |   2098.000 |    99.000
   4717,   |   8250.700 |   9366.416 |   682.633 |   8221.000 |   2098.000 |    99.000
   4718,   |   8250.700 |   9572.632 |   881.945 |   8221.000 |   2098.000 |    99.000
   4719,   |   8250.700 |   9405.205 |   804.404 |   8221.000 |   2098.000 |    99.000
   4720,   |   8250.700 |   9169.783 |   636.516 |   8221.000 |   2098.000 |    99.000
   4721,   |   8250.700 |   9180.362 |   651.312 |   8221.000 |   2098.000 |    99.000
   4722,   |   8246.700 |   9228.714 |   624.372 |   8217.000 |   2098.000 |    99.000
   4723,   |   8243.700 |   9281.133 |   675.539 |   8214.000 |   2098.000 |    99.000
   4724,   |   8243.700 |   9331.820 |   738.990 |   8214.000 |   2098.000 |    99.000
   4725,   |   8243.700 |   9312.003 |   708.866 |   8214.000 |   2098.000 |    99.000
   4726,   |   8243.700 |   9412.313 |   768.540 |   8214.000 |   2098.000 |    99.000
   4727,   |   8243.700 |   9500.899 |   824.777 |   8214.000 |   2098.000 |    99.000
   4728,   |   8243.700 |   9603.881 |   787.661 |   8214.000 |   2098.000 |    99.000
   4729,   |   8243.700 |   9533.118 |   830.574 |   8214.000 |   2098.000 |    99.000
   4730,   |   8243.700 |   9470.829 |   772.358 |   8214.000 |   2098.000 |    99.000
   4731,   |   8243.700 |   9663.850 |   856.080 |   8214.000 |   2098.000 |    99.000
   4732,   |   8243.700 |   9563.621 |   821.435 |   8214.000 |   2098.000 |    99.000
   4733,   |   8243.700 |   9302.971 |   661.671 |   8214.000 |   2098.000 |    99.000
   4734,   |   8243.700 |   9080.169 |   559.672 |   8214.000 |   2098.000 |    99.000
   4735,   |   8243.700 |   9086.652 |   639.658 |   8214.000 |   2098.000 |    99.000
   4736,   |   8243.700 |   9075.530 |   528.862 |   8214.000 |   2098.000 |    99.000
   4737,   |   8243.700 |   9211.441 |   710.220 |   8214.000 |   2098.000 |    99.000
   4738,   |   8243.700 |   9120.888 |   604.391 |   8214.000 |   2098.000 |    99.000
   4739,   |   8243.700 |   9212.884 |   691.948 |   8214.000 |   2098.000 |    99.000
   4740,   |   8243.700 |   9074.146 |   651.117 |   8214.000 |   2098.000 |    99.000
   4741,   |   8243.700 |   9092.229 |   710.140 |   8214.000 |   2098.000 |    99.000
   4742,   |   8243.700 |   9088.442 |   654.852 |   8214.000 |   2098.000 |    99.000
   4743,   |   8243.700 |   9112.191 |   667.984 |   8214.000 |   2098.000 |    99.000
   4744,   |   8243.700 |   9023.586 |   616.479 |   8214.000 |   2098.000 |    99.000
   4745,   |   8243.700 |   9048.362 |   644.256 |   8214.000 |   2098.000 |    99.000
   4746,   |   8243.700 |   9035.566 |   575.319 |   8214.000 |   2098.000 |    99.000
   4747,   |   8243.700 |   9090.761 |   605.558 |   8214.000 |   2098.000 |    99.000
   4748,   |   8243.700 |   9035.484 |   603.931 |   8214.000 |   2098.000 |    99.000
   4749,   |   8243.700 |   9178.875 |   692.735 |   8214.000 |   2098.000 |    99.000
   4750,   |   8243.700 |   9194.570 |   639.923 |   8214.000 |   2098.000 |    99.000
   4751,   |   8243.700 |   9144.272 |   661.741 |   8214.000 |   2098.000 |    99.000
   4752,   |   8243.700 |   9082.136 |   587.866 |   8214.000 |   2098.000 |    99.000
   4753,   |   8243.700 |   9158.525 |   642.873 |   8214.000 |   2098.000 |    99.000
   4754,   |   8243.700 |   9127.659 |   661.707 |   8214.000 |   2098.000 |    99.000
   4755,   |   8243.700 |   9177.839 |   635.760 |   8214.000 |   2098.000 |    99.000
   4756,   |   8243.700 |   9137.318 |   610.670 |   8214.000 |   2098.000 |    99.000
   4757,   |   8243.700 |   9161.784 |   586.720 |   8214.000 |   2098.000 |    99.000
   4758,   |   8243.700 |   9116.772 |   670.309 |   8214.000 |   2098.000 |    99.000
   4759,   |   8243.700 |   9019.843 |   632.551 |   8214.000 |   2098.000 |    99.000
   4760,   |   8243.700 |   9053.336 |   547.150 |   8214.000 |   2098.000 |    99.000
   4761,   |   8243.700 |   9193.732 |   733.769 |   8214.000 |   2098.000 |    99.000
   4762,   |   8243.700 |   9080.175 |   630.824 |   8214.000 |   2098.000 |    99.000
   4763,   |   8243.700 |   9164.721 |   744.764 |   8214.000 |   2098.000 |    99.000
   4764,   |   8243.700 |   9158.890 |   617.175 |   8214.000 |   2098.000 |    99.000
   4765,   |   8243.700 |   9390.897 |   740.218 |   8214.000 |   2098.000 |    99.000
   4766,   |   8243.700 |   9308.483 |   711.757 |   8214.000 |   2098.000 |    99.000
   4767,   |   8243.700 |   9153.275 |   667.619 |   8214.000 |   2098.000 |    99.000
   4768,   |   8243.700 |   9082.494 |   569.525 |   8214.000 |   2098.000 |    99.000
   4769,   |   8243.700 |   9152.763 |   608.016 |   8214.000 |   2098.000 |    99.000
   4770,   |   8243.700 |   9187.696 |   620.729 |   8214.000 |   2098.000 |    99.000
   4771,   |   8243.700 |   9223.877 |   685.619 |   8214.000 |   2098.000 |    99.000
   4772,   |   8243.700 |   9200.502 |   634.842 |   8214.000 |   2098.000 |    99.000
   4773,   |   8243.700 |   9169.394 |   623.748 |   8214.000 |   2098.000 |    99.000
   4774,   |   8243.700 |   9101.320 |   585.319 |   8214.000 |   2098.000 |    99.000
   4775,   |   8243.700 |   9029.472 |   585.143 |   8214.000 |   2098.000 |    99.000
   4776,   |   8243.700 |   9057.429 |   566.103 |   8214.000 |   2098.000 |    99.000
   4777,   |   8243.700 |   9190.452 |   660.182 |   8214.000 |   2098.000 |    99.000
   4778,   |   8243.700 |   9108.102 |   609.750 |   8214.000 |   2098.000 |    99.000
   4779,   |   8243.700 |   9109.943 |   627.614 |   8214.000 |   2098.000 |    99.000
   4780,   |   8243.700 |   9078.765 |   628.937 |   8214.000 |   2098.000 |    99.000
   4781,   |   8243.700 |   9097.625 |   559.849 |   8214.000 |   2098.000 |    99.000
   4782,   |   8243.700 |   9196.127 |   690.680 |   8214.000 |   2098.000 |    99.000
   4783,   |   8243.700 |   9157.367 |   598.899 |   8214.000 |   2098.000 |    99.000
   4784,   |   8243.700 |   9244.896 |   713.344 |   8214.000 |   2098.000 |    99.000
   4785,   |   8243.700 |   9153.613 |   753.327 |   8214.000 |   2098.000 |    99.000
   4786,   |   8243.700 |   9208.125 |   702.270 |   8214.000 |   2098.000 |    99.000
   4787,   |   8243.700 |   9219.388 |   701.932 |   8214.000 |   2098.000 |    99.000
   4788,   |   8243.700 |   9047.182 |   641.884 |   8214.000 |   2098.000 |    99.000
   4789,   |   8243.700 |   9246.595 |   706.594 |   8214.000 |   2098.000 |    99.000
   4790,   |   8243.700 |   9089.794 |   549.557 |   8214.000 |   2098.000 |    99.000
   4791,   |   8243.700 |   9198.443 |   658.623 |   8214.000 |   2098.000 |    99.000
   4792,   |   8243.700 |   9258.959 |   654.397 |   8214.000 |   2098.000 |    99.000
   4793,   |   8243.700 |   9232.202 |   688.991 |   8214.000 |   2098.000 |    99.000
   4794,   |   8243.700 |   9104.903 |   589.154 |   8214.000 |   2098.000 |    99.000
   4795,   |   8242.700 |   9244.102 |   641.644 |   8213.000 |   2098.000 |    99.000
   4796,   |   8242.700 |   9256.127 |   737.297 |   8213.000 |   2098.000 |    99.000
   4797,   |   8242.700 |   9111.076 |   522.893 |   8213.000 |   2098.000 |    99.000
   4798,   |   8242.700 |   9326.938 |   695.891 |   8213.000 |   2098.000 |    99.000
   4799,   |   8242.700 |   9544.361 |   783.646 |   8213.000 |   2098.000 |    99.000
   4800,   |   8242.700 |   9431.416 |   795.590 |   8213.000 |   2098.000 |    99.000
   4801,   |   8242.700 |   9454.069 |   808.057 |   8213.000 |   2098.000 |    99.000
   4802,   |   8242.700 |   9356.701 |   720.321 |   8213.000 |   2098.000 |    99.000
   4803,   |   8242.700 |   9455.803 |   779.506 |   8213.000 |   2098.000 |    99.000
   4804,   |   8242.700 |   9498.588 |   733.217 |   8213.000 |   2098.000 |    99.000
   4805,   |   8242.700 |   9329.477 |   744.903 |   8213.000 |   2098.000 |    99.000
   4806,   |   8242.700 |   9288.763 |   672.729 |   8213.000 |   2098.000 |    99.000
   4807,   |   8242.700 |   9398.941 |   735.204 |   8213.000 |   2098.000 |    99.000
   4808,   |   8242.700 |   9079.420 |   679.739 |   8213.000 |   2098.000 |    99.000
   4809,   |   8242.700 |   9146.977 |   565.276 |   8213.000 |   2098.000 |    99.000
   4810,   |   8242.700 |   9301.375 |   719.406 |   8213.000 |   2098.000 |    99.000
   4811,   |   8242.700 |   9171.145 |   615.633 |   8213.000 |   2098.000 |    99.000
   4812,   |   8242.700 |   8994.857 |   558.965 |   8213.000 |   2098.000 |    99.000
   4813,   |   8242.700 |   9113.513 |   638.992 |   8213.000 |   2098.000 |    99.000
   4814,   |   8242.700 |   9171.794 |   661.217 |   8213.000 |   2098.000 |    99.000
   4815,   |   8242.700 |   9306.168 |   812.008 |   8213.000 |   2098.000 |    99.000
   4816,   |   8242.700 |   9206.042 |   706.858 |   8213.000 |   2098.000 |    99.000
   4817,   |   8241.000 |   9190.040 |   606.409 |   8211.000 |   2098.000 |   100.000
   4818,   |   8241.000 |   9276.056 |   788.981 |   8211.000 |   2098.000 |   100.000
   4819,   |   8241.000 |   9109.801 |   641.650 |   8211.000 |   2098.000 |   100.000
   4820,   |   8241.000 |   9282.240 |   679.724 |   8211.000 |   2098.000 |   100.000
   4821,   |   8241.000 |   9169.625 |   710.095 |   8211.000 |   2098.000 |   100.000
   4822,   |   8241.000 |   9006.720 |   570.266 |   8211.000 |   2098.000 |   100.000
   4823,   |   8241.000 |   9013.404 |   580.260 |   8211.000 |   2098.000 |   100.000
   4824,   |   8241.000 |   8986.239 |   627.394 |   8211.000 |   2098.000 |   100.000
   4825,   |   8241.000 |   9123.491 |   648.561 |   8211.000 |   2098.000 |   100.000
   4826,   |   8195.500 |   9136.155 |   721.836 |   8158.000 |   2089.000 |   125.000
   4827,   |   8195.500 |   9317.333 |   870.596 |   8158.000 |   2089.000 |   125.000
   4828,   |   8195.500 |   9235.944 |   680.666 |   8158.000 |   2089.000 |   125.000
   4829,   |   8195.500 |   9411.461 |   819.438 |   8158.000 |   2089.000 |   125.000
   4830,   |   8195.500 |   9439.758 |   693.831 |   8158.000 |   2089.000 |   125.000
   4831,   |   8195.500 |   9565.528 |   862.253 |   8158.000 |   2089.000 |   125.000
   4832,   |   8195.500 |   9577.041 |   761.307 |   8158.000 |   2089.000 |   125.000
   4833,   |   8195.500 |   9452.692 |   867.655 |   8158.000 |   2089.000 |   125.000
   4834,   |   8195.500 |   9567.422 |   926.138 |   8158.000 |   2089.000 |   125.000
   4835,   |   8195.500 |   9434.685 |   766.510 |   8158.000 |   2089.000 |   125.000
   4836,   |   8195.500 |   9500.990 |   872.548 |   8158.000 |   2089.000 |   125.000
   4837,   |   8195.500 |   9293.338 |   742.033 |   8158.000 |   2089.000 |   125.000
   4838,   |   8195.500 |   9333.504 |   722.644 |   8158.000 |   2089.000 |   125.000
   4839,   |   8195.500 |   9395.077 |   837.831 |   8158.000 |   2089.000 |   125.000
   4840,   |   8195.500 |   9392.470 |   783.093 |   8158.000 |   2089.000 |   125.000
   4841,   |   8195.500 |   9245.905 |   722.632 |   8158.000 |   2089.000 |   125.000
   4842,   |   8195.500 |   9359.904 |   761.716 |   8158.000 |   2089.000 |   125.000
   4843,   |   8195.500 |   9403.299 |   787.842 |   8158.000 |   2089.000 |   125.000
   4844,   |   8195.500 |   9511.095 |   769.958 |   8158.000 |   2089.000 |   125.000
   4845,   |   8195.500 |   9608.226 |   812.580 |   8158.000 |   2089.000 |   125.000
   4846,   |   8195.500 |   9477.932 |   702.800 |   8158.000 |   2089.000 |   125.000
   4847,   |   8195.500 |   9482.834 |   750.041 |   8158.000 |   2089.000 |   125.000
   4848,   |   8195.500 |   9613.231 |   931.665 |   8158.000 |   2089.000 |   125.000
   4849,   |   8195.500 |   9487.640 |   864.338 |   8158.000 |   2089.000 |   125.000
   4850,   |   8195.500 |   9694.943 |   767.545 |   8158.000 |   2089.000 |   125.000
   4851,   |   8195.500 |   9693.339 |   849.422 |   8158.000 |   2089.000 |   125.000
   4852,   |   8195.500 |   9416.566 |   799.775 |   8158.000 |   2089.000 |   125.000
   4853,   |   8195.500 |   9322.850 |   807.494 |   8158.000 |   2089.000 |   125.000
   4854,   |   8195.500 |   9335.453 |   784.294 |   8158.000 |   2089.000 |   125.000
   4855,   |   8190.000 |   9253.653 |   779.838 |   8133.000 |   2154.000 |   190.000
   4856,   |   8190.000 |   9234.922 |   674.306 |   8133.000 |   2154.000 |   190.000
   4857,   |   8190.000 |   9275.541 |   673.781 |   8133.000 |   2154.000 |   190.000
   4858,   |   8190.000 |   9174.689 |   615.775 |   8133.000 |   2154.000 |   190.000
   4859,   |   8190.000 |   9177.765 |   623.571 |   8133.000 |   2154.000 |   190.000
   4860,   |   8190.000 |   9219.489 |   680.083 |   8133.000 |   2154.000 |   190.000
   4861,   |   8190.000 |   9120.484 |   683.170 |   8133.000 |   2154.000 |   190.000
   4862,   |   8190.000 |   9046.900 |   627.449 |   8133.000 |   2154.000 |   190.000
   4863,   |   8190.000 |   9008.220 |   570.004 |   8133.000 |   2154.000 |   190.000
   4864,   |   8190.000 |   9110.511 |   666.500 |   8133.000 |   2154.000 |   190.000
   4865,   |   8167.900 |   8997.920 |   621.940 |   8134.000 |   2077.000 |   113.000
   4866,   |   8167.900 |   9048.327 |   609.215 |   8134.000 |   2077.000 |   113.000
   4867,   |   8167.900 |   9035.834 |   612.368 |   8134.000 |   2077.000 |   113.000
   4868,   |   8167.900 |   9203.171 |   722.052 |   8134.000 |   2077.000 |   113.000
   4869,   |   8167.900 |   9143.273 |   699.369 |   8134.000 |   2077.000 |   113.000
   4870,   |   8167.900 |   9147.205 |   741.722 |   8134.000 |   2077.000 |   113.000
   4871,   |   8167.900 |   9076.447 |   587.718 |   8134.000 |   2077.000 |   113.000
   4872,   |   8167.900 |   9122.074 |   654.234 |   8134.000 |   2077.000 |   113.000
   4873,   |   8167.900 |   9088.187 |   695.569 |   8134.000 |   2077.000 |   113.000
   4874,   |   8167.900 |   9015.340 |   653.236 |   8134.000 |   2077.000 |   113.000
   4875,   |   8167.900 |   8939.336 |   556.704 |   8134.000 |   2077.000 |   113.000
   4876,   |   8167.900 |   8994.807 |   597.317 |   8134.000 |   2077.000 |   113.000
   4877,   |   8167.900 |   9046.206 |   642.760 |   8134.000 |   2077.000 |   113.000
   4878,   |   8167.900 |   9067.058 |   685.295 |   8134.000 |   2077.000 |   113.000
   4879,   |   8167.900 |   9134.169 |   719.118 |   8134.000 |   2077.000 |   113.000
   4880,   |   8167.900 |   8934.351 |   569.762 |   8134.000 |   2077.000 |   113.000
   4881,   |   8167.900 |   9027.681 |   670.028 |   8134.000 |   2077.000 |   113.000
   4882,   |   8167.900 |   9038.865 |   721.414 |   8134.000 |   2077.000 |   113.000
   4883,   |   8167.900 |   9109.331 |   686.806 |   8134.000 |   2077.000 |   113.000
   4884,   |   8167.900 |   9175.065 |   781.433 |   8134.000 |   2077.000 |   113.000
   4885,   |   8167.900 |   9066.176 |   632.132 |   8134.000 |   2077.000 |   113.000
   4886,   |   8167.900 |   9068.663 |   652.038 |   8134.000 |   2077.000 |   113.000
   4887,   |   8167.900 |   9092.253 |   700.833 |   8134.000 |   2077.000 |   113.000
   4888,   |   8167.900 |   9127.972 |   674.568 |   8134.000 |   2077.000 |   113.000
   4889,   |   8167.900 |   9086.622 |   713.414 |   8134.000 |   2077.000 |   113.000
   4890,   |   8167.900 |   8991.910 |   596.309 |   8134.000 |   2077.000 |   113.000
   4891,   |   8167.900 |   9011.791 |   571.935 |   8134.000 |   2077.000 |   113.000
   4892,   |   8167.900 |   9011.062 |   576.810 |   8134.000 |   2077.000 |   113.000
   4893,   |   8167.900 |   9102.937 |   631.508 |   8134.000 |   2077.000 |   113.000
   4894,   |   8167.900 |   9115.765 |   676.431 |   8134.000 |   2077.000 |   113.000
   4895,   |   8167.900 |   9099.327 |   694.468 |   8134.000 |   2077.000 |   113.000
   4896,   |   8167.900 |   9088.914 |   680.294 |   8134.000 |   2077.000 |   113.000
   4897,   |   8167.900 |   9119.749 |   696.779 |   8134.000 |   2077.000 |   113.000
   4898,   |   8167.900 |   9093.694 |   701.672 |   8134.000 |   2077.000 |   113.000
   4899,   |   8160.900 |   9240.204 |   617.026 |   8127.000 |   2077.000 |   113.000
   4900,   |   8160.900 |   9189.959 |   676.786 |   8127.000 |   2077.000 |   113.000
   4901,   |   8160.900 |   9183.114 |   662.405 |   8127.000 |   2077.000 |   113.000
   4902,   |   8160.900 |   9217.010 |   673.722 |   8127.000 |   2077.000 |   113.000
   4903,   |   8160.900 |   9274.202 |   766.156 |   8127.000 |   2077.000 |   113.000
   4904,   |   8160.900 |   9221.448 |   601.248 |   8127.000 |   2077.000 |   113.000
   4905,   |   8160.900 |   9238.686 |   778.126 |   8127.000 |   2077.000 |   113.000
   4906,   |   8160.900 |   9215.561 |   751.691 |   8127.000 |   2077.000 |   113.000
   4907,   |   8160.900 |   9291.539 |   686.264 |   8127.000 |   2077.000 |   113.000
   4908,   |   8160.900 |   9138.736 |   627.341 |   8127.000 |   2077.000 |   113.000
   4909,   |   8160.900 |   9142.499 |   595.517 |   8127.000 |   2077.000 |   113.000
   4910,   |   8160.900 |   9234.456 |   727.084 |   8127.000 |   2077.000 |   113.000
   4911,   |   8160.900 |   9251.659 |   737.414 |   8127.000 |   2077.000 |   113.000
   4912,   |   8160.900 |   9090.193 |   683.242 |   8127.000 |   2077.000 |   113.000
   4913,   |   8160.900 |   9166.421 |   641.394 |   8127.000 |   2077.000 |   113.000
   4914,   |   8160.900 |   9235.261 |   610.477 |   8127.000 |   2077.000 |   113.000
   4915,   |   8160.900 |   9466.053 |   850.825 |   8127.000 |   2077.000 |   113.000
   4916,   |   8160.900 |   9233.933 |   677.278 |   8127.000 |   2077.000 |   113.000
   4917,   |   8160.900 |   9060.711 |   592.814 |   8127.000 |   2077.000 |   113.000
   4918,   |   8160.900 |   9105.628 |   696.981 |   8127.000 |   2077.000 |   113.000
   4919,   |   8160.900 |   9119.894 |   624.542 |   8127.000 |   2077.000 |   113.000
   4920,   |   8160.900 |   9065.930 |   622.432 |   8127.000 |   2077.000 |   113.000
   4921,   |   8160.900 |   9130.589 |   676.310 |   8127.000 |   2077.000 |   113.000
   4922,   |   8160.900 |   8971.512 |   543.690 |   8127.000 |   2077.000 |   113.000
   4923,   |   8160.900 |   9280.736 |   680.399 |   8127.000 |   2077.000 |   113.000
   4924,   |   8160.900 |   9194.990 |   690.792 |   8127.000 |   2077.000 |   113.000
   4925,   |   8160.900 |   9192.176 |   666.237 |   8127.000 |   2077.000 |   113.000
   4926,   |   8160.900 |   9213.459 |   677.999 |   8127.000 |   2077.000 |   113.000
   4927,   |   8160.900 |   9251.414 |   652.889 |   8127.000 |   2077.000 |   113.000
   4928,   |   8160.900 |   9269.279 |   713.858 |   8127.000 |   2077.000 |   113.000
   4929,   |   8160.900 |   9142.417 |   630.340 |   8127.000 |   2077.000 |   113.000
   4930,   |   8160.900 |   9225.671 |   689.138 |   8127.000 |   2077.000 |   113.000
   4931,   |   8160.900 |   9299.387 |   767.710 |   8127.000 |   2077.000 |   113.000
   4932,   |   8160.900 |   9304.469 |   645.065 |   8127.000 |   2077.000 |   113.000
   4933,   |   8160.900 |   9406.889 |   727.619 |   8127.000 |   2077.000 |   113.000
   4934,   |   8160.900 |   9275.995 |   686.013 |   8127.000 |   2077.000 |   113.000
   4935,   |   8160.900 |   9375.627 |   770.910 |   8127.000 |   2077.000 |   113.000
   4936,   |   8160.900 |   9413.110 |   752.123 |   8127.000 |   2077.000 |   113.000
   4937,   |   8160.900 |   9555.381 |   807.976 |   8127.000 |   2077.000 |   113.000
   4938,   |   8160.900 |   9460.315 |   738.240 |   8127.000 |   2077.000 |   113.000
   4939,   |   8160.900 |   9435.507 |   754.962 |   8127.000 |   2077.000 |   113.000
   4940,   |   8160.900 |   9405.001 |   770.958 |   8127.000 |   2077.000 |   113.000
   4941,   |   8160.900 |   9462.306 |   657.276 |   8127.000 |   2077.000 |   113.000
   4942,   |   8160.900 |   9526.401 |   825.920 |   8127.000 |   2077.000 |   113.000
   4943,   |   8160.900 |   9434.258 |   761.394 |   8127.000 |   2077.000 |   113.000
   4944,   |   8160.900 |   9233.925 |   609.045 |   8127.000 |   2077.000 |   113.000
   4945,   |   8160.900 |   9063.761 |   607.838 |   8127.000 |   2077.000 |   113.000
   4946,   |   8160.900 |   9197.902 |   642.864 |   8127.000 |   2077.000 |   113.000
   4947,   |   8160.900 |   9236.926 |   686.563 |   8127.000 |   2077.000 |   113.000
   4948,   |   8160.900 |   9237.473 |   583.155 |   8127.000 |   2077.000 |   113.000
   4949,   |   8160.900 |   9398.741 |   782.680 |   8127.000 |   2077.000 |   113.000
   4950,   |   8160.900 |   9437.512 |   824.104 |   8127.000 |   2077.000 |   113.000
   4951,   |   8160.900 |   9304.837 |   896.323 |   8127.000 |   2077.000 |   113.000
   4952,   |   8155.900 |   9281.174 |   764.980 |   8122.000 |   2077.000 |   113.000
   4953,   |   8155.900 |   9192.065 |   634.860 |   8122.000 |   2077.000 |   113.000
   4954,   |   8155.900 |   9046.711 |   701.299 |   8122.000 |   2077.000 |   113.000
   4955,   |   8155.900 |   9083.590 |   676.613 |   8122.000 |   2077.000 |   113.000
   4956,   |   8155.900 |   9155.573 |   638.845 |   8122.000 |   2077.000 |   113.000
   4957,   |   8155.900 |   9146.371 |   654.196 |   8122.000 |   2077.000 |   113.000
   4958,   |   8155.900 |   9228.540 |   691.295 |   8122.000 |   2077.000 |   113.000
   4959,   |   8155.900 |   9233.403 |   656.502 |   8122.000 |   2077.000 |   113.000
   4960,   |   8155.900 |   9224.769 |   638.029 |   8122.000 |   2077.000 |   113.000
   4961,   |   8155.900 |   9256.249 |   653.172 |   8122.000 |   2077.000 |   113.000
   4962,   |   8155.900 |   9328.004 |   730.935 |   8122.000 |   2077.000 |   113.000
   4963,   |   8155.900 |   9178.792 |   718.279 |   8122.000 |   2077.000 |   113.000
   4964,   |   8155.900 |   9224.191 |   614.411 |   8122.000 |   2077.000 |   113.000
   4965,   |   8155.900 |   9124.053 |   634.395 |   8122.000 |   2077.000 |   113.000
   4966,   |   8155.900 |   9290.646 |   695.257 |   8122.000 |   2077.000 |   113.000
   4967,   |   8155.900 |   9230.152 |   581.721 |   8122.000 |   2077.000 |   113.000
   4968,   |   8155.900 |   9373.947 |   760.778 |   8122.000 |   2077.000 |   113.000
   4969,   |   8151.900 |   9330.714 |   715.101 |   8103.000 |   2127.000 |   163.000
   4970,   |   8151.900 |   9163.864 |   646.670 |   8103.000 |   2127.000 |   163.000
   4971,   |   8151.900 |   9163.252 |   691.955 |   8103.000 |   2127.000 |   163.000
   4972,   |   8151.900 |   9098.350 |   628.849 |   8103.000 |   2127.000 |   163.000
   4973,   |   8133.000 |   9255.085 |   708.363 |   8100.000 |   2074.000 |   110.000
   4974,   |   8133.000 |   9188.366 |   699.387 |   8100.000 |   2074.000 |   110.000
   4975,   |   8133.000 |   9211.676 |   704.445 |   8100.000 |   2074.000 |   110.000
   4976,   |   8133.000 |   9134.023 |   643.807 |   8100.000 |   2074.000 |   110.000
   4977,   |   8133.000 |   9203.521 |   750.436 |   8100.000 |   2074.000 |   110.000
   4978,   |   8133.000 |   9135.410 |   668.657 |   8100.000 |   2074.000 |   110.000
   4979,   |   8133.000 |   9174.511 |   668.206 |   8100.000 |   2074.000 |   110.000
   4980,   |   8133.000 |   9123.112 |   718.792 |   8100.000 |   2074.000 |   110.000
   4981,   |   8133.000 |   9100.501 |   672.032 |   8100.000 |   2074.000 |   110.000
   4982,   |   8133.000 |   9029.437 |   591.215 |   8100.000 |   2074.000 |   110.000
   4983,   |   8133.000 |   9000.010 |   625.686 |   8100.000 |   2074.000 |   110.000
   4984,   |   8133.000 |   9114.573 |   711.402 |   8100.000 |   2074.000 |   110.000
   4985,   |   8133.000 |   9086.921 |   694.398 |   8100.000 |   2074.000 |   110.000
   4986,   |   8133.000 |   9161.478 |   686.342 |   8100.000 |   2074.000 |   110.000
   4987,   |   8133.000 |   9026.429 |   638.596 |   8100.000 |   2074.000 |   110.000
   4988,   |   8121.300 |   9022.701 |   656.360 |   8091.000 |   2065.000 |   101.000
   4989,   |   8121.300 |   9069.990 |   682.019 |   8091.000 |   2065.000 |   101.000
   4990,   |   8121.300 |   9041.730 |   629.357 |   8091.000 |   2065.000 |   101.000
   4991,   |   8121.300 |   9178.082 |   695.236 |   8091.000 |   2065.000 |   101.000
   4992,   |   8121.300 |   9068.409 |   650.791 |   8091.000 |   2065.000 |   101.000
   4993,   |   8121.300 |   9147.892 |   688.732 |   8091.000 |   2065.000 |   101.000
   4994,   |   8121.300 |   9171.633 |   717.255 |   8091.000 |   2065.000 |   101.000
   4995,   |   8121.300 |   9156.345 |   646.863 |   8091.000 |   2065.000 |   101.000
   4996,   |   8121.300 |   9090.168 |   611.849 |   8091.000 |   2065.000 |   101.000
   4997,   |   8121.300 |   9157.279 |   708.843 |   8091.000 |   2065.000 |   101.000
   4998,   |   8121.300 |   9038.319 |   702.578 |   8091.000 |   2065.000 |   101.000
   4999,   |   8121.300 |   9028.156 |   677.827 |   8091.000 |   2065.000 |   101.000
   5000,   |   8121.300 |   9012.166 |   627.387 |   8091.000 |   2065.000 |   101.000