# discrete GA / TSP-MTSP log
# cities=225  m=1  pop=100  gens=5000  pc=0.700  pm=0.700  seed=1001  bal=0.300

generation |   best    |  average  | std    | best_total | best_max  | spread
      1,   |  37069.000 |  39909.720 |   884.571 |  37069.000 |  37069.000 |     0.000
      2,   |  37069.000 |  39049.790 |   829.086 |  37069.000 |  37069.000 |     0.000
      3,   |  36117.000 |  38207.700 |   838.513 |  36117.000 |  36117.000 |     0.000
      4,   |  35674.000 |  37753.620 |  1050.994 |  35674.000 |  35674.000 |     0.000
      5,   |  35383.000 |  37080.680 |   957.504 |  35383.000 |  35383.000 |     0.000
      6,   |  35128.000 |  36163.950 |   602.621 |  35128.000 |  35128.000 |     0.000
      7,   |  34707.000 |  35700.170 |   340.873 |  34707.000 |  34707.000 |     0.000
      8,   |  34659.000 |  35455.510 |   390.305 |  34659.000 |  34659.000 |     0.000
      9,   |  34382.000 |  35077.600 |   346.416 |  34382.000 |  34382.000 |     0.000
     10,   |  33989.000 |  34915.620 |   398.682 |  33989.000 |  33989.000 |     0.000
     11,   |  33811.000 |  34661.380 |   438.486 |  33811.000 |  33811.000 |     0.000
     12,   |  32899.000 |  34354.510 |   435.639 |  32899.000 |  32899.000 |     0.000
     13,   |  32670.000 |  33957.740 |   513.044 |  32670.000 |  32670.000 |     0.000
     14,   |  32670.000 |  33536.740 |   489.719 |  32670.000 |  32670.000 |     0.000
     15,   |  32439.000 |  33140.070 |   392.657 |  32439.000 |  32439.000 |     0.000
     16,   |  31441.000 |  32886.840 |   515.156 |  31441.000 |  31441.000 |     0.000
     17,   |  30612.000 |  32494.770 |   538.623 |  30612.000 |  30612.000 |     0.000
     18,   |  30612.000 |  32101.120 |   505.753 |  30612.000 |  30612.000 |     0.000
     19,   |  30612.000 |  31617.650 |   545.938 |  30612.000 |  30612.000 |     0.000
     20,   |  30379.000 |  31163.130 |   534.936 |  30379.000 |  30379.000 |     0.000
     21,   |  30336.000 |  30807.060 |   292.735 |  30336.000 |  30336.000 |     0.000
     22,   |  30129.000 |  30764.300 |   351.674 |  30129.000 |  30129.000 |     0.000
     23,   |  30028.000 |  30644.270 |   393.157 |  30028.000 |  30028.000 |     0.000
     24,   |  29930.000 |  30529.320 |   361.072 |  29930.000 |  29930.000 |     0.000
     25,   |  29566.000 |  30471.230 |   449.471 |  29566.000 |  29566.000 |     0.000
     26,   |  29384.000 |  30319.730 |   472.819 |  29384.000 |  29384.000 |     0.000
     27,   |  29029.000 |  30077.980 |   492.987 |  29029.000 |  29029.000 |     0.000
     28,   |  28907.000 |  29781.770 |   472.786 |  28907.000 |  28907.000 |     0.000
     29,   |  28788.000 |  29581.640 |   476.473 |  28788.000 |  28788.000 |     0.000
     30,   |  28482.000 |  29325.760 |   379.531 |  28482.000 |  28482.000 |     0.000
     31,   |  28397.000 |  29108.220 |   370.022 |  28397.000 |  28397.000 |     0.000
     32,   |  28381.000 |  28997.890 |   415.941 |  28381.000 |  28381.000 |     0.000
     33,   |  27877.000 |  28662.520 |   355.321 |  27877.000 |  27877.000 |     0.000
     34,   |  27306.000 |  28465.490 |   356.555 |  27306.000 |  27306.000 |     0.000
     35,   |  27215.000 |  28224.680 |   378.529 |  27215.000 |  27215.000 |     0.000
     36,   |  27215.000 |  28020.540 |   438.847 |  27215.000 |  27215.000 |     0.000
     37,   |  26977.000 |  27735.180 |   375.795 |  26977.000 |  26977.000 |     0.000
     38,   |  26793.000 |  27606.480 |   394.064 |  26793.000 |  26793.000 |     0.000
     39,   |  26637.000 |  27407.940 |   411.799 |  26637.000 |  26637.000 |     0.000
     40,   |  26637.000 |  27191.030 |   356.899 |  26637.000 |  26637.000 |     0.000
     41,   |  26594.000 |  27189.820 |   390.443 |  26594.000 |  26594.000 |     0.000
     42,   |  26170.000 |  27088.080 |   396.018 |  26170.000 |  26170.000 |     0.000
     43,   |  25780.000 |  26925.290 |   394.029 |  25780.000 |  25780.000 |     0.000
     44,   |  25780.000 |  26825.480 |   513.897 |  25780.000 |  25780.000 |     0.000
     45,   |  25743.000 |  26645.190 |   434.980 |  25743.000 |  25743.000 |     0.000
     46,   |  25722.000 |  26464.560 |   403.500 |  25722.000 |  25722.000 |     0.000
     47,   |  25353.000 |  26267.900 |   431.593 |  25353.000 |  25353.000 |     0.000
     48,   |  25345.000 |  25987.990 |   358.334 |  25345.000 |  25345.000 |     0.000
     49,   |  25257.000 |  25998.100 |   404.167 |  25257.000 |  25257.000 |     0.000
     50,   |  25052.000 |  25751.710 |   373.346 |  25052.000 |  25052.000 |     0.000
     51,   |  25052.000 |  25614.440 |   321.416 |  25052.000 |  25052.000 |     0.000
     52,   |  24953.000 |  25536.390 |   373.413 |  24953.000 |  24953.000 |     0.000
     53,   |  24646.000 |  25451.110 |   419.856 |  24646.000 |  24646.000 |     0.000
     54,   |  24619.000 |  25232.990 |   382.106 |  24619.000 |  24619.000 |     0.000
     55,   |  24379.000 |  25156.520 |   389.626 |  24379.000 |  24379.000 |     0.000
     56,   |  24379.000 |  24997.580 |   410.166 |  24379.000 |  24379.000 |     0.000
     57,   |  24158.000 |  24908.860 |   401.754 |  24158.000 |  24158.000 |     0.000
     58,   |  24144.000 |  24862.090 |   434.850 |  24144.000 |  24144.000 |     0.000
     59,   |  24058.000 |  24807.870 |   482.208 |  24058.000 |  24058.000 |     0.000
     60,   |  23984.000 |  24609.620 |   381.944 |  23984.000 |  23984.000 |     0.000
     61,   |  23921.000 |  24570.120 |   412.182 |  23921.000 |  23921.000 |     0.000
     62,   |  23567.000 |  24555.940 |   490.955 |  23567.000 |  23567.000 |     0.000
     63,   |  23401.000 |  24398.380 |   486.465 |  23401.000 |  23401.000 |     0.000
     64,   |  23401.000 |  24296.210 |   488.377 |  23401.000 |  23401.000 |     0.000
     65,   |  23351.000 |  24048.380 |   452.611 |  23351.000 |  23351.000 |     0.000
     66,   |  23166.000 |  23983.000 |   431.018 |  23166.000 |  23166.000 |     0.000
     67,   |  22935.000 |  23810.210 |   401.423 |  22935.000 |  22935.000 |     0.000
     68,   |  22793.000 |  23718.960 |   497.120 |  22793.000 |  22793.000 |     0.000
     69,   |  22793.000 |  23517.680 |   460.626 |  22793.000 |  22793.000 |     0.000
     70,   |  22670.000 |  23262.520 |   398.149 |  22670.000 |  22670.000 |     0.000
     71,   |  22649.000 |  23053.650 |   299.315 |  22649.000 |  22649.000 |     0.000
     72,   |  22448.000 |  23028.230 |   349.912 |  22448.000 |  22448.000 |     0.000
     73,   |  22448.000 |  22993.310 |   413.231 |  22448.000 |  22448.000 |     0.000
     74,   |  22272.000 |  22937.570 |   419.326 |  22272.000 |  22272.000 |     0.000
     75,   |  22242.000 |  22909.570 |   428.592 |  22242.000 |  22242.000 |     0.000
     76,   |  22185.000 |  22762.920 |   398.752 |  22185.000 |  22185.000 |     0.000
     77,   |  22185.000 |  22751.570 |   457.701 |  22185.000 |  22185.000 |     0.000
     78,   |  22114.000 |  22690.200 |   421.771 |  22114.000 |  22114.000 |     0.000
     79,   |  22008.000 |  22535.340 |   407.861 |  22008.000 |  22008.000 |     0.000
     80,   |  21965.000 |  22411.490 |   338.197 |  21965.000 |  21965.000 |     0.000
     81,   |  21921.000 |  22437.380 |   418.460 |  21921.000 |  21921.000 |     0.000
     82,   |  21818.000 |  22343.560 |   386.870 |  21818.000 |  21818.000 |     0.000
     83,   |  21769.000 |  22320.170 |   411.450 |  21769.000 |  21769.000 |     0.000
     84,   |  21626.000 |  22314.020 |   438.318 |  21626.000 |  21626.000 |     0.000
     85,   |  21618.000 |  22327.140 |   425.202 |  21618.000 |  21618.000 |     0.000
     86,   |  21506.000 |  22289.660 |   473.390 |  21506.000 |  21506.000 |     0.000
     87,   |  21404.000 |  22247.230 |   499.338 |  21404.000 |  21404.000 |     0.000
     88,   |  21325.000 |  22183.120 |   516.659 |  21325.000 |  21325.000 |     0.000
     89,   |  21238.000 |  22093.290 |   530.488 |  21238.000 |  21238.000 |     0.000
     90,   |  21061.000 |  21931.240 |   527.909 |  21061.000 |  21061.000 |     0.000
     91,   |  20970.000 |  21732.550 |   421.003 |  20970.000 |  20970.000 |     0.000
     92,   |  20949.000 |  21745.670 |   491.272 |  20949.000 |  20949.000 |     0.000
     93,   |  20876.000 |  21665.110 |   581.048 |  20876.000 |  20876.000 |     0.000
     94,   |  20876.000 |  21620.410 |   517.427 |  20876.000 |  20876.000 |     0.000
     95,   |  20844.000 |  21369.800 |   383.744 |  20844.000 |  20844.000 |     0.000
     96,   |  20771.000 |  21246.740 |   377.578 |  20771.000 |  20771.000 |     0.000
     97,   |  20688.000 |  21251.200 |   387.928 |  20688.000 |  20688.000 |     0.000
     98,   |  20688.000 |  21289.780 |   424.868 |  20688.000 |  20688.000 |     0.000
     99,   |  20651.000 |  21171.800 |   413.315 |  20651.000 |  20651.000 |     0.000
    100,   |  20570.000 |  20958.820 |   329.577 |  20570.000 |  20570.000 |     0.000
    101,   |  20446.000 |  20847.820 |   245.437 |  20446.000 |  20446.000 |     0.000
    102,   |  20446.000 |  20919.240 |   347.916 |  20446.000 |  20446.000 |     0.000
    103,   |  20385.000 |  21037.870 |   457.226 |  20385.000 |  20385.000 |     0.000
    104,   |  20326.000 |  20951.330 |   413.761 |  20326.000 |  20326.000 |     0.000
    105,   |  20224.000 |  20953.930 |   462.649 |  20224.000 |  20224.000 |     0.000
    106,   |  20224.000 |  20896.830 |   446.799 |  20224.000 |  20224.000 |     0.000
    107,   |  20147.000 |  20883.890 |   507.474 |  20147.000 |  20147.000 |     0.000
    108,   |  20147.000 |  20728.530 |   425.268 |  20147.000 |  20147.000 |     0.000
    109,   |  20078.000 |  20602.120 |   367.850 |  20078.000 |  20078.000 |     0.000
    110,   |  20078.000 |  20573.300 |   363.405 |  20078.000 |  20078.000 |     0.000
    111,   |  20011.000 |  20547.480 |   421.003 |  20011.000 |  20011.000 |     0.000
    112,   |  20011.000 |  20521.230 |   423.279 |  20011.000 |  20011.000 |     0.000
    113,   |  19912.000 |  20469.410 |   412.084 |  19912.000 |  19912.000 |     0.000
    114,   |  19912.000 |  20443.810 |   444.297 |  19912.000 |  19912.000 |     0.000
    115,   |  19901.000 |  20299.970 |   381.115 |  19901.000 |  19901.000 |     0.000
    116,   |  19812.000 |  20282.820 |   364.957 |  19812.000 |  19812.000 |     0.000
    117,   |  19738.000 |  20276.500 |   403.009 |  19738.000 |  19738.000 |     0.000
    118,   |  19738.000 |  20221.050 |   358.445 |  19738.000 |  19738.000 |     0.000
    119,   |  19676.000 |  20249.420 |   383.414 |  19676.000 |  19676.000 |     0.000
    120,   |  19514.000 |  20191.410 |   394.973 |  19514.000 |  19514.000 |     0.000
    121,   |  19498.000 |  20151.420 |   403.226 |  19498.000 |  19498.000 |     0.000
    122,   |  19317.000 |  20058.060 |   433.244 |  19317.000 |  19317.000 |     0.000
    123,   |  19317.000 |  19924.050 |   398.280 |  19317.000 |  19317.000 |     0.000
    124,   |  19233.000 |  19794.790 |   342.016 |  19233.000 |  19233.000 |     0.000
    125,   |  19136.000 |  19782.020 |   488.732 |  19136.000 |  19136.000 |     0.000
    126,   |  19136.000 |  19641.670 |   374.560 |  19136.000 |  19136.000 |     0.000
    127,   |  19113.000 |  19599.410 |   367.014 |  19113.000 |  19113.000 |     0.000
    128,   |  19060.000 |  19495.050 |   322.254 |  19060.000 |  19060.000 |     0.000
    129,   |  18975.000 |  19491.710 |   365.128 |  18975.000 |  18975.000 |     0.000
    130,   |  18962.000 |  19514.690 |   385.306 |  18962.000 |  18962.000 |     0.000
    131,   |  18931.000 |  19487.770 |   441.547 |  18931.000 |  18931.000 |     0.000
    132,   |  18924.000 |  19389.110 |   343.938 |  18924.000 |  18924.000 |     0.000
    133,   |  18886.000 |  19419.180 |   343.083 |  18886.000 |  18886.000 |     0.000
    134,   |  18858.000 |  19376.810 |   377.255 |  18858.000 |  18858.000 |     0.000
    135,   |  18680.000 |  19386.470 |   443.173 |  18680.000 |  18680.000 |     0.000
    136,   |  18680.000 |  19290.370 |   406.808 |  18680.000 |  18680.000 |     0.000
    137,   |  18664.000 |  19298.890 |   425.003 |  18664.000 |  18664.000 |     0.000
    138,   |  18664.000 |  19191.210 |   446.789 |  18664.000 |  18664.000 |     0.000
    139,   |  18606.000 |  18990.540 |   304.212 |  18606.000 |  18606.000 |     0.000
    140,   |  18606.000 |  18900.320 |   237.976 |  18606.000 |  18606.000 |     0.000
    141,   |  18438.000 |  18931.630 |   332.646 |  18438.000 |  18438.000 |     0.000
    142,   |  18438.000 |  19033.180 |   428.576 |  18438.000 |  18438.000 |     0.000
    143,   |  18427.000 |  18918.110 |   369.639 |  18427.000 |  18427.000 |     0.000
    144,   |  18427.000 |  19003.450 |   398.463 |  18427.000 |  18427.000 |     0.000
    145,   |  18399.000 |  18858.260 |   414.695 |  18399.000 |  18399.000 |     0.000
    146,   |  18364.000 |  18775.400 |   385.031 |  18364.000 |  18364.000 |     0.000
    147,   |  18364.000 |  18844.230 |   400.695 |  18364.000 |  18364.000 |     0.000
    148,   |  18361.000 |  18774.300 |   395.566 |  18361.000 |  18361.000 |     0.000
    149,   |  18341.000 |  18765.260 |   372.842 |  18341.000 |  18341.000 |     0.000
    150,   |  18216.000 |  18881.820 |   456.868 |  18216.000 |  18216.000 |     0.000
    151,   |  18216.000 |  18850.550 |   467.267 |  18216.000 |  18216.000 |     0.000
    152,   |  18180.000 |  18767.520 |   413.340 |  18180.000 |  18180.000 |     0.000
    153,   |  18126.000 |  18813.670 |   452.153 |  18126.000 |  18126.000 |     0.000
    154,   |  18064.000 |  18549.060 |   396.672 |  18064.000 |  18064.000 |     0.000
    155,   |  18058.000 |  18534.540 |   399.848 |  18058.000 |  18058.000 |     0.000
    156,   |  17978.000 |  18652.460 |   459.278 |  17978.000 |  17978.000 |     0.000
    157,   |  17978.000 |  18457.120 |   346.326 |  17978.000 |  17978.000 |     0.000
    158,   |  17978.000 |  18461.320 |   414.058 |  17978.000 |  17978.000 |     0.000
    159,   |  17932.000 |  18435.840 |   347.108 |  17932.000 |  17932.000 |     0.000
    160,   |  17907.000 |  18406.630 |   356.695 |  17907.000 |  17907.000 |     0.000
    161,   |  17818.000 |  18420.830 |   386.371 |  17818.000 |  17818.000 |     0.000
    162,   |  17818.000 |  18418.710 |   407.511 |  17818.000 |  17818.000 |     0.000
    163,   |  17818.000 |  18302.600 |   349.441 |  17818.000 |  17818.000 |     0.000
    164,   |  17751.000 |  18335.880 |   394.235 |  17751.000 |  17751.000 |     0.000
    165,   |  17653.000 |  18297.260 |   438.115 |  17653.000 |  17653.000 |     0.000
    166,   |  17653.000 |  18362.870 |   504.105 |  17653.000 |  17653.000 |     0.000
    167,   |  17622.000 |  18138.000 |   420.674 |  17622.000 |  17622.000 |     0.000
    168,   |  17622.000 |  18105.860 |   371.627 |  17622.000 |  17622.000 |     0.000
    169,   |  17496.000 |  18165.710 |   416.441 |  17496.000 |  17496.000 |     0.000
    170,   |  17496.000 |  18150.820 |   440.704 |  17496.000 |  17496.000 |     0.000
    171,   |  17496.000 |  18150.630 |   475.449 |  17496.000 |  17496.000 |     0.000
    172,   |  17496.000 |  18111.240 |   455.707 |  17496.000 |  17496.000 |     0.000
    173,   |  17461.000 |  18047.730 |   375.149 |  17461.000 |  17461.000 |     0.000
    174,   |  17461.000 |  17961.450 |   436.823 |  17461.000 |  17461.000 |     0.000
    175,   |  17377.000 |  17829.560 |   361.160 |  17377.000 |  17377.000 |     0.000
    176,   |  17353.000 |  17862.970 |   401.206 |  17353.000 |  17353.000 |     0.000
    177,   |  17246.000 |  17955.660 |   472.227 |  17246.000 |  17246.000 |     0.000
    178,   |  17246.000 |  17872.690 |   450.137 |  17246.000 |  17246.000 |     0.000
    179,   |  17245.000 |  17910.950 |   458.071 |  17245.000 |  17245.000 |     0.000
    180,   |  17245.000 |  17845.410 |   405.218 |  17245.000 |  17245.000 |     0.000
    181,   |  17150.000 |  17786.870 |   432.441 |  17150.000 |  17150.000 |     0.000
    182,   |  17025.000 |  17814.470 |   453.095 |  17025.000 |  17025.000 |     0.000
    183,   |  17021.000 |  17596.420 |   420.920 |  17021.000 |  17021.000 |     0.000
    184,   |  16978.000 |  17479.790 |   401.563 |  16978.000 |  16978.000 |     0.000
    185,   |  16971.000 |  17482.300 |   422.555 |  16971.000 |  16971.000 |     0.000
    186,   |  16933.000 |  17428.390 |   380.211 |  16933.000 |  16933.000 |     0.000
    187,   |  16902.000 |  17503.260 |   412.332 |  16902.000 |  16902.000 |     0.000
    188,   |  16871.000 |  17519.860 |   482.509 |  16871.000 |  16871.000 |     0.000
    189,   |  16757.000 |  17511.060 |   462.873 |  16757.000 |  16757.000 |     0.000
    190,   |  16757.000 |  17455.310 |   506.569 |  16757.000 |  16757.000 |     0.000
    191,   |  16595.000 |  17435.160 |   441.778 |  16595.000 |  16595.000 |     0.000
    192,   |  16595.000 |  17336.130 |   490.226 |  16595.000 |  16595.000 |     0.000
    193,   |  16588.000 |  17308.010 |   511.860 |  16588.000 |  16588.000 |     0.000
    194,   |  16588.000 |  17156.570 |   439.161 |  16588.000 |  16588.000 |     0.000
    195,   |  16545.000 |  17127.960 |   444.333 |  16545.000 |  16545.000 |     0.000
    196,   |  16437.000 |  16931.070 |   388.531 |  16437.000 |  16437.000 |     0.000
    197,   |  16437.000 |  16919.750 |   403.593 |  16437.000 |  16437.000 |     0.000
    198,   |  16384.000 |  16908.480 |   357.785 |  16384.000 |  16384.000 |     0.000
    199,   |  16279.000 |  16934.040 |   384.573 |  16279.000 |  16279.000 |     0.000
    200,   |  16279.000 |  16905.050 |   433.335 |  16279.000 |  16279.000 |     0.000
    201,   |  16279.000 |  16924.160 |   436.507 |  16279.000 |  16279.000 |     0.000
    202,   |  16231.000 |  16838.390 |   502.395 |  16231.000 |  16231.000 |     0.000
    203,   |  16104.000 |  16722.060 |   401.690 |  16104.000 |  16104.000 |     0.000
    204,   |  16103.000 |  16685.890 |   444.776 |  16103.000 |  16103.000 |     0.000
    205,   |  16103.000 |  16553.280 |   356.617 |  16103.000 |  16103.000 |     0.000
    206,   |  16095.000 |  16504.530 |   361.306 |  16095.000 |  16095.000 |     0.000
    207,   |  15970.000 |  16402.230 |   324.332 |  15970.000 |  15970.000 |     0.000
    208,   |  15970.000 |  16377.030 |   310.022 |  15970.000 |  15970.000 |     0.000
    209,   |  15970.000 |  16384.280 |   360.862 |  15970.000 |  15970.000 |     0.000
    210,   |  15814.000 |  16394.060 |   368.348 |  15814.000 |  15814.000 |     0.000
    211,   |  15801.000 |  16419.830 |   411.109 |  15801.000 |  15801.000 |     0.000
    212,   |  15712.000 |  16460.090 |   481.106 |  15712.000 |  15712.000 |     0.000
    213,   |  15712.000 |  16438.470 |   469.700 |  15712.000 |  15712.000 |     0.000
    214,   |  15712.000 |  16360.960 |   465.326 |  15712.000 |  15712.000 |     0.000
    215,   |  15712.000 |  16195.200 |   411.300 |  15712.000 |  15712.000 |     0.000
    216,   |  15688.000 |  16141.210 |   398.420 |  15688.000 |  15688.000 |     0.000
    217,   |  15688.000 |  16078.370 |   343.280 |  15688.000 |  15688.000 |     0.000
    218,   |  15688.000 |  16037.310 |   323.943 |  15688.000 |  15688.000 |     0.000
    219,   |  15639.000 |  16004.760 |   359.004 |  15639.000 |  15639.000 |     0.000
    220,   |  15622.000 |  15927.250 |   256.858 |  15622.000 |  15622.000 |     0.000
    221,   |  15603.000 |  15990.440 |   349.457 |  15603.000 |  15603.000 |     0.000
    222,   |  15597.000 |  15994.730 |   339.331 |  15597.000 |  15597.000 |     0.000
    223,   |  15597.000 |  16102.970 |   463.734 |  15597.000 |  15597.000 |     0.000
    224,   |  15534.000 |  16082.370 |   476.871 |  15534.000 |  15534.000 |     0.000
    225,   |  15534.000 |  15997.520 |   445.742 |  15534.000 |  15534.000 |     0.000
    226,   |  15485.000 |  16008.800 |   472.612 |  15485.000 |  15485.000 |     0.000
    227,   |  15485.000 |  15957.630 |   426.407 |  15485.000 |  15485.000 |     0.000
    228,   |  15456.000 |  15868.680 |   392.570 |  15456.000 |  15456.000 |     0.000
    229,   |  15440.000 |  15844.220 |   409.644 |  15440.000 |  15440.000 |     0.000
    230,   |  15247.000 |  15826.920 |   407.481 |  15247.000 |  15247.000 |     0.000
    231,   |  15247.000 |  15831.540 |   428.975 |  15247.000 |  15247.000 |     0.000
    232,   |  15181.000 |  15789.380 |   462.220 |  15181.000 |  15181.000 |     0.000
    233,   |  15181.000 |  15637.990 |   396.598 |  15181.000 |  15181.000 |     0.000
    234,   |  15181.000 |  15655.800 |   378.401 |  15181.000 |  15181.000 |     0.000
    235,   |  15177.000 |  15748.100 |   459.332 |  15177.000 |  15177.000 |     0.000
    236,   |  15155.000 |  15625.080 |   443.812 |  15155.000 |  15155.000 |     0.000
    237,   |  15155.000 |  15609.000 |   374.652 |  15155.000 |  15155.000 |     0.000
    238,   |  15133.000 |  15522.860 |   406.031 |  15133.000 |  15133.000 |     0.000
    239,   |  15051.000 |  15567.110 |   395.501 |  15051.000 |  15051.000 |     0.000
    240,   |  15051.000 |  15608.380 |   467.400 |  15051.000 |  15051.000 |     0.000
    241,   |  15038.000 |  15586.570 |   439.146 |  15038.000 |  15038.000 |     0.000
    242,   |  14994.000 |  15536.270 |   435.139 |  14994.000 |  14994.000 |     0.000
    243,   |  14994.000 |  15341.140 |   325.970 |  14994.000 |  14994.000 |     0.000
    244,   |  14923.000 |  15367.460 |   350.481 |  14923.000 |  14923.000 |     0.000
    245,   |  14923.000 |  15411.270 |   406.415 |  14923.000 |  14923.000 |     0.000
    246,   |  14923.000 |  15480.090 |   481.019 |  14923.000 |  14923.000 |     0.000
    247,   |  14828.000 |  15562.890 |   496.365 |  14828.000 |  14828.000 |     0.000
    248,   |  14773.000 |  15480.280 |   531.700 |  14773.000 |  14773.000 |     0.000
    249,   |  14733.000 |  15374.100 |   470.238 |  14733.000 |  14733.000 |     0.000
    250,   |  14733.000 |  15384.160 |   463.653 |  14733.000 |  14733.000 |     0.000
    251,   |  14719.000 |  15360.380 |   480.786 |  14719.000 |  14719.000 |     0.000
    252,   |  14719.000 |  15385.860 |   450.082 |  14719.000 |  14719.000 |     0.000
    253,   |  14719.000 |  15383.410 |   560.940 |  14719.000 |  14719.000 |     0.000
    254,   |  14713.000 |  15265.510 |   510.443 |  14713.000 |  14713.000 |     0.000
    255,   |  14705.000 |  15252.420 |   553.833 |  14705.000 |  14705.000 |     0.000
    256,   |  14670.000 |  15096.330 |   406.375 |  14670.000 |  14670.000 |     0.000
    257,   |  14666.000 |  15054.480 |   381.031 |  14666.000 |  14666.000 |     0.000
    258,   |  14598.000 |  15057.500 |   416.529 |  14598.000 |  14598.000 |     0.000
    259,   |  14519.000 |  14997.660 |   356.858 |  14519.000 |  14519.000 |     0.000
    260,   |  14500.000 |  15131.430 |   452.338 |  14500.000 |  14500.000 |     0.000
    261,   |  14439.000 |  15083.250 |   464.912 |  14439.000 |  14439.000 |     0.000
    262,   |  14439.000 |  15142.140 |   489.896 |  14439.000 |  14439.000 |     0.000
    263,   |  14358.000 |  15037.580 |   467.557 |  14358.000 |  14358.000 |     0.000
    264,   |  14358.000 |  14936.610 |   418.202 |  14358.000 |  14358.000 |     0.000
    265,   |  14358.000 |  14971.930 |   415.831 |  14358.000 |  14358.000 |     0.000
    266,   |  14358.000 |  14900.610 |   429.538 |  14358.000 |  14358.000 |     0.000
    267,   |  14358.000 |  14841.000 |   436.713 |  14358.000 |  14358.000 |     0.000
    268,   |  14335.000 |  14798.650 |   399.249 |  14335.000 |  14335.000 |     0.000
    269,   |  14322.000 |  14649.320 |   300.249 |  14322.000 |  14322.000 |     0.000
    270,   |  14318.000 |  14666.270 |   372.806 |  14318.000 |  14318.000 |     0.000
    271,   |  14306.000 |  14746.740 |   377.146 |  14306.000 |  14306.000 |     0.000
    272,   |  14245.000 |  14637.770 |   337.012 |  14245.000 |  14245.000 |     0.000
    273,   |  14243.000 |  14586.790 |   301.796 |  14243.000 |  14243.000 |     0.000
    274,   |  14243.000 |  14600.960 |   347.059 |  14243.000 |  14243.000 |     0.000
    275,   |  14208.000 |  14609.360 |   332.996 |  14208.000 |  14208.000 |     0.000
    276,   |  14184.000 |  14660.140 |   434.961 |  14184.000 |  14184.000 |     0.000
    277,   |  14184.000 |  14550.420 |   323.457 |  14184.000 |  14184.000 |     0.000
    278,   |  14184.000 |  14525.510 |   295.366 |  14184.000 |  14184.000 |     0.000
    279,   |  14158.000 |  14554.480 |   386.285 |  14158.000 |  14158.000 |     0.000
    280,   |  14148.000 |  14579.860 |   313.231 |  14148.000 |  14148.000 |     0.000
    281,   |  14148.000 |  14538.100 |   339.302 |  14148.000 |  14148.000 |     0.000
    282,   |  14148.000 |  14578.640 |   366.315 |  14148.000 |  14148.000 |     0.000
    283,   |  14101.000 |  14541.050 |   381.675 |  14101.000 |  14101.000 |     0.000
    284,   |  14101.000 |  14465.870 |   320.875 |  14101.000 |  14101.000 |     0.000
    285,   |  14086.000 |  14437.090 |   299.651 |  14086.000 |  14086.000 |     0.000
    286,   |  14086.000 |  14408.790 |   316.752 |  14086.000 |  14086.000 |     0.000
    287,   |  14013.000 |  14353.260 |   273.310 |  14013.000 |  14013.000 |     0.000
    288,   |  14013.000 |  14337.120 |   296.730 |  14013.000 |  14013.000 |     0.000
    289,   |  13999.000 |  14354.860 |   288.718 |  13999.000 |  13999.000 |     0.000
    290,   |  13999.000 |  14325.650 |   282.455 |  13999.000 |  13999.000 |     0.000
    291,   |  13975.000 |  14323.360 |   305.490 |  13975.000 |  13975.000 |     0.000
    292,   |  13841.000 |  14332.490 |   342.120 |  13841.000 |  13841.000 |     0.000
    293,   |  13841.000 |  14263.640 |   291.764 |  13841.000 |  13841.000 |     0.000
    294,   |  13837.000 |  14237.200 |   354.537 |  13837.000 |  13837.000 |     0.000
    295,   |  13630.000 |  14208.900 |   339.035 |  13630.000 |  13630.000 |     0.000
    296,   |  13605.000 |  14093.720 |   320.637 |  13605.000 |  13605.000 |     0.000
    297,   |  13569.000 |  14119.840 |   380.159 |  13569.000 |  13569.000 |     0.000
    298,   |  13534.000 |  14040.780 |   401.746 |  13534.000 |  13534.000 |     0.000
    299,   |  13534.000 |  13950.210 |   312.481 |  13534.000 |  13534.000 |     0.000
    300,   |  13534.000 |  13998.000 |   416.104 |  13534.000 |  13534.000 |     0.000
    301,   |  13513.000 |  13988.960 |   428.273 |  13513.000 |  13513.000 |     0.000
    302,   |  13431.000 |  13886.500 |   347.343 |  13431.000 |  13431.000 |     0.000
    303,   |  13426.000 |  13962.440 |   484.298 |  13426.000 |  13426.000 |     0.000
    304,   |  13426.000 |  13971.350 |   467.217 |  13426.000 |  13426.000 |     0.000
    305,   |  13397.000 |  14050.570 |   498.818 |  13397.000 |  13397.000 |     0.000
    306,   |  13344.000 |  13919.070 |   466.097 |  13344.000 |  13344.000 |     0.000
    307,   |  13197.000 |  13726.840 |   354.378 |  13197.000 |  13197.000 |     0.000
    308,   |  13197.000 |  13712.700 |   334.918 |  13197.000 |  13197.000 |     0.000
    309,   |  13197.000 |  13647.740 |   346.763 |  13197.000 |  13197.000 |     0.000
    310,   |  13197.000 |  13786.650 |   433.889 |  13197.000 |  13197.000 |     0.000
    311,   |  13195.000 |  13757.930 |   432.929 |  13195.000 |  13195.000 |     0.000
    312,   |  13157.000 |  13758.170 |   468.844 |  13157.000 |  13157.000 |     0.000
    313,   |  13054.000 |  13715.620 |   466.702 |  13054.000 |  13054.000 |     0.000
    314,   |  13054.000 |  13609.280 |   401.430 |  13054.000 |  13054.000 |     0.000
    315,   |  13054.000 |  13743.990 |   491.330 |  13054.000 |  13054.000 |     0.000
    316,   |  13054.000 |  13656.680 |   452.463 |  13054.000 |  13054.000 |     0.000
    317,   |  13054.000 |  13667.590 |   492.748 |  13054.000 |  13054.000 |     0.000
    318,   |  12964.000 |  13601.110 |   501.502 |  12964.000 |  12964.000 |     0.000
    319,   |  12921.000 |  13400.470 |   327.521 |  12921.000 |  12921.000 |     0.000
    320,   |  12797.000 |  13310.480 |   337.049 |  12797.000 |  12797.000 |     0.000
    321,   |  12785.000 |  13204.880 |   286.528 |  12785.000 |  12785.000 |     0.000
    322,   |  12744.000 |  13178.000 |   337.263 |  12744.000 |  12744.000 |     0.000
    323,   |  12667.000 |  13088.730 |   290.640 |  12667.000 |  12667.000 |     0.000
    324,   |  12667.000 |  13049.280 |   297.283 |  12667.000 |  12667.000 |     0.000
    325,   |  12667.000 |  13059.700 |   346.073 |  12667.000 |  12667.000 |     0.000
    326,   |  12667.000 |  12977.730 |   332.054 |  12667.000 |  12667.000 |     0.000
    327,   |  12550.000 |  12989.600 |   339.393 |  12550.000 |  12550.000 |     0.000
    328,   |  12550.000 |  12991.580 |   375.412 |  12550.000 |  12550.000 |     0.000
    329,   |  12511.000 |  12999.500 |   391.440 |  12511.000 |  12511.000 |     0.000
    330,   |  12511.000 |  13041.170 |   409.646 |  12511.000 |  12511.000 |     0.000
    331,   |  12452.000 |  13088.590 |   400.837 |  12452.000 |  12452.000 |     0.000
    332,   |  12418.000 |  12985.280 |   378.944 |  12418.000 |  12418.000 |     0.000
    333,   |  12295.000 |  12926.460 |   366.542 |  12295.000 |  12295.000 |     0.000
    334,   |  12295.000 |  12884.970 |   389.969 |  12295.000 |  12295.000 |     0.000
    335,   |  12295.000 |  12854.730 |   394.744 |  12295.000 |  12295.000 |     0.000
    336,   |  12295.000 |  12861.340 |   423.197 |  12295.000 |  12295.000 |     0.000
    337,   |  12295.000 |  12742.520 |   376.322 |  12295.000 |  12295.000 |     0.000
    338,   |  12275.000 |  12645.830 |   377.592 |  12275.000 |  12275.000 |     0.000
    339,   |  12194.000 |  12495.570 |   216.589 |  12194.000 |  12194.000 |     0.000
    340,   |  12072.000 |  12565.590 |   304.061 |  12072.000 |  12072.000 |     0.000
    341,   |  12072.000 |  12536.340 |   276.334 |  12072.000 |  12072.000 |     0.000
    342,   |  12072.000 |  12532.770 |   292.332 |  12072.000 |  12072.000 |     0.000
    343,   |  12062.000 |  12497.710 |   326.902 |  12062.000 |  12062.000 |     0.000
    344,   |  11997.000 |  12414.810 |   323.248 |  11997.000 |  11997.000 |     0.000
    345,   |  11997.000 |  12324.620 |   304.407 |  11997.000 |  11997.000 |     0.000
    346,   |  11932.000 |  12388.620 |   370.167 |  11932.000 |  11932.000 |     0.000
    347,   |  11899.000 |  12410.340 |   384.402 |  11899.000 |  11899.000 |     0.000
    348,   |  11892.000 |  12429.630 |   386.063 |  11892.000 |  11892.000 |     0.000
    349,   |  11828.000 |  12357.340 |   382.132 |  11828.000 |  11828.000 |     0.000
    350,   |  11828.000 |  12382.680 |   377.932 |  11828.000 |  11828.000 |     0.000
    351,   |  11828.000 |  12325.560 |   369.194 |  11828.000 |  11828.000 |     0.000
    352,   |  11828.000 |  12263.000 |   363.663 |  11828.000 |  11828.000 |     0.000
    353,   |  11801.000 |  12227.030 |   329.694 |  11801.000 |  11801.000 |     0.000
    354,   |  11790.000 |  12121.400 |   314.494 |  11790.000 |  11790.000 |     0.000
    355,   |  11790.000 |  12090.000 |   269.331 |  11790.000 |  11790.000 |     0.000
    356,   |  11790.000 |  12107.030 |   297.391 |  11790.000 |  11790.000 |     0.000
    357,   |  11756.000 |  12116.710 |   310.445 |  11756.000 |  11756.000 |     0.000
    358,   |  11621.000 |  12247.610 |   419.246 |  11621.000 |  11621.000 |     0.000
    359,   |  11621.000 |  12241.520 |   392.198 |  11621.000 |  11621.000 |     0.000
    360,   |  11621.000 |  12249.830 |   448.709 |  11621.000 |  11621.000 |     0.000
    361,   |  11621.000 |  12163.570 |   430.879 |  11621.000 |  11621.000 |     0.000
    362,   |  11557.000 |  12050.580 |   399.265 |  11557.000 |  11557.000 |     0.000
    363,   |  11528.000 |  11867.690 |   299.134 |  11528.000 |  11528.000 |     0.000
    364,   |  11527.000 |  11834.890 |   284.282 |  11527.000 |  11527.000 |     0.000
    365,   |  11479.000 |  11847.550 |   301.186 |  11479.000 |  11479.000 |     0.000
    366,   |  11455.000 |  11815.280 |   288.445 |  11455.000 |  11455.000 |     0.000
    367,   |  11455.000 |  11844.930 |   367.794 |  11455.000 |  11455.000 |     0.000
    368,   |  11369.000 |  11858.200 |   385.321 |  11369.000 |  11369.000 |     0.000
    369,   |  11334.000 |  11835.500 |   380.993 |  11334.000 |  11334.000 |     0.000
    370,   |  11334.000 |  11858.260 |   490.622 |  11334.000 |  11334.000 |     0.000
    371,   |  11334.000 |  11869.680 |   443.531 |  11334.000 |  11334.000 |     0.000
    372,   |  11246.000 |  11702.640 |   352.990 |  11246.000 |  11246.000 |     0.000
    373,   |  11246.000 |  11685.640 |   358.455 |  11246.000 |  11246.000 |     0.000
    374,   |  11229.000 |  11611.830 |   319.507 |  11229.000 |  11229.000 |     0.000
    375,   |  11212.000 |  11633.280 |   396.574 |  11212.000 |  11212.000 |     0.000
    376,   |  11124.000 |  11623.430 |   386.595 |  11124.000 |  11124.000 |     0.000
    377,   |  11124.000 |  11507.610 |   324.349 |  11124.000 |  11124.000 |     0.000
    378,   |  11107.000 |  11601.360 |   455.643 |  11107.000 |  11107.000 |     0.000
    379,   |  11076.000 |  11527.510 |   439.965 |  11076.000 |  11076.000 |     0.000
    380,   |  11071.000 |  11423.790 |   315.251 |  11071.000 |  11071.000 |     0.000
    381,   |  11051.000 |  11352.730 |   289.595 |  11051.000 |  11051.000 |     0.000
    382,   |  11002.000 |  11431.880 |   342.966 |  11002.000 |  11002.000 |     0.000
    383,   |  11002.000 |  11407.000 |   298.435 |  11002.000 |  11002.000 |     0.000
    384,   |  11002.000 |  11461.940 |   371.147 |  11002.000 |  11002.000 |     0.000
    385,   |  11002.000 |  11484.650 |   360.618 |  11002.000 |  11002.000 |     0.000
    386,   |  11002.000 |  11409.270 |   321.277 |  11002.000 |  11002.000 |     0.000
    387,   |  11000.000 |  11426.880 |   386.855 |  11000.000 |  11000.000 |     0.000
    388,   |  10952.000 |  11316.030 |   347.215 |  10952.000 |  10952.000 |     0.000
    389,   |  10952.000 |  11341.950 |   368.209 |  10952.000 |  10952.000 |     0.000
    390,   |  10943.000 |  11365.300 |   394.364 |  10943.000 |  10943.000 |     0.000
    391,   |  10912.000 |  11398.800 |   404.339 |  10912.000 |  10912.000 |     0.000
    392,   |  10912.000 |  11385.730 |   411.736 |  10912.000 |  10912.000 |     0.000
    393,   |  10865.000 |  11402.120 |   459.857 |  10865.000 |  10865.000 |     0.000
    394,   |  10865.000 |  11311.220 |   415.724 |  10865.000 |  10865.000 |     0.000
    395,   |  10865.000 |  11264.450 |   376.747 |  10865.000 |  10865.000 |     0.000
    396,   |  10865.000 |  11142.610 |   292.108 |  10865.000 |  10865.000 |     0.000
    397,   |  10741.000 |  11154.920 |   265.739 |  10741.000 |  10741.000 |     0.000
    398,   |  10741.000 |  11167.120 |   354.717 |  10741.000 |  10741.000 |     0.000
    399,   |  10741.000 |  11216.600 |   381.578 |  10741.000 |  10741.000 |     0.000
    400,   |  10741.000 |  11336.310 |   474.527 |  10741.000 |  10741.000 |     0.000
    401,   |  10717.000 |  11190.620 |   446.606 |  10717.000 |  10717.000 |     0.000
    402,   |  10717.000 |  11239.020 |   424.296 |  10717.000 |  10717.000 |     0.000
    403,   |  10694.000 |  11335.150 |   485.869 |  10694.000 |  10694.000 |     0.000
    404,   |  10689.000 |  11295.680 |   501.522 |  10689.000 |  10689.000 |     0.000
    405,   |  10688.000 |  11134.230 |   402.267 |  10688.000 |  10688.000 |     0.000
    406,   |  10683.000 |  11125.680 |   371.938 |  10683.000 |  10683.000 |     0.000
    407,   |  10628.000 |  11275.150 |   502.817 |  10628.000 |  10628.000 |     0.000
    408,   |  10628.000 |  11362.450 |   513.184 |  10628.000 |  10628.000 |     0.000
    409,   |  10628.000 |  11236.210 |   448.647 |  10628.000 |  10628.000 |     0.000
    410,   |  10628.000 |  11282.320 |   492.750 |  10628.000 |  10628.000 |     0.000
    411,   |  10604.000 |  11226.990 |   507.364 |  10604.000 |  10604.000 |     0.000
    412,   |  10599.000 |  11155.580 |   509.330 |  10599.000 |  10599.000 |     0.000
    413,   |  10582.000 |  11045.310 |   444.437 |  10582.000 |  10582.000 |     0.000
    414,   |  10582.000 |  11163.720 |   476.639 |  10582.000 |  10582.000 |     0.000
    415,   |  10581.000 |  11123.530 |   471.404 |  10581.000 |  10581.000 |     0.000
    416,   |  10581.000 |  11145.150 |   488.003 |  10581.000 |  10581.000 |     0.000
    417,   |  10530.000 |  11050.760 |   399.537 |  10530.000 |  10530.000 |     0.000
    418,   |  10530.000 |  11057.910 |   469.259 |  10530.000 |  10530.000 |     0.000
    419,   |  10526.000 |  11123.270 |   450.979 |  10526.000 |  10526.000 |     0.000
    420,   |  10526.000 |  11069.060 |   538.850 |  10526.000 |  10526.000 |     0.000
    421,   |  10484.000 |  11120.310 |   544.156 |  10484.000 |  10484.000 |     0.000
    422,   |  10476.000 |  11133.950 |   576.057 |  10476.000 |  10476.000 |     0.000
    423,   |  10476.000 |  11171.510 |   509.259 |  10476.000 |  10476.000 |     0.000
    424,   |  10476.000 |  11226.690 |   553.162 |  10476.000 |  10476.000 |     0.000
    425,   |  10476.000 |  11023.910 |   465.165 |  10476.000 |  10476.000 |     0.000
    426,   |  10434.000 |  10985.130 |   409.293 |  10434.000 |  10434.000 |     0.000
    427,   |  10434.000 |  10955.040 |   447.535 |  10434.000 |  10434.000 |     0.000
    428,   |  10403.000 |  10867.390 |   427.178 |  10403.000 |  10403.000 |     0.000
    429,   |  10403.000 |  10897.490 |   436.231 |  10403.000 |  10403.000 |     0.000
    430,   |  10403.000 |  10814.980 |   392.959 |  10403.000 |  10403.000 |     0.000
    431,   |  10403.000 |  10833.580 |   408.780 |  10403.000 |  10403.000 |     0.000
    432,   |  10403.000 |  10747.500 |   346.769 |  10403.000 |  10403.000 |     0.000
    433,   |  10361.000 |  10732.330 |   286.665 |  10361.000 |  10361.000 |     0.000
    434,   |  10361.000 |  10856.410 |   419.799 |  10361.000 |  10361.000 |     0.000
    435,   |  10361.000 |  10718.880 |   341.620 |  10361.000 |  10361.000 |     0.000
    436,   |  10316.000 |  10705.330 |   359.050 |  10316.000 |  10316.000 |     0.000
    437,   |  10316.000 |  10634.670 |   281.602 |  10316.000 |  10316.000 |     0.000
    438,   |  10272.000 |  10631.310 |   298.445 |  10272.000 |  10272.000 |     0.000
    439,   |  10272.000 |  10645.290 |   346.106 |  10272.000 |  10272.000 |     0.000
    440,   |  10266.000 |  10776.200 |   476.239 |  10266.000 |  10266.000 |     0.000
    441,   |  10245.000 |  10757.470 |   431.707 |  10245.000 |  10245.000 |     0.000
    442,   |  10220.000 |  10794.820 |   462.681 |  10220.000 |  10220.000 |     0.000
    443,   |  10180.000 |  10758.970 |   520.709 |  10180.000 |  10180.000 |     0.000
    444,   |  10180.000 |  10577.980 |   344.336 |  10180.000 |  10180.000 |     0.000
    445,   |  10180.000 |  10642.540 |   356.451 |  10180.000 |  10180.000 |     0.000
    446,   |  10180.000 |  10578.630 |   322.990 |  10180.000 |  10180.000 |     0.000
    447,   |  10151.000 |  10603.770 |   391.836 |  10151.000 |  10151.000 |     0.000
    448,   |  10151.000 |  10591.770 |   382.143 |  10151.000 |  10151.000 |     0.000
    449,   |  10151.000 |  10538.870 |   364.421 |  10151.000 |  10151.000 |     0.000
    450,   |  10151.000 |  10530.900 |   330.157 |  10151.000 |  10151.000 |     0.000
    451,   |  10151.000 |  10539.590 |   368.293 |  10151.000 |  10151.000 |     0.000
    452,   |  10151.000 |  10438.310 |   282.090 |  10151.000 |  10151.000 |     0.000
    453,   |  10096.000 |  10351.490 |   215.926 |  10096.000 |  10096.000 |     0.000
    454,   |  10061.000 |  10461.670 |   357.003 |  10061.000 |  10061.000 |     0.000
    455,   |  10061.000 |  10472.280 |   332.473 |  10061.000 |  10061.000 |     0.000
    456,   |  10047.000 |  10484.930 |   368.129 |  10047.000 |  10047.000 |     0.000
    457,   |   9950.000 |  10435.640 |   414.949 |   9950.000 |   9950.000 |     0.000
    458,   |   9950.000 |  10426.030 |   429.278 |   9950.000 |   9950.000 |     0.000
    459,   |   9950.000 |  10355.340 |   315.534 |   9950.000 |   9950.000 |     0.000
    460,   |   9950.000 |  10282.610 |   297.276 |   9950.000 |   9950.000 |     0.000
    461,   |   9917.000 |  10283.540 |   340.468 |   9917.000 |   9917.000 |     0.000
    462,   |   9881.000 |  10212.630 |   293.061 |   9881.000 |   9881.000 |     0.000
    463,   |   9881.000 |  10199.010 |   253.684 |   9881.000 |   9881.000 |     0.000
    464,   |   9853.000 |  10230.350 |   282.890 |   9853.000 |   9853.000 |     0.000
    465,   |   9853.000 |  10195.310 |   300.360 |   9853.000 |   9853.000 |     0.000
    466,   |   9853.000 |  10145.980 |   273.514 |   9853.000 |   9853.000 |     0.000
    467,   |   9853.000 |  10189.130 |   319.789 |   9853.000 |   9853.000 |     0.000
    468,   |   9849.000 |  10214.620 |   352.351 |   9849.000 |   9849.000 |     0.000
    469,   |   9832.000 |  10140.500 |   281.345 |   9832.000 |   9832.000 |     0.000
    470,   |   9831.000 |  10102.230 |   244.359 |   9831.000 |   9831.000 |     0.000
    471,   |   9807.000 |  10079.550 |   252.736 |   9807.000 |   9807.000 |     0.000
    472,   |   9807.000 |  10184.070 |   369.749 |   9807.000 |   9807.000 |     0.000
    473,   |   9769.000 |  10142.160 |   321.093 |   9769.000 |   9769.000 |     0.000
    474,   |   9744.000 |  10149.820 |   382.227 |   9744.000 |   9744.000 |     0.000
    475,   |   9744.000 |  10222.840 |   473.057 |   9744.000 |   9744.000 |     0.000
    476,   |   9744.000 |  10280.080 |   456.795 |   9744.000 |   9744.000 |     0.000
    477,   |   9737.000 |  10385.600 |   489.303 |   9737.000 |   9737.000 |     0.000
    478,   |   9697.000 |  10383.010 |   555.511 |   9697.000 |   9697.000 |     0.000
    479,   |   9670.000 |  10228.970 |   463.474 |   9670.000 |   9670.000 |     0.000
    480,   |   9635.000 |  10059.140 |   391.809 |   9635.000 |   9635.000 |     0.000
    481,   |   9635.000 |  10086.800 |   400.709 |   9635.000 |   9635.000 |     0.000
    482,   |   9635.000 |  10078.620 |   386.597 |   9635.000 |   9635.000 |     0.000
    483,   |   9549.000 |  10121.120 |   428.716 |   9549.000 |   9549.000 |     0.000
    484,   |   9549.000 |  10049.180 |   441.775 |   9549.000 |   9549.000 |     0.000
    485,   |   9549.000 |   9995.150 |   397.052 |   9549.000 |   9549.000 |     0.000
    486,   |   9541.000 |   9874.470 |   358.378 |   9541.000 |   9541.000 |     0.000
    487,   |   9510.000 |   9756.110 |   256.459 |   9510.000 |   9510.000 |     0.000
    488,   |   9477.000 |   9709.400 |   182.729 |   9477.000 |   9477.000 |     0.000
    489,   |   9448.000 |   9825.970 |   294.527 |   9448.000 |   9448.000 |     0.000
    490,   |   9415.000 |   9763.030 |   327.704 |   9415.000 |   9415.000 |     0.000
    491,   |   9415.000 |   9787.440 |   289.878 |   9415.000 |   9415.000 |     0.000
    492,   |   9415.000 |   9802.630 |   281.067 |   9415.000 |   9415.000 |     0.000
    493,   |   9415.000 |   9776.370 |   322.515 |   9415.000 |   9415.000 |     0.000
    494,   |   9415.000 |   9680.730 |   277.849 |   9415.000 |   9415.000 |     0.000
    495,   |   9415.000 |   9696.160 |   272.265 |   9415.000 |   9415.000 |     0.000
    496,   |   9404.000 |   9583.050 |   174.977 |   9404.000 |   9404.000 |     0.000
    497,   |   9363.000 |   9623.700 |   222.793 |   9363.000 |   9363.000 |     0.000
    498,   |   9301.000 |   9650.480 |   280.634 |   9301.000 |   9301.000 |     0.000
    499,   |   9301.000 |   9649.830 |   248.256 |   9301.000 |   9301.000 |     0.000
    500,   |   9296.000 |   9624.250 |   264.246 |   9296.000 |   9296.000 |     0.000
    501,   |   9296.000 |   9667.130 |   330.054 |   9296.000 |   9296.000 |     0.000
    502,   |   9244.000 |   9659.870 |   319.144 |   9244.000 |   9244.000 |     0.000
    503,   |   9244.000 |   9674.150 |   377.892 |   9244.000 |   9244.000 |     0.000
    504,   |   9244.000 |   9693.430 |   382.858 |   9244.000 |   9244.000 |     0.000
    505,   |   9244.000 |   9673.500 |   384.723 |   9244.000 |   9244.000 |     0.000
    506,   |   9205.000 |   9548.560 |   313.730 |   9205.000 |   9205.000 |     0.000
    507,   |   9192.000 |   9505.360 |   276.882 |   9192.000 |   9192.000 |     0.000
    508,   |   9190.000 |   9465.150 |   255.459 |   9190.000 |   9190.000 |     0.000
    509,   |   9148.000 |   9458.690 |   251.804 |   9148.000 |   9148.000 |     0.000
    510,   |   9148.000 |   9493.990 |   292.585 |   9148.000 |   9148.000 |     0.000
    511,   |   9146.000 |   9503.430 |   332.221 |   9146.000 |   9146.000 |     0.000
    512,   |   9087.000 |   9475.590 |   313.432 |   9087.000 |   9087.000 |     0.000
    513,   |   9077.000 |   9430.210 |   340.322 |   9077.000 |   9077.000 |     0.000
    514,   |   9077.000 |   9393.260 |   272.220 |   9077.000 |   9077.000 |     0.000
    515,   |   9064.000 |   9355.660 |   270.655 |   9064.000 |   9064.000 |     0.000
    516,   |   9040.000 |   9350.530 |   289.647 |   9040.000 |   9040.000 |     0.000
    517,   |   9027.000 |   9414.500 |   349.408 |   9027.000 |   9027.000 |     0.000
    518,   |   9027.000 |   9415.620 |   361.963 |   9027.000 |   9027.000 |     0.000
    519,   |   8923.000 |   9312.870 |   286.649 |   8923.000 |   8923.000 |     0.000
    520,   |   8923.000 |   9378.050 |   361.405 |   8923.000 |   8923.000 |     0.000
    521,   |   8923.000 |   9459.620 |   391.812 |   8923.000 |   8923.000 |     0.000
    522,   |   8923.000 |   9446.940 |   415.644 |   8923.000 |   8923.000 |     0.000
    523,   |   8923.000 |   9507.840 |   549.522 |   8923.000 |   8923.000 |     0.000
    524,   |   8923.000 |   9451.610 |   414.185 |   8923.000 |   8923.000 |     0.000
    525,   |   8903.000 |   9451.820 |   493.886 |   8903.000 |   8903.000 |     0.000
    526,   |   8872.000 |   9283.180 |   348.837 |   8872.000 |   8872.000 |     0.000
    527,   |   8872.000 |   9206.440 |   303.940 |   8872.000 |   8872.000 |     0.000
    528,   |   8872.000 |   9221.430 |   349.040 |   8872.000 |   8872.000 |     0.000
    529,   |   8859.000 |   9274.100 |   384.351 |   8859.000 |   8859.000 |     0.000
    530,   |   8855.000 |   9356.850 |   456.737 |   8855.000 |   8855.000 |     0.000
    531,   |   8842.000 |   9285.820 |   385.751 |   8842.000 |   8842.000 |     0.000
    532,   |   8842.000 |   9161.790 |   314.331 |   8842.000 |   8842.000 |     0.000
    533,   |   8842.000 |   9080.840 |   237.917 |   8842.000 |   8842.000 |     0.000
    534,   |   8834.000 |   9019.990 |   167.836 |   8834.000 |   8834.000 |     0.000
    535,   |   8811.000 |   9158.040 |   277.267 |   8811.000 |   8811.000 |     0.000
    536,   |   8796.000 |   9251.870 |   374.788 |   8796.000 |   8796.000 |     0.000
    537,   |   8728.000 |   9222.850 |   406.074 |   8728.000 |   8728.000 |     0.000
    538,   |   8728.000 |   9245.190 |   368.798 |   8728.000 |   8728.000 |     0.000
    539,   |   8694.000 |   9246.860 |   465.511 |   8694.000 |   8694.000 |     0.000
    540,   |   8654.000 |   9335.510 |   507.467 |   8654.000 |   8654.000 |     0.000
    541,   |   8654.000 |   9069.720 |   310.591 |   8654.000 |   8654.000 |     0.000
    542,   |   8652.000 |   9000.540 |   305.366 |   8652.000 |   8652.000 |     0.000
    543,   |   8649.000 |   9008.220 |   351.534 |   8649.000 |   8649.000 |     0.000
    544,   |   8547.000 |   8968.020 |   274.668 |   8547.000 |   8547.000 |     0.000
    545,   |   8547.000 |   8908.610 |   298.721 |   8547.000 |   8547.000 |     0.000
    546,   |   8542.000 |   8993.750 |   410.957 |   8542.000 |   8542.000 |     0.000
    547,   |   8542.000 |   8915.270 |   380.757 |   8542.000 |   8542.000 |     0.000
    548,   |   8542.000 |   8853.970 |   299.747 |   8542.000 |   8542.000 |     0.000
    549,   |   8542.000 |   8845.690 |   340.078 |   8542.000 |   8542.000 |     0.000
    550,   |   8426.000 |   8783.350 |   256.597 |   8426.000 |   8426.000 |     0.000
    551,   |   8416.000 |   8797.950 |   281.690 |   8416.000 |   8416.000 |     0.000
    552,   |   8416.000 |   8826.800 |   314.797 |   8416.000 |   8416.000 |     0.000
    553,   |   8416.000 |   8740.930 |   276.650 |   8416.000 |   8416.000 |     0.000
    554,   |   8342.000 |   8691.580 |   308.658 |   8342.000 |   8342.000 |     0.000
    555,   |   8337.000 |   8685.040 |   284.977 |   8337.000 |   8337.000 |     0.000
    556,   |   8333.000 |   8655.560 |   294.553 |   8333.000 |   8333.000 |     0.000
    557,   |   8333.000 |   8658.840 |   264.572 |   8333.000 |   8333.000 |     0.000
    558,   |   8328.000 |   8629.960 |   223.658 |   8328.000 |   8328.000 |     0.000
    559,   |   8328.000 |   8670.640 |   289.548 |   8328.000 |   8328.000 |     0.000
    560,   |   8312.000 |   8571.730 |   221.434 |   8312.000 |   8312.000 |     0.000
    561,   |   8300.000 |   8602.380 |   266.698 |   8300.000 |   8300.000 |     0.000
    562,   |   8279.000 |   8605.220 |   269.119 |   8279.000 |   8279.000 |     0.000
    563,   |   8279.000 |   8616.370 |   293.238 |   8279.000 |   8279.000 |     0.000
    564,   |   8279.000 |   8666.360 |   433.960 |   8279.000 |   8279.000 |     0.000
    565,   |   8279.000 |   8583.130 |   334.301 |   8279.000 |   8279.000 |     0.000
    566,   |   8279.000 |   8584.080 |   298.547 |   8279.000 |   8279.000 |     0.000
    567,   |   8279.000 |   8502.020 |   232.048 |   8279.000 |   8279.000 |     0.000
    568,   |   8256.000 |   8476.400 |   196.778 |   8256.000 |   8256.000 |     0.000
    569,   |   8221.000 |   8482.920 |   210.890 |   8221.000 |   8221.000 |     0.000
    570,   |   8221.000 |   8577.790 |   375.062 |   8221.000 |   8221.000 |     0.000
    571,   |   8221.000 |   8647.390 |   428.110 |   8221.000 |   8221.000 |     0.000
    572,   |   8221.000 |   8730.360 |   511.040 |   8221.000 |   8221.000 |     0.000
    573,   |   8209.000 |   8642.900 |   419.634 |   8209.000 |   8209.000 |     0.000
    574,   |   8168.000 |   8631.500 |   405.183 |   8168.000 |   8168.000 |     0.000
    575,   |   8168.000 |   8609.900 |   418.170 |   8168.000 |   8168.000 |     0.000
    576,   |   8168.000 |   8554.020 |   284.227 |   8168.000 |   8168.000 |     0.000
    577,   |   8168.000 |   8719.180 |   490.942 |   8168.000 |   8168.000 |     0.000
    578,   |   8168.000 |   8791.990 |   520.766 |   8168.000 |   8168.000 |     0.000
    579,   |   8168.000 |   8659.300 |   380.035 |   8168.000 |   8168.000 |     0.000
    580,   |   8157.000 |   8590.040 |   458.566 |   8157.000 |   8157.000 |     0.000
    581,   |   8157.000 |   8533.200 |   429.215 |   8157.000 |   8157.000 |     0.000
    582,   |   8147.000 |   8435.310 |   250.335 |   8147.000 |   8147.000 |     0.000
    583,   |   8147.000 |   8474.210 |   313.921 |   8147.000 |   8147.000 |     0.000
    584,   |   8147.000 |   8543.500 |   404.046 |   8147.000 |   8147.000 |     0.000
    585,   |   8147.000 |   8447.560 |   305.309 |   8147.000 |   8147.000 |     0.000
    586,   |   8140.000 |   8444.360 |   279.980 |   8140.000 |   8140.000 |     0.000
    587,   |   8116.000 |   8385.580 |   277.162 |   8116.000 |   8116.000 |     0.000
    588,   |   8116.000 |   8371.410 |   238.936 |   8116.000 |   8116.000 |     0.000
    589,   |   8060.000 |   8408.340 |   274.174 |   8060.000 |   8060.000 |     0.000
    590,   |   8060.000 |   8371.330 |   274.721 |   8060.000 |   8060.000 |     0.000
    591,   |   8032.000 |   8409.430 |   309.819 |   8032.000 |   8032.000 |     0.000
    592,   |   8032.000 |   8382.450 |   309.683 |   8032.000 |   8032.000 |     0.000
    593,   |   8032.000 |   8396.930 |   357.114 |   8032.000 |   8032.000 |     0.000
    594,   |   8032.000 |   8311.990 |   292.551 |   8032.000 |   8032.000 |     0.000
    595,   |   8005.000 |   8271.930 |   271.599 |   8005.000 |   8005.000 |     0.000
    596,   |   7973.000 |   8304.960 |   249.144 |   7973.000 |   7973.000 |     0.000
    597,   |   7959.000 |   8342.040 |   347.929 |   7959.000 |   7959.000 |     0.000
    598,   |   7913.000 |   8265.040 |   340.587 |   7913.000 |   7913.000 |     0.000
    599,   |   7913.000 |   8277.190 |   302.719 |   7913.000 |   7913.000 |     0.000
    600,   |   7913.000 |   8388.220 |   373.458 |   7913.000 |   7913.000 |     0.000
    601,   |   7913.000 |   8335.190 |   386.428 |   7913.000 |   7913.000 |     0.000
    602,   |   7913.000 |   8418.790 |   447.916 |   7913.000 |   7913.000 |     0.000
    603,   |   7913.000 |   8410.000 |   414.622 |   7913.000 |   7913.000 |     0.000
    604,   |   7913.000 |   8457.330 |   438.050 |   7913.000 |   7913.000 |     0.000
    605,   |   7913.000 |   8488.450 |   463.116 |   7913.000 |   7913.000 |     0.000
    606,   |   7913.000 |   8318.950 |   312.094 |   7913.000 |   7913.000 |     0.000
    607,   |   7864.000 |   8325.350 |   420.850 |   7864.000 |   7864.000 |     0.000
    608,   |   7864.000 |   8161.490 |   236.199 |   7864.000 |   7864.000 |     0.000
    609,   |   7864.000 |   8140.050 |   245.144 |   7864.000 |   7864.000 |     0.000
    610,   |   7864.000 |   8149.920 |   308.765 |   7864.000 |   7864.000 |     0.000
    611,   |   7864.000 |   8129.470 |   255.996 |   7864.000 |   7864.000 |     0.000
    612,   |   7850.000 |   8131.800 |   270.549 |   7850.000 |   7850.000 |     0.000
    613,   |   7831.000 |   8137.810 |   289.000 |   7831.000 |   7831.000 |     0.000
    614,   |   7831.000 |   8117.200 |   256.586 |   7831.000 |   7831.000 |     0.000
    615,   |   7831.000 |   8172.910 |   321.448 |   7831.000 |   7831.000 |     0.000
    616,   |   7799.000 |   8136.670 |   264.306 |   7799.000 |   7799.000 |     0.000
    617,   |   7799.000 |   8150.770 |   332.557 |   7799.000 |   7799.000 |     0.000
    618,   |   7799.000 |   8081.930 |   259.575 |   7799.000 |   7799.000 |     0.000
    619,   |   7786.000 |   8063.810 |   233.991 |   7786.000 |   7786.000 |     0.000
    620,   |   7785.000 |   8131.210 |   352.422 |   7785.000 |   7785.000 |     0.000
    621,   |   7773.000 |   8189.340 |   440.485 |   7773.000 |   7773.000 |     0.000
    622,   |   7760.000 |   8087.220 |   310.416 |   7760.000 |   7760.000 |     0.000
    623,   |   7738.000 |   8072.000 |   286.811 |   7738.000 |   7738.000 |     0.000
    624,   |   7706.000 |   8142.200 |   387.699 |   7706.000 |   7706.000 |     0.000
    625,   |   7706.000 |   8204.490 |   420.487 |   7706.000 |   7706.000 |     0.000
    626,   |   7704.000 |   8273.800 |   497.765 |   7704.000 |   7704.000 |     0.000
    627,   |   7704.000 |   8153.250 |   456.143 |   7704.000 |   7704.000 |     0.000
    628,   |   7704.000 |   8160.010 |   487.113 |   7704.000 |   7704.000 |     0.000
    629,   |   7704.000 |   8254.570 |   443.070 |   7704.000 |   7704.000 |     0.000
    630,   |   7703.000 |   8108.650 |   387.157 |   7703.000 |   7703.000 |     0.000
    631,   |   7658.000 |   8036.090 |   357.478 |   7658.000 |   7658.000 |     0.000
    632,   |   7657.000 |   7964.660 |   317.355 |   7657.000 |   7657.000 |     0.000
    633,   |   7657.000 |   7916.200 |   235.271 |   7657.000 |   7657.000 |     0.000
    634,   |   7640.000 |   7967.490 |   341.221 |   7640.000 |   7640.000 |     0.000
    635,   |   7640.000 |   7957.780 |   305.570 |   7640.000 |   7640.000 |     0.000
    636,   |   7627.000 |   7879.650 |   207.658 |   7627.000 |   7627.000 |     0.000
    637,   |   7627.000 |   7951.650 |   355.277 |   7627.000 |   7627.000 |     0.000
    638,   |   7627.000 |   7967.230 |   322.802 |   7627.000 |   7627.000 |     0.000
    639,   |   7608.000 |   8010.560 |   396.431 |   7608.000 |   7608.000 |     0.000
    640,   |   7608.000 |   8097.860 |   482.296 |   7608.000 |   7608.000 |     0.000
    641,   |   7608.000 |   8131.930 |   460.589 |   7608.000 |   7608.000 |     0.000
    642,   |   7608.000 |   8110.730 |   460.855 |   7608.000 |   7608.000 |     0.000
    643,   |   7608.000 |   8249.730 |   560.047 |   7608.000 |   7608.000 |     0.000
    644,   |   7608.000 |   8155.090 |   523.841 |   7608.000 |   7608.000 |     0.000
    645,   |   7596.000 |   8117.480 |   536.338 |   7596.000 |   7596.000 |     0.000
    646,   |   7584.000 |   8096.330 |   493.092 |   7584.000 |   7584.000 |     0.000
    647,   |   7584.000 |   7988.560 |   373.367 |   7584.000 |   7584.000 |     0.000
    648,   |   7574.000 |   7868.010 |   295.151 |   7574.000 |   7574.000 |     0.000
    649,   |   7566.000 |   7884.910 |   265.163 |   7566.000 |   7566.000 |     0.000
    650,   |   7566.000 |   7857.660 |   313.609 |   7566.000 |   7566.000 |     0.000
    651,   |   7566.000 |   7913.000 |   333.982 |   7566.000 |   7566.000 |     0.000
    652,   |   7566.000 |   7863.750 |   294.221 |   7566.000 |   7566.000 |     0.000
    653,   |   7566.000 |   7852.590 |   259.263 |   7566.000 |   7566.000 |     0.000
    654,   |   7562.000 |   7872.080 |   259.918 |   7562.000 |   7562.000 |     0.000
    655,   |   7562.000 |   7864.320 |   349.668 |   7562.000 |   7562.000 |     0.000
    656,   |   7557.000 |   7858.000 |   348.101 |   7557.000 |   7557.000 |     0.000
    657,   |   7557.000 |   7841.500 |   310.932 |   7557.000 |   7557.000 |     0.000
    658,   |   7502.000 |   7873.970 |   295.937 |   7502.000 |   7502.000 |     0.000
    659,   |   7502.000 |   7811.550 |   295.829 |   7502.000 |   7502.000 |     0.000
    660,   |   7502.000 |   7727.200 |   203.010 |   7502.000 |   7502.000 |     0.000
    661,   |   7486.000 |   7749.020 |   223.710 |   7486.000 |   7486.000 |     0.000
    662,   |   7486.000 |   7784.680 |   245.723 |   7486.000 |   7486.000 |     0.000
    663,   |   7436.000 |   7748.430 |   237.169 |   7436.000 |   7436.000 |     0.000
    664,   |   7436.000 |   7834.480 |   319.778 |   7436.000 |   7436.000 |     0.000
    665,   |   7436.000 |   7872.480 |   360.241 |   7436.000 |   7436.000 |     0.000
    666,   |   7436.000 |   7984.420 |   452.061 |   7436.000 |   7436.000 |     0.000
    667,   |   7436.000 |   7928.370 |   400.959 |   7436.000 |   7436.000 |     0.000
    668,   |   7436.000 |   7808.660 |   345.267 |   7436.000 |   7436.000 |     0.000
    669,   |   7436.000 |   7837.370 |   347.121 |   7436.000 |   7436.000 |     0.000
    670,   |   7408.000 |   7765.280 |   363.204 |   7408.000 |   7408.000 |     0.000
    671,   |   7408.000 |   7830.120 |   396.787 |   7408.000 |   7408.000 |     0.000
    672,   |   7408.000 |   7862.160 |   417.153 |   7408.000 |   7408.000 |     0.000
    673,   |   7408.000 |   7823.070 |   405.368 |   7408.000 |   7408.000 |     0.000
    674,   |   7408.000 |   7876.850 |   414.930 |   7408.000 |   7408.000 |     0.000
    675,   |   7408.000 |   7867.560 |   398.083 |   7408.000 |   7408.000 |     0.000
    676,   |   7407.000 |   7925.670 |   463.775 |   7407.000 |   7407.000 |     0.000
    677,   |   7407.000 |   7867.340 |   451.610 |   7407.000 |   7407.000 |     0.000
    678,   |   7367.000 |   7761.090 |   436.437 |   7367.000 |   7367.000 |     0.000
    679,   |   7367.000 |   7657.500 |   255.484 |   7367.000 |   7367.000 |     0.000
    680,   |   7367.000 |   7698.440 |   334.286 |   7367.000 |   7367.000 |     0.000
    681,   |   7367.000 |   7757.310 |   367.747 |   7367.000 |   7367.000 |     0.000
    682,   |   7367.000 |   7725.460 |   300.618 |   7367.000 |   7367.000 |     0.000
    683,   |   7367.000 |   7808.860 |   368.991 |   7367.000 |   7367.000 |     0.000
    684,   |   7367.000 |   7801.790 |   366.792 |   7367.000 |   7367.000 |     0.000
    685,   |   7367.000 |   7864.580 |   390.401 |   7367.000 |   7367.000 |     0.000
    686,   |   7367.000 |   7843.720 |   359.591 |   7367.000 |   7367.000 |     0.000
    687,   |   7367.000 |   7870.040 |   345.874 |   7367.000 |   7367.000 |     0.000
    688,   |   7367.000 |   7808.680 |   345.945 |   7367.000 |   7367.000 |     0.000
    689,   |   7367.000 |   7683.630 |   346.982 |   7367.000 |   7367.000 |     0.000
    690,   |   7350.000 |   7589.250 |   235.607 |   7350.000 |   7350.000 |     0.000
    691,   |   7350.000 |   7575.640 |   208.938 |   7350.000 |   7350.000 |     0.000
    692,   |   7312.000 |   7632.360 |   263.189 |   7312.000 |   7312.000 |     0.000
    693,   |   7312.000 |   7652.880 |   336.027 |   7312.000 |   7312.000 |     0.000
    694,   |   7264.000 |   7648.200 |   305.244 |   7264.000 |   7264.000 |     0.000
    695,   |   7264.000 |   7564.310 |   234.378 |   7264.000 |   7264.000 |     0.000
    696,   |   7264.000 |   7616.750 |   272.308 |   7264.000 |   7264.000 |     0.000
    697,   |   7264.000 |   7597.480 |   307.620 |   7264.000 |   7264.000 |     0.000
    698,   |   7264.000 |   7538.840 |   292.019 |   7264.000 |   7264.000 |     0.000
    699,   |   7257.000 |   7502.550 |   221.617 |   7257.000 |   7257.000 |     0.000
    700,   |   7232.000 |   7520.350 |   243.962 |   7232.000 |   7232.000 |     0.000
    701,   |   7232.000 |   7618.370 |   308.120 |   7232.000 |   7232.000 |     0.000
    702,   |   7231.000 |   7626.140 |   399.836 |   7231.000 |   7231.000 |     0.000
    703,   |   7231.000 |   7622.220 |   386.203 |   7231.000 |   7231.000 |     0.000
    704,   |   7199.000 |   7599.470 |   365.524 |   7199.000 |   7199.000 |     0.000
    705,   |   7199.000 |   7467.720 |   192.210 |   7199.000 |   7199.000 |     0.000
    706,   |   7199.000 |   7529.610 |   288.267 |   7199.000 |   7199.000 |     0.000
    707,   |   7199.000 |   7586.840 |   355.704 |   7199.000 |   7199.000 |     0.000
    708,   |   7191.000 |   7542.840 |   330.731 |   7191.000 |   7191.000 |     0.000
    709,   |   7169.000 |   7479.870 |   282.335 |   7169.000 |   7169.000 |     0.000
    710,   |   7169.000 |   7487.430 |   271.033 |   7169.000 |   7169.000 |     0.000
    711,   |   7169.000 |   7500.730 |   350.210 |   7169.000 |   7169.000 |     0.000
    712,   |   7169.000 |   7399.900 |   221.472 |   7169.000 |   7169.000 |     0.000
    713,   |   7154.000 |   7439.770 |   257.475 |   7154.000 |   7154.000 |     0.000
    714,   |   7149.000 |   7401.780 |   255.415 |   7149.000 |   7149.000 |     0.000
    715,   |   7149.000 |   7410.480 |   250.654 |   7149.000 |   7149.000 |     0.000
    716,   |   7149.000 |   7400.280 |   222.877 |   7149.000 |   7149.000 |     0.000
    717,   |   7149.000 |   7503.040 |   357.746 |   7149.000 |   7149.000 |     0.000
    718,   |   7124.000 |   7451.330 |   356.325 |   7124.000 |   7124.000 |     0.000
    719,   |   7124.000 |   7353.800 |   245.918 |   7124.000 |   7124.000 |     0.000
    720,   |   7124.000 |   7325.350 |   202.043 |   7124.000 |   7124.000 |     0.000
    721,   |   7102.000 |   7325.510 |   239.593 |   7102.000 |   7102.000 |     0.000
    722,   |   7102.000 |   7392.110 |   261.132 |   7102.000 |   7102.000 |     0.000
    723,   |   7102.000 |   7459.240 |   309.460 |   7102.000 |   7102.000 |     0.000
    724,   |   7102.000 |   7464.350 |   312.735 |   7102.000 |   7102.000 |     0.000
    725,   |   7102.000 |   7456.350 |   314.212 |   7102.000 |   7102.000 |     0.000
    726,   |   7102.000 |   7434.540 |   308.567 |   7102.000 |   7102.000 |     0.000
    727,   |   7066.000 |   7369.760 |   256.170 |   7066.000 |   7066.000 |     0.000
    728,   |   7054.000 |   7368.570 |   253.191 |   7054.000 |   7054.000 |     0.000
    729,   |   7054.000 |   7338.520 |   224.909 |   7054.000 |   7054.000 |     0.000
    730,   |   7054.000 |   7384.510 |   264.335 |   7054.000 |   7054.000 |     0.000
    731,   |   7049.000 |   7363.250 |   294.142 |   7049.000 |   7049.000 |     0.000
    732,   |   7049.000 |   7283.950 |   250.526 |   7049.000 |   7049.000 |     0.000
    733,   |   7049.000 |   7265.150 |   209.435 |   7049.000 |   7049.000 |     0.000
    734,   |   7049.000 |   7239.670 |   218.732 |   7049.000 |   7049.000 |     0.000
    735,   |   7044.000 |   7191.730 |   176.326 |   7044.000 |   7044.000 |     0.000
    736,   |   7044.000 |   7297.460 |   252.257 |   7044.000 |   7044.000 |     0.000
    737,   |   7044.000 |   7371.360 |   296.491 |   7044.000 |   7044.000 |     0.000
    738,   |   7041.000 |   7382.620 |   360.770 |   7041.000 |   7041.000 |     0.000
    739,   |   7022.000 |   7485.150 |   425.884 |   7022.000 |   7022.000 |     0.000
    740,   |   6985.000 |   7426.940 |   400.517 |   6985.000 |   6985.000 |     0.000
    741,   |   6985.000 |   7428.750 |   390.746 |   6985.000 |   6985.000 |     0.000
    742,   |   6971.000 |   7312.690 |   323.302 |   6971.000 |   6971.000 |     0.000
    743,   |   6971.000 |   7317.690 |   339.830 |   6971.000 |   6971.000 |     0.000
    744,   |   6971.000 |   7302.730 |   309.171 |   6971.000 |   6971.000 |     0.000
    745,   |   6958.000 |   7349.490 |   364.782 |   6958.000 |   6958.000 |     0.000
    746,   |   6958.000 |   7483.310 |   500.006 |   6958.000 |   6958.000 |     0.000
    747,   |   6940.000 |   7311.580 |   351.760 |   6940.000 |   6940.000 |     0.000
    748,   |   6940.000 |   7280.480 |   394.633 |   6940.000 |   6940.000 |     0.000
    749,   |   6921.000 |   7381.880 |   462.339 |   6921.000 |   6921.000 |     0.000
    750,   |   6912.000 |   7345.450 |   388.200 |   6912.000 |   6912.000 |     0.000
    751,   |   6894.000 |   7254.010 |   343.012 |   6894.000 |   6894.000 |     0.000
    752,   |   6875.000 |   7245.710 |   333.798 |   6875.000 |   6875.000 |     0.000
    753,   |   6875.000 |   7235.820 |   325.934 |   6875.000 |   6875.000 |     0.000
    754,   |   6875.000 |   7273.350 |   331.154 |   6875.000 |   6875.000 |     0.000
    755,   |   6875.000 |   7281.210 |   392.266 |   6875.000 |   6875.000 |     0.000
    756,   |   6875.000 |   7309.970 |   427.567 |   6875.000 |   6875.000 |     0.000
    757,   |   6875.000 |   7338.940 |   423.940 |   6875.000 |   6875.000 |     0.000
    758,   |   6865.000 |   7246.260 |   344.251 |   6865.000 |   6865.000 |     0.000
    759,   |   6857.000 |   7214.230 |   366.757 |   6857.000 |   6857.000 |     0.000
    760,   |   6857.000 |   7132.000 |   316.369 |   6857.000 |   6857.000 |     0.000
    761,   |   6857.000 |   7168.020 |   336.287 |   6857.000 |   6857.000 |     0.000
    762,   |   6838.000 |   7131.120 |   298.152 |   6838.000 |   6838.000 |     0.000
    763,   |   6833.000 |   7065.400 |   216.882 |   6833.000 |   6833.000 |     0.000
    764,   |   6833.000 |   7124.250 |   326.890 |   6833.000 |   6833.000 |     0.000
    765,   |   6833.000 |   7207.870 |   366.473 |   6833.000 |   6833.000 |     0.000
    766,   |   6823.000 |   7194.460 |   331.130 |   6823.000 |   6823.000 |     0.000
    767,   |   6806.000 |   7206.380 |   405.638 |   6806.000 |   6806.000 |     0.000
    768,   |   6806.000 |   7226.500 |   413.499 |   6806.000 |   6806.000 |     0.000
    769,   |   6791.000 |   7171.450 |   341.923 |   6791.000 |   6791.000 |     0.000
    770,   |   6779.000 |   7259.410 |   429.325 |   6779.000 |   6779.000 |     0.000
    771,   |   6779.000 |   7280.300 |   470.257 |   6779.000 |   6779.000 |     0.000
    772,   |   6779.000 |   7174.930 |   393.181 |   6779.000 |   6779.000 |     0.000
    773,   |   6779.000 |   7206.820 |   355.548 |   6779.000 |   6779.000 |     0.000
    774,   |   6764.000 |   7198.840 |   395.985 |   6764.000 |   6764.000 |     0.000
    775,   |   6764.000 |   7304.550 |   458.011 |   6764.000 |   6764.000 |     0.000
    776,   |   6760.000 |   7299.850 |   464.809 |   6760.000 |   6760.000 |     0.000
    777,   |   6760.000 |   7298.010 |   446.882 |   6760.000 |   6760.000 |     0.000
    778,   |   6725.000 |   7297.800 |   473.659 |   6725.000 |   6725.000 |     0.000
    779,   |   6725.000 |   7160.160 |   369.512 |   6725.000 |   6725.000 |     0.000
    780,   |   6725.000 |   7247.690 |   493.305 |   6725.000 |   6725.000 |     0.000
    781,   |   6720.000 |   7136.220 |   372.469 |   6720.000 |   6720.000 |     0.000
    782,   |   6720.000 |   7057.210 |   316.758 |   6720.000 |   6720.000 |     0.000
    783,   |   6720.000 |   7078.770 |   322.013 |   6720.000 |   6720.000 |     0.000
    784,   |   6652.000 |   7023.640 |   267.737 |   6652.000 |   6652.000 |     0.000
    785,   |   6652.000 |   6953.690 |   216.665 |   6652.000 |   6652.000 |     0.000
    786,   |   6652.000 |   6984.050 |   324.865 |   6652.000 |   6652.000 |     0.000
    787,   |   6647.000 |   7035.050 |   310.227 |   6647.000 |   6647.000 |     0.000
    788,   |   6647.000 |   7103.730 |   358.321 |   6647.000 |   6647.000 |     0.000
    789,   |   6646.000 |   7032.450 |   351.765 |   6646.000 |   6646.000 |     0.000
    790,   |   6644.000 |   6983.170 |   391.548 |   6644.000 |   6644.000 |     0.000
    791,   |   6624.000 |   6857.200 |   229.776 |   6624.000 |   6624.000 |     0.000
    792,   |   6624.000 |   6936.880 |   276.684 |   6624.000 |   6624.000 |     0.000
    793,   |   6624.000 |   6931.330 |   262.546 |   6624.000 |   6624.000 |     0.000
    794,   |   6617.000 |   6970.770 |   328.994 |   6617.000 |   6617.000 |     0.000
    795,   |   6617.000 |   6875.850 |   293.880 |   6617.000 |   6617.000 |     0.000
    796,   |   6617.000 |   6927.550 |   332.590 |   6617.000 |   6617.000 |     0.000
    797,   |   6617.000 |   7057.040 |   350.626 |   6617.000 |   6617.000 |     0.000
    798,   |   6569.000 |   7007.140 |   390.607 |   6569.000 |   6569.000 |     0.000
    799,   |   6569.000 |   6975.900 |   375.464 |   6569.000 |   6569.000 |     0.000
    800,   |   6569.000 |   6975.770 |   339.509 |   6569.000 |   6569.000 |     0.000
    801,   |   6569.000 |   7043.810 |   401.141 |   6569.000 |   6569.000 |     0.000
    802,   |   6569.000 |   7081.600 |   422.911 |   6569.000 |   6569.000 |     0.000
    803,   |   6569.000 |   6981.500 |   376.686 |   6569.000 |   6569.000 |     0.000
    804,   |   6563.000 |   6947.870 |   383.152 |   6563.000 |   6563.000 |     0.000
    805,   |   6563.000 |   6875.150 |   313.583 |   6563.000 |   6563.000 |     0.000
    806,   |   6554.000 |   6818.900 |   213.406 |   6554.000 |   6554.000 |     0.000
    807,   |   6554.000 |   6870.330 |   269.211 |   6554.000 |   6554.000 |     0.000
    808,   |   6549.000 |   6781.720 |   211.490 |   6549.000 |   6549.000 |     0.000
    809,   |   6549.000 |   6824.030 |   272.468 |   6549.000 |   6549.000 |     0.000
    810,   |   6543.000 |   6771.040 |   230.527 |   6543.000 |   6543.000 |     0.000
    811,   |   6527.000 |   6778.880 |   245.747 |   6527.000 |   6527.000 |     0.000
    812,   |   6527.000 |   6759.810 |   226.133 |   6527.000 |   6527.000 |     0.000
    813,   |   6519.000 |   6771.020 |   232.255 |   6519.000 |   6519.000 |     0.000
    814,   |   6519.000 |   6756.790 |   216.235 |   6519.000 |   6519.000 |     0.000
    815,   |   6512.000 |   6784.010 |   219.084 |   6512.000 |   6512.000 |     0.000
    816,   |   6508.000 |   6748.760 |   242.973 |   6508.000 |   6508.000 |     0.000
    817,   |   6506.000 |   6737.210 |   236.772 |   6506.000 |   6506.000 |     0.000
    818,   |   6501.000 |   6720.620 |   207.727 |   6501.000 |   6501.000 |     0.000
    819,   |   6495.000 |   6732.060 |   201.374 |   6495.000 |   6495.000 |     0.000
    820,   |   6458.000 |   6726.440 |   221.356 |   6458.000 |   6458.000 |     0.000
    821,   |   6458.000 |   6773.330 |   302.448 |   6458.000 |   6458.000 |     0.000
    822,   |   6458.000 |   6893.220 |   467.226 |   6458.000 |   6458.000 |     0.000
    823,   |   6458.000 |   6850.660 |   343.216 |   6458.000 |   6458.000 |     0.000
    824,   |   6458.000 |   6892.600 |   487.022 |   6458.000 |   6458.000 |     0.000
    825,   |   6448.000 |   6839.980 |   423.589 |   6448.000 |   6448.000 |     0.000
    826,   |   6448.000 |   6816.860 |   382.576 |   6448.000 |   6448.000 |     0.000
    827,   |   6448.000 |   6782.750 |   317.964 |   6448.000 |   6448.000 |     0.000
    828,   |   6405.000 |   6834.850 |   438.166 |   6405.000 |   6405.000 |     0.000
    829,   |   6405.000 |   6736.630 |   285.123 |   6405.000 |   6405.000 |     0.000
    830,   |   6405.000 |   6769.850 |   354.025 |   6405.000 |   6405.000 |     0.000
    831,   |   6405.000 |   6710.620 |   223.559 |   6405.000 |   6405.000 |     0.000
    832,   |   6373.000 |   6721.410 |   313.200 |   6373.000 |   6373.000 |     0.000
    833,   |   6373.000 |   6629.490 |   198.812 |   6373.000 |   6373.000 |     0.000
    834,   |   6373.000 |   6678.050 |   261.940 |   6373.000 |   6373.000 |     0.000
    835,   |   6373.000 |   6686.280 |   250.376 |   6373.000 |   6373.000 |     0.000
    836,   |   6373.000 |   6677.980 |   264.776 |   6373.000 |   6373.000 |     0.000
    837,   |   6373.000 |   6654.080 |   242.739 |   6373.000 |   6373.000 |     0.000
    838,   |   6373.000 |   6674.320 |   268.984 |   6373.000 |   6373.000 |     0.000
    839,   |   6373.000 |   6634.160 |   224.240 |   6373.000 |   6373.000 |     0.000
    840,   |   6370.000 |   6658.580 |   233.213 |   6370.000 |   6370.000 |     0.000
    841,   |   6366.000 |   6621.940 |   255.811 |   6366.000 |   6366.000 |     0.000
    842,   |   6348.000 |   6607.030 |   233.815 |   6348.000 |   6348.000 |     0.000
    843,   |   6348.000 |   6613.270 |   271.545 |   6348.000 |   6348.000 |     0.000
    844,   |   6348.000 |   6590.170 |   222.332 |   6348.000 |   6348.000 |     0.000
    845,   |   6341.000 |   6574.020 |   224.015 |   6341.000 |   6341.000 |     0.000
    846,   |   6341.000 |   6589.060 |   229.261 |   6341.000 |   6341.000 |     0.000
    847,   |   6341.000 |   6615.300 |   240.257 |   6341.000 |   6341.000 |     0.000
    848,   |   6341.000 |   6607.790 |   258.198 |   6341.000 |   6341.000 |     0.000
    849,   |   6341.000 |   6577.070 |   217.196 |   6341.000 |   6341.000 |     0.000
    850,   |   6341.000 |   6612.800 |   261.980 |   6341.000 |   6341.000 |     0.000
    851,   |   6327.000 |   6601.500 |   247.245 |   6327.000 |   6327.000 |     0.000
    852,   |   6327.000 |   6576.470 |   242.396 |   6327.000 |   6327.000 |     0.000
    853,   |   6321.000 |   6579.710 |   220.077 |   6321.000 |   6321.000 |     0.000
    854,   |   6321.000 |   6633.020 |   310.152 |   6321.000 |   6321.000 |     0.000
    855,   |   6315.000 |   6629.370 |   341.153 |   6315.000 |   6315.000 |     0.000
    856,   |   6315.000 |   6596.720 |   256.951 |   6315.000 |   6315.000 |     0.000
    857,   |   6315.000 |   6627.470 |   306.925 |   6315.000 |   6315.000 |     0.000
    858,   |   6311.000 |   6544.330 |   214.193 |   6311.000 |   6311.000 |     0.000
    859,   |   6309.000 |   6557.370 |   235.467 |   6309.000 |   6309.000 |     0.000
    860,   |   6309.000 |   6550.540 |   226.621 |   6309.000 |   6309.000 |     0.000
    861,   |   6309.000 |   6509.610 |   181.584 |   6309.000 |   6309.000 |     0.000
    862,   |   6309.000 |   6541.600 |   224.440 |   6309.000 |   6309.000 |     0.000
    863,   |   6307.000 |   6556.550 |   236.467 |   6307.000 |   6307.000 |     0.000
    864,   |   6282.000 |   6505.860 |   213.267 |   6282.000 |   6282.000 |     0.000
    865,   |   6282.000 |   6529.560 |   230.842 |   6282.000 |   6282.000 |     0.000
    866,   |   6280.000 |   6642.520 |   345.279 |   6280.000 |   6280.000 |     0.000
    867,   |   6280.000 |   6603.160 |   317.145 |   6280.000 |   6280.000 |     0.000
    868,   |   6280.000 |   6567.930 |   280.064 |   6280.000 |   6280.000 |     0.000
    869,   |   6280.000 |   6534.520 |   233.187 |   6280.000 |   6280.000 |     0.000
    870,   |   6273.000 |   6508.000 |   215.822 |   6273.000 |   6273.000 |     0.000
    871,   |   6253.000 |   6548.190 |   257.884 |   6253.000 |   6253.000 |     0.000
    872,   |   6246.000 |   6556.400 |   286.450 |   6246.000 |   6246.000 |     0.000
    873,   |   6246.000 |   6559.890 |   318.790 |   6246.000 |   6246.000 |     0.000
    874,   |   6246.000 |   6535.450 |   271.531 |   6246.000 |   6246.000 |     0.000
    875,   |   6182.000 |   6524.840 |   245.280 |   6182.000 |   6182.000 |     0.000
    876,   |   6182.000 |   6561.050 |   292.868 |   6182.000 |   6182.000 |     0.000
    877,   |   6182.000 |   6654.220 |   409.472 |   6182.000 |   6182.000 |     0.000
    878,   |   6182.000 |   6710.540 |   414.510 |   6182.000 |   6182.000 |     0.000
    879,   |   6182.000 |   6638.450 |   402.107 |   6182.000 |   6182.000 |     0.000
    880,   |   6182.000 |   6717.750 |   453.763 |   6182.000 |   6182.000 |     0.000
    881,   |   6182.000 |   6548.070 |   366.562 |   6182.000 |   6182.000 |     0.000
    882,   |   6182.000 |   6439.980 |   245.159 |   6182.000 |   6182.000 |     0.000
    883,   |   6182.000 |   6429.840 |   222.060 |   6182.000 |   6182.000 |     0.000
    884,   |   6168.000 |   6399.200 |   207.387 |   6168.000 |   6168.000 |     0.000
    885,   |   6168.000 |   6472.140 |   290.633 |   6168.000 |   6168.000 |     0.000
    886,   |   6168.000 |   6483.130 |   326.675 |   6168.000 |   6168.000 |     0.000
    887,   |   6150.000 |   6449.600 |   265.748 |   6150.000 |   6150.000 |     0.000
    888,   |   6150.000 |   6504.630 |   381.166 |   6150.000 |   6150.000 |     0.000
    889,   |   6150.000 |   6503.920 |   364.924 |   6150.000 |   6150.000 |     0.000
    890,   |   6136.000 |   6543.910 |   400.117 |   6136.000 |   6136.000 |     0.000
    891,   |   6127.000 |   6471.370 |   339.128 |   6127.000 |   6127.000 |     0.000
    892,   |   6124.000 |   6500.830 |   341.097 |   6124.000 |   6124.000 |     0.000
    893,   |   6113.000 |   6517.250 |   363.847 |   6113.000 |   6113.000 |     0.000
    894,   |   6113.000 |   6484.780 |   324.035 |   6113.000 |   6113.000 |     0.000
    895,   |   6113.000 |   6556.420 |   362.476 |   6113.000 |   6113.000 |     0.000
    896,   |   6113.000 |   6496.840 |   370.532 |   6113.000 |   6113.000 |     0.000
    897,   |   6113.000 |   6496.470 |   379.376 |   6113.000 |   6113.000 |     0.000
    898,   |   6113.000 |   6511.340 |   330.042 |   6113.000 |   6113.000 |     0.000
    899,   |   6113.000 |   6453.660 |   382.867 |   6113.000 |   6113.000 |     0.000
    900,   |   6113.000 |   6378.470 |   297.433 |   6113.000 |   6113.000 |     0.000
    901,   |   6109.000 |   6371.190 |   259.241 |   6109.000 |   6109.000 |     0.000
    902,   |   6060.000 |   6316.470 |   201.011 |   6060.000 |   6060.000 |     0.000
    903,   |   6060.000 |   6401.220 |   302.413 |   6060.000 |   6060.000 |     0.000
    904,   |   6060.000 |   6514.430 |   362.624 |   6060.000 |   6060.000 |     0.000
    905,   |   6060.000 |   6586.330 |   429.347 |   6060.000 |   6060.000 |     0.000
    906,   |   6060.000 |   6559.220 |   428.384 |   6060.000 |   6060.000 |     0.000
    907,   |   6047.000 |   6487.460 |   392.544 |   6047.000 |   6047.000 |     0.000
    908,   |   6036.000 |   6451.040 |   337.409 |   6036.000 |   6036.000 |     0.000
    909,   |   6036.000 |   6440.640 |   338.510 |   6036.000 |   6036.000 |     0.000
    910,   |   6036.000 |   6459.340 |   355.495 |   6036.000 |   6036.000 |     0.000
    911,   |   6036.000 |   6476.410 |   363.726 |   6036.000 |   6036.000 |     0.000
    912,   |   6036.000 |   6362.230 |   321.356 |   6036.000 |   6036.000 |     0.000
    913,   |   6036.000 |   6382.120 |   295.860 |   6036.000 |   6036.000 |     0.000
    914,   |   6026.000 |   6346.420 |   302.797 |   6026.000 |   6026.000 |     0.000
    915,   |   6023.000 |   6241.280 |   194.654 |   6023.000 |   6023.000 |     0.000
    916,   |   6023.000 |   6237.170 |   221.517 |   6023.000 |   6023.000 |     0.000
    917,   |   6023.000 |   6213.140 |   173.592 |   6023.000 |   6023.000 |     0.000
    918,   |   6023.000 |   6252.790 |   256.435 |   6023.000 |   6023.000 |     0.000
    919,   |   6000.000 |   6284.920 |   220.117 |   6000.000 |   6000.000 |     0.000
    920,   |   6000.000 |   6235.090 |   229.998 |   6000.000 |   6000.000 |     0.000
    921,   |   5997.000 |   6212.470 |   191.746 |   5997.000 |   5997.000 |     0.000
    922,   |   5997.000 |   6250.040 |   212.207 |   5997.000 |   5997.000 |     0.000
    923,   |   5987.000 |   6218.600 |   206.457 |   5987.000 |   5987.000 |     0.000
    924,   |   5987.000 |   6214.580 |   217.184 |   5987.000 |   5987.000 |     0.000
    925,   |   5987.000 |   6235.830 |   215.709 |   5987.000 |   5987.000 |     0.000
    926,   |   5979.000 |   6215.190 |   207.294 |   5979.000 |   5979.000 |     0.000
    927,   |   5979.000 |   6205.650 |   249.792 |   5979.000 |   5979.000 |     0.000
    928,   |   5973.000 |   6296.400 |   316.077 |   5973.000 |   5973.000 |     0.000
    929,   |   5973.000 |   6291.460 |   267.510 |   5973.000 |   5973.000 |     0.000
    930,   |   5973.000 |   6372.890 |   354.020 |   5973.000 |   5973.000 |     0.000
    931,   |   5973.000 |   6327.100 |   294.175 |   5973.000 |   5973.000 |     0.000
    932,   |   5973.000 |   6435.270 |   404.986 |   5973.000 |   5973.000 |     0.000
    933,   |   5973.000 |   6299.170 |   337.359 |   5973.000 |   5973.000 |     0.000
    934,   |   5973.000 |   6217.530 |   227.238 |   5973.000 |   5973.000 |     0.000
    935,   |   5973.000 |   6169.280 |   194.792 |   5973.000 |   5973.000 |     0.000
    936,   |   5973.000 |   6226.440 |   190.715 |   5973.000 |   5973.000 |     0.000
    937,   |   5973.000 |   6229.130 |   224.654 |   5973.000 |   5973.000 |     0.000
    938,   |   5973.000 |   6183.060 |   190.708 |   5973.000 |   5973.000 |     0.000
    939,   |   5973.000 |   6219.200 |   227.932 |   5973.000 |   5973.000 |     0.000
    940,   |   5973.000 |   6282.780 |   284.921 |   5973.000 |   5973.000 |     0.000
    941,   |   5973.000 |   6216.160 |   229.366 |   5973.000 |   5973.000 |     0.000
    942,   |   5973.000 |   6241.800 |   219.826 |   5973.000 |   5973.000 |     0.000
    943,   |   5973.000 |   6235.870 |   231.333 |   5973.000 |   5973.000 |     0.000
    944,   |   5973.000 |   6261.440 |   227.751 |   5973.000 |   5973.000 |     0.000
    945,   |   5973.000 |   6298.640 |   294.659 |   5973.000 |   5973.000 |     0.000
    946,   |   5958.000 |   6246.910 |   232.662 |   5958.000 |   5958.000 |     0.000
    947,   |   5958.000 |   6284.980 |   289.454 |   5958.000 |   5958.000 |     0.000
    948,   |   5956.000 |   6227.270 |   283.971 |   5956.000 |   5956.000 |     0.000
    949,   |   5956.000 |   6271.170 |   310.936 |   5956.000 |   5956.000 |     0.000
    950,   |   5956.000 |   6316.010 |   363.766 |   5956.000 |   5956.000 |     0.000
    951,   |   5925.000 |   6382.440 |   484.100 |   5925.000 |   5925.000 |     0.000
    952,   |   5925.000 |   6386.570 |   403.047 |   5925.000 |   5925.000 |     0.000
    953,   |   5925.000 |   6376.240 |   367.403 |   5925.000 |   5925.000 |     0.000
    954,   |   5925.000 |   6417.390 |   441.864 |   5925.000 |   5925.000 |     0.000
    955,   |   5925.000 |   6294.670 |   352.606 |   5925.000 |   5925.000 |     0.000
    956,   |   5925.000 |   6358.220 |   427.853 |   5925.000 |   5925.000 |     0.000
    957,   |   5925.000 |   6502.230 |   487.949 |   5925.000 |   5925.000 |     0.000
    958,   |   5925.000 |   6384.770 |   447.415 |   5925.000 |   5925.000 |     0.000
    959,   |   5925.000 |   6257.520 |   298.267 |   5925.000 |   5925.000 |     0.000
    960,   |   5917.000 |   6182.780 |   281.713 |   5917.000 |   5917.000 |     0.000
    961,   |   5917.000 |   6211.640 |   369.348 |   5917.000 |   5917.000 |     0.000
    962,   |   5917.000 |   6142.300 |   228.068 |   5917.000 |   5917.000 |     0.000
    963,   |   5917.000 |   6292.220 |   329.269 |   5917.000 |   5917.000 |     0.000
    964,   |   5917.000 |   6320.320 |   395.409 |   5917.000 |   5917.000 |     0.000
    965,   |   5903.000 |   6244.290 |   354.807 |   5903.000 |   5903.000 |     0.000
    966,   |   5903.000 |   6225.130 |   351.187 |   5903.000 |   5903.000 |     0.000
    967,   |   5897.000 |   6150.550 |   269.859 |   5897.000 |   5897.000 |     0.000
    968,   |   5897.000 |   6119.260 |   234.529 |   5897.000 |   5897.000 |     0.000
    969,   |   5897.000 |   6127.250 |   215.560 |   5897.000 |   5897.000 |     0.000
    970,   |   5889.000 |   6115.460 |   200.407 |   5889.000 |   5889.000 |     0.000
    971,   |   5889.000 |   6164.920 |   267.737 |   5889.000 |   5889.000 |     0.000
    972,   |   5889.000 |   6107.780 |   216.787 |   5889.000 |   5889.000 |     0.000
    973,   |   5887.000 |   6141.010 |   218.018 |   5887.000 |   5887.000 |     0.000
    974,   |   5887.000 |   6182.490 |   277.133 |   5887.000 |   5887.000 |     0.000
    975,   |   5878.000 |   6178.700 |   331.479 |   5878.000 |   5878.000 |     0.000
    976,   |   5878.000 |   6192.950 |   308.857 |   5878.000 |   5878.000 |     0.000
    977,   |   5858.000 |   6183.810 |   289.341 |   5858.000 |   5858.000 |     0.000
    978,   |   5858.000 |   6168.880 |   285.828 |   5858.000 |   5858.000 |     0.000
    979,   |   5858.000 |   6130.580 |   258.238 |   5858.000 |   5858.000 |     0.000
    980,   |   5849.000 |   6134.890 |   278.038 |   5849.000 |   5849.000 |     0.000
    981,   |   5847.000 |   6147.040 |   264.413 |   5847.000 |   5847.000 |     0.000
    982,   |   5847.000 |   6151.440 |   265.548 |   5847.000 |   5847.000 |     0.000
    983,   |   5847.000 |   6116.090 |   232.965 |   5847.000 |   5847.000 |     0.000
    984,   |   5841.000 |   6124.110 |   229.746 |   5841.000 |   5841.000 |     0.000
    985,   |   5838.000 |   6140.760 |   246.220 |   5838.000 |   5838.000 |     0.000
    986,   |   5838.000 |   6136.450 |   287.474 |   5838.000 |   5838.000 |     0.000
    987,   |   5838.000 |   6092.720 |   223.445 |   5838.000 |   5838.000 |     0.000
    988,   |   5838.000 |   6077.830 |   291.564 |   5838.000 |   5838.000 |     0.000
    989,   |   5838.000 |   6027.790 |   205.409 |   5838.000 |   5838.000 |     0.000
    990,   |   5838.000 |   6049.960 |   206.486 |   5838.000 |   5838.000 |     0.000
    991,   |   5838.000 |   6046.570 |   212.345 |   5838.000 |   5838.000 |     0.000
    992,   |   5838.000 |   6065.500 |   213.693 |   5838.000 |   5838.000 |     0.000
    993,   |   5838.000 |   6073.710 |   199.418 |   5838.000 |   5838.000 |     0.000
    994,   |   5838.000 |   6102.770 |   261.602 |   5838.000 |   5838.000 |     0.000
    995,   |   5838.000 |   6075.080 |   225.618 |   5838.000 |   5838.000 |     0.000
    996,   |   5838.000 |   6090.610 |   267.742 |   5838.000 |   5838.000 |     0.000
    997,   |   5838.000 |   6099.700 |   229.068 |   5838.000 |   5838.000 |     0.000
    998,   |   5812.000 |   6172.070 |   356.913 |   5812.000 |   5812.000 |     0.000
    999,   |   5812.000 |   6109.720 |   277.545 |   5812.000 |   5812.000 |     0.000
   1000,   |   5812.000 |   6065.190 |   233.655 |   5812.000 |   5812.000 |     0.000
   1001,   |   5812.000 |   6059.560 |   280.368 |   5812.000 |   5812.000 |     0.000
   1002,   |   5812.000 |   6049.380 |   208.549 |   5812.000 |   5812.000 |     0.000
   1003,   |   5812.000 |   6083.700 |   289.866 |   5812.000 |   5812.000 |     0.000
   1004,   |   5802.000 |   6051.930 |   215.237 |   5802.000 |   5802.000 |     0.000
   1005,   |   5802.000 |   6042.380 |   206.807 |   5802.000 |   5802.000 |     0.000
   1006,   |   5802.000 |   6013.150 |   201.125 |   5802.000 |   5802.000 |     0.000
   1007,   |   5802.000 |   6064.870 |   307.694 |   5802.000 |   5802.000 |     0.000
   1008,   |   5801.000 |   6063.350 |   259.368 |   5801.000 |   5801.000 |     0.000
   1009,   |   5791.000 |   6118.310 |   326.814 |   5791.000 |   5791.000 |     0.000
   1010,   |   5778.000 |   6077.150 |   298.401 |   5778.000 |   5778.000 |     0.000
   1011,   |   5778.000 |   6082.770 |   288.908 |   5778.000 |   5778.000 |     0.000
   1012,   |   5778.000 |   6099.850 |   293.995 |   5778.000 |   5778.000 |     0.000
   1013,   |   5778.000 |   6087.690 |   326.988 |   5778.000 |   5778.000 |     0.000
   1014,   |   5778.000 |   6020.950 |   259.957 |   5778.000 |   5778.000 |     0.000
   1015,   |   5778.000 |   6005.260 |   225.682 |   5778.000 |   5778.000 |     0.000
   1016,   |   5778.000 |   5972.080 |   219.154 |   5778.000 |   5778.000 |     0.000
   1017,   |   5767.000 |   5993.010 |   196.370 |   5767.000 |   5767.000 |     0.000
   1018,   |   5767.000 |   6002.080 |   222.103 |   5767.000 |   5767.000 |     0.000
   1019,   |   5767.000 |   5999.850 |   204.586 |   5767.000 |   5767.000 |     0.000
   1020,   |   5740.000 |   6080.360 |   326.633 |   5740.000 |   5740.000 |     0.000
   1021,   |   5689.000 |   6013.520 |   223.304 |   5689.000 |   5689.000 |     0.000
   1022,   |   5689.000 |   6006.650 |   278.036 |   5689.000 |   5689.000 |     0.000
   1023,   |   5689.000 |   6113.250 |   414.377 |   5689.000 |   5689.000 |     0.000
   1024,   |   5689.000 |   6013.280 |   318.195 |   5689.000 |   5689.000 |     0.000
   1025,   |   5689.000 |   6039.970 |   389.564 |   5689.000 |   5689.000 |     0.000
   1026,   |   5683.000 |   6052.930 |   430.483 |   5683.000 |   5683.000 |     0.000
   1027,   |   5673.000 |   6042.950 |   384.934 |   5673.000 |   5673.000 |     0.000
   1028,   |   5673.000 |   5975.940 |   278.622 |   5673.000 |   5673.000 |     0.000
   1029,   |   5667.000 |   5954.100 |   266.253 |   5667.000 |   5667.000 |     0.000
   1030,   |   5667.000 |   5915.650 |   233.725 |   5667.000 |   5667.000 |     0.000
   1031,   |   5667.000 |   5923.760 |   228.378 |   5667.000 |   5667.000 |     0.000
   1032,   |   5667.000 |   5938.940 |   216.539 |   5667.000 |   5667.000 |     0.000
   1033,   |   5655.000 |   5937.620 |   246.123 |   5655.000 |   5655.000 |     0.000
   1034,   |   5655.000 |   5865.540 |   233.496 |   5655.000 |   5655.000 |     0.000
   1035,   |   5655.000 |   5885.970 |   241.159 |   5655.000 |   5655.000 |     0.000
   1036,   |   5642.000 |   5905.530 |   203.826 |   5642.000 |   5642.000 |     0.000
   1037,   |   5642.000 |   5897.270 |   238.485 |   5642.000 |   5642.000 |     0.000
   1038,   |   5630.000 |   5884.980 |   237.442 |   5630.000 |   5630.000 |     0.000
   1039,   |   5630.000 |   5855.140 |   217.088 |   5630.000 |   5630.000 |     0.000
   1040,   |   5627.000 |   5837.400 |   209.767 |   5627.000 |   5627.000 |     0.000
   1041,   |   5627.000 |   5845.080 |   206.963 |   5627.000 |   5627.000 |     0.000
   1042,   |   5627.000 |   5881.680 |   209.463 |   5627.000 |   5627.000 |     0.000
   1043,   |   5580.000 |   5893.340 |   254.653 |   5580.000 |   5580.000 |     0.000
   1044,   |   5580.000 |   5934.450 |   292.187 |   5580.000 |   5580.000 |     0.000
   1045,   |   5569.000 |   5967.090 |   325.236 |   5569.000 |   5569.000 |     0.000
   1046,   |   5569.000 |   5960.350 |   378.183 |   5569.000 |   5569.000 |     0.000
   1047,   |   5569.000 |   5865.580 |   290.819 |   5569.000 |   5569.000 |     0.000
   1048,   |   5569.000 |   5820.310 |   225.393 |   5569.000 |   5569.000 |     0.000
   1049,   |   5551.000 |   5805.800 |   227.676 |   5551.000 |   5551.000 |     0.000
   1050,   |   5551.000 |   5752.730 |   185.288 |   5551.000 |   5551.000 |     0.000
   1051,   |   5551.000 |   5784.490 |   206.931 |   5551.000 |   5551.000 |     0.000
   1052,   |   5551.000 |   5855.170 |   354.741 |   5551.000 |   5551.000 |     0.000
   1053,   |   5551.000 |   5770.550 |   229.407 |   5551.000 |   5551.000 |     0.000
   1054,   |   5551.000 |   5865.390 |   321.516 |   5551.000 |   5551.000 |     0.000
   1055,   |   5551.000 |   5814.450 |   267.335 |   5551.000 |   5551.000 |     0.000
   1056,   |   5551.000 |   5857.580 |   269.515 |   5551.000 |   5551.000 |     0.000
   1057,   |   5533.000 |   5818.540 |   251.682 |   5533.000 |   5533.000 |     0.000
   1058,   |   5533.000 |   5747.700 |   188.743 |   5533.000 |   5533.000 |     0.000
   1059,   |   5526.000 |   5775.460 |   208.356 |   5526.000 |   5526.000 |     0.000
   1060,   |   5526.000 |   5812.690 |   244.423 |   5526.000 |   5526.000 |     0.000
   1061,   |   5516.000 |   5813.560 |   254.859 |   5516.000 |   5516.000 |     0.000
   1062,   |   5516.000 |   5800.450 |   233.477 |   5516.000 |   5516.000 |     0.000
   1063,   |   5516.000 |   5823.030 |   267.575 |   5516.000 |   5516.000 |     0.000
   1064,   |   5516.000 |   5765.020 |   240.213 |   5516.000 |   5516.000 |     0.000
   1065,   |   5516.000 |   5780.190 |   227.800 |   5516.000 |   5516.000 |     0.000
   1066,   |   5516.000 |   5821.870 |   250.173 |   5516.000 |   5516.000 |     0.000
   1067,   |   5516.000 |   5859.070 |   333.875 |   5516.000 |   5516.000 |     0.000
   1068,   |   5506.000 |   5861.310 |   376.315 |   5506.000 |   5506.000 |     0.000
   1069,   |   5506.000 |   5851.660 |   317.685 |   5506.000 |   5506.000 |     0.000
   1070,   |   5502.000 |   5858.440 |   327.882 |   5502.000 |   5502.000 |     0.000
   1071,   |   5502.000 |   5783.970 |   245.502 |   5502.000 |   5502.000 |     0.000
   1072,   |   5499.000 |   5789.620 |   273.700 |   5499.000 |   5499.000 |     0.000
   1073,   |   5499.000 |   5798.550 |   280.672 |   5499.000 |   5499.000 |     0.000
   1074,   |   5492.000 |   5832.430 |   363.394 |   5492.000 |   5492.000 |     0.000
   1075,   |   5485.000 |   5830.470 |   364.924 |   5485.000 |   5485.000 |     0.000
   1076,   |   5468.000 |   5768.140 |   309.841 |   5468.000 |   5468.000 |     0.000
   1077,   |   5468.000 |   5794.460 |   381.747 |   5468.000 |   5468.000 |     0.000
   1078,   |   5468.000 |   5873.790 |   389.874 |   5468.000 |   5468.000 |     0.000
   1079,   |   5468.000 |   5907.180 |   433.646 |   5468.000 |   5468.000 |     0.000
   1080,   |   5468.000 |   5840.870 |   385.452 |   5468.000 |   5468.000 |     0.000
   1081,   |   5468.000 |   5865.520 |   371.564 |   5468.000 |   5468.000 |     0.000
   1082,   |   5468.000 |   5800.460 |   325.957 |   5468.000 |   5468.000 |     0.000
   1083,   |   5468.000 |   5702.250 |   218.855 |   5468.000 |   5468.000 |     0.000
   1084,   |   5468.000 |   5745.710 |   270.646 |   5468.000 |   5468.000 |     0.000
   1085,   |   5468.000 |   5752.860 |   216.330 |   5468.000 |   5468.000 |     0.000
   1086,   |   5468.000 |   5718.010 |   234.376 |   5468.000 |   5468.000 |     0.000
   1087,   |   5468.000 |   5687.200 |   237.792 |   5468.000 |   5468.000 |     0.000
   1088,   |   5468.000 |   5713.220 |   216.063 |   5468.000 |   5468.000 |     0.000
   1089,   |   5468.000 |   5782.140 |   266.629 |   5468.000 |   5468.000 |     0.000
   1090,   |   5468.000 |   5729.200 |   277.268 |   5468.000 |   5468.000 |     0.000
   1091,   |   5468.000 |   5656.570 |   229.769 |   5468.000 |   5468.000 |     0.000
   1092,   |   5468.000 |   5686.730 |   194.947 |   5468.000 |   5468.000 |     0.000
   1093,   |   5468.000 |   5703.820 |   210.670 |   5468.000 |   5468.000 |     0.000
   1094,   |   5468.000 |   5746.160 |   242.960 |   5468.000 |   5468.000 |     0.000
   1095,   |   5468.000 |   5753.770 |   257.952 |   5468.000 |   5468.000 |     0.000
   1096,   |   5468.000 |   5716.340 |   267.313 |   5468.000 |   5468.000 |     0.000
   1097,   |   5468.000 |   5729.450 |   240.269 |   5468.000 |   5468.000 |     0.000
   1098,   |   5468.000 |   5688.170 |   190.737 |   5468.000 |   5468.000 |     0.000
   1099,   |   5468.000 |   5785.170 |   322.534 |   5468.000 |   5468.000 |     0.000
   1100,   |   5467.000 |   5707.190 |   236.600 |   5467.000 |   5467.000 |     0.000
   1101,   |   5467.000 |   5692.180 |   217.796 |   5467.000 |   5467.000 |     0.000
   1102,   |   5440.000 |   5694.190 |   225.431 |   5440.000 |   5440.000 |     0.000
   1103,   |   5440.000 |   5694.800 |   218.986 |   5440.000 |   5440.000 |     0.000
   1104,   |   5422.000 |   5683.130 |   211.073 |   5422.000 |   5422.000 |     0.000
   1105,   |   5422.000 |   5721.640 |   238.535 |   5422.000 |   5422.000 |     0.000
   1106,   |   5422.000 |   5823.230 |   345.982 |   5422.000 |   5422.000 |     0.000
   1107,   |   5410.000 |   5836.570 |   380.518 |   5410.000 |   5410.000 |     0.000
   1108,   |   5410.000 |   5782.770 |   357.260 |   5410.000 |   5410.000 |     0.000
   1109,   |   5410.000 |   5699.280 |   250.765 |   5410.000 |   5410.000 |     0.000
   1110,   |   5410.000 |   5688.020 |   263.284 |   5410.000 |   5410.000 |     0.000
   1111,   |   5410.000 |   5675.160 |   233.369 |   5410.000 |   5410.000 |     0.000
   1112,   |   5410.000 |   5659.590 |   221.832 |   5410.000 |   5410.000 |     0.000
   1113,   |   5410.000 |   5675.180 |   323.106 |   5410.000 |   5410.000 |     0.000
   1114,   |   5383.000 |   5582.760 |   188.753 |   5383.000 |   5383.000 |     0.000
   1115,   |   5383.000 |   5633.000 |   207.179 |   5383.000 |   5383.000 |     0.000
   1116,   |   5383.000 |   5683.290 |   309.400 |   5383.000 |   5383.000 |     0.000
   1117,   |   5383.000 |   5627.860 |   251.338 |   5383.000 |   5383.000 |     0.000
   1118,   |   5383.000 |   5685.020 |   316.257 |   5383.000 |   5383.000 |     0.000
   1119,   |   5383.000 |   5640.760 |   260.319 |   5383.000 |   5383.000 |     0.000
   1120,   |   5383.000 |   5606.110 |   237.914 |   5383.000 |   5383.000 |     0.000
   1121,   |   5383.000 |   5624.250 |   230.908 |   5383.000 |   5383.000 |     0.000
   1122,   |   5383.000 |   5637.750 |   251.147 |   5383.000 |   5383.000 |     0.000
   1123,   |   5383.000 |   5604.580 |   210.954 |   5383.000 |   5383.000 |     0.000
   1124,   |   5383.000 |   5629.300 |   247.134 |   5383.000 |   5383.000 |     0.000
   1125,   |   5383.000 |   5603.190 |   207.799 |   5383.000 |   5383.000 |     0.000
   1126,   |   5383.000 |   5609.540 |   206.227 |   5383.000 |   5383.000 |     0.000
   1127,   |   5376.000 |   5667.700 |   291.886 |   5376.000 |   5376.000 |     0.000
   1128,   |   5376.000 |   5654.200 |   277.618 |   5376.000 |   5376.000 |     0.000
   1129,   |   5376.000 |   5655.090 |   268.500 |   5376.000 |   5376.000 |     0.000
   1130,   |   5376.000 |   5682.560 |   285.293 |   5376.000 |   5376.000 |     0.000
   1131,   |   5359.000 |   5674.530 |   296.948 |   5359.000 |   5359.000 |     0.000
   1132,   |   5359.000 |   5716.630 |   316.469 |   5359.000 |   5359.000 |     0.000
   1133,   |   5350.000 |   5675.500 |   288.660 |   5350.000 |   5350.000 |     0.000
   1134,   |   5350.000 |   5766.810 |   383.043 |   5350.000 |   5350.000 |     0.000
   1135,   |   5350.000 |   5761.480 |   387.617 |   5350.000 |   5350.000 |     0.000
   1136,   |   5350.000 |   5737.990 |   346.752 |   5350.000 |   5350.000 |     0.000
   1137,   |   5350.000 |   5818.550 |   417.755 |   5350.000 |   5350.000 |     0.000
   1138,   |   5350.000 |   5933.930 |   443.205 |   5350.000 |   5350.000 |     0.000
   1139,   |   5350.000 |   5844.550 |   433.268 |   5350.000 |   5350.000 |     0.000
   1140,   |   5350.000 |   5758.380 |   366.194 |   5350.000 |   5350.000 |     0.000
   1141,   |   5350.000 |   5598.040 |   269.112 |   5350.000 |   5350.000 |     0.000
   1142,   |   5350.000 |   5619.180 |   232.636 |   5350.000 |   5350.000 |     0.000
   1143,   |   5350.000 |   5611.530 |   275.693 |   5350.000 |   5350.000 |     0.000
   1144,   |   5350.000 |   5584.150 |   203.954 |   5350.000 |   5350.000 |     0.000
   1145,   |   5350.000 |   5585.090 |   211.744 |   5350.000 |   5350.000 |     0.000
   1146,   |   5350.000 |   5642.590 |   232.278 |   5350.000 |   5350.000 |     0.000
   1147,   |   5350.000 |   5653.890 |   272.654 |   5350.000 |   5350.000 |     0.000
   1148,   |   5350.000 |   5608.300 |   266.114 |   5350.000 |   5350.000 |     0.000
   1149,   |   5350.000 |   5624.790 |   236.043 |   5350.000 |   5350.000 |     0.000
   1150,   |   5350.000 |   5565.490 |   214.976 |   5350.000 |   5350.000 |     0.000
   1151,   |   5350.000 |   5573.220 |   199.584 |   5350.000 |   5350.000 |     0.000
   1152,   |   5323.000 |   5634.390 |   303.014 |   5323.000 |   5323.000 |     0.000
   1153,   |   5323.000 |   5564.260 |   217.968 |   5323.000 |   5323.000 |     0.000
   1154,   |   5323.000 |   5610.940 |   258.367 |   5323.000 |   5323.000 |     0.000
   1155,   |   5323.000 |   5634.150 |   290.621 |   5323.000 |   5323.000 |     0.000
   1156,   |   5323.000 |   5658.790 |   323.013 |   5323.000 |   5323.000 |     0.000
   1157,   |   5323.000 |   5621.610 |   306.440 |   5323.000 |   5323.000 |     0.000
   1158,   |   5323.000 |   5616.260 |   257.445 |   5323.000 |   5323.000 |     0.000
   1159,   |   5304.000 |   5660.090 |   350.610 |   5304.000 |   5304.000 |     0.000
   1160,   |   5304.000 |   5582.050 |   210.253 |   5304.000 |   5304.000 |     0.000
   1161,   |   5304.000 |   5562.020 |   257.460 |   5304.000 |   5304.000 |     0.000
   1162,   |   5304.000 |   5569.580 |   237.792 |   5304.000 |   5304.000 |     0.000
   1163,   |   5304.000 |   5537.670 |   225.717 |   5304.000 |   5304.000 |     0.000
   1164,   |   5304.000 |   5583.730 |   278.670 |   5304.000 |   5304.000 |     0.000
   1165,   |   5304.000 |   5587.170 |   251.896 |   5304.000 |   5304.000 |     0.000
   1166,   |   5284.000 |   5535.060 |   210.770 |   5284.000 |   5284.000 |     0.000
   1167,   |   5284.000 |   5530.390 |   218.718 |   5284.000 |   5284.000 |     0.000
   1168,   |   5284.000 |   5563.690 |   257.124 |   5284.000 |   5284.000 |     0.000
   1169,   |   5275.000 |   5572.390 |   280.320 |   5275.000 |   5275.000 |     0.000
   1170,   |   5275.000 |   5576.020 |   355.945 |   5275.000 |   5275.000 |     0.000
   1171,   |   5275.000 |   5536.930 |   234.282 |   5275.000 |   5275.000 |     0.000
   1172,   |   5275.000 |   5522.840 |   257.115 |   5275.000 |   5275.000 |     0.000
   1173,   |   5275.000 |   5481.160 |   197.370 |   5275.000 |   5275.000 |     0.000
   1174,   |   5275.000 |   5527.660 |   235.133 |   5275.000 |   5275.000 |     0.000
   1175,   |   5275.000 |   5554.730 |   248.250 |   5275.000 |   5275.000 |     0.000
   1176,   |   5275.000 |   5548.640 |   292.965 |   5275.000 |   5275.000 |     0.000
   1177,   |   5271.000 |   5526.390 |   277.262 |   5271.000 |   5271.000 |     0.000
   1178,   |   5271.000 |   5551.740 |   316.468 |   5271.000 |   5271.000 |     0.000
   1179,   |   5271.000 |   5628.180 |   384.233 |   5271.000 |   5271.000 |     0.000
   1180,   |   5265.000 |   5544.290 |   314.651 |   5265.000 |   5265.000 |     0.000
   1181,   |   5265.000 |   5778.620 |   416.177 |   5265.000 |   5265.000 |     0.000
   1182,   |   5265.000 |   5764.780 |   417.704 |   5265.000 |   5265.000 |     0.000
   1183,   |   5265.000 |   5845.880 |   511.451 |   5265.000 |   5265.000 |     0.000
   1184,   |   5240.000 |   5824.540 |   477.100 |   5240.000 |   5240.000 |     0.000
   1185,   |   5240.000 |   5794.400 |   473.726 |   5240.000 |   5240.000 |     0.000
   1186,   |   5240.000 |   5792.080 |   481.548 |   5240.000 |   5240.000 |     0.000
   1187,   |   5240.000 |   5790.220 |   504.682 |   5240.000 |   5240.000 |     0.000
   1188,   |   5240.000 |   5703.800 |   411.958 |   5240.000 |   5240.000 |     0.000
   1189,   |   5240.000 |   5758.790 |   442.546 |   5240.000 |   5240.000 |     0.000
   1190,   |   5240.000 |   5729.120 |   421.515 |   5240.000 |   5240.000 |     0.000
   1191,   |   5240.000 |   5734.490 |   448.330 |   5240.000 |   5240.000 |     0.000
   1192,   |   5240.000 |   5653.820 |   350.191 |   5240.000 |   5240.000 |     0.000
   1193,   |   5240.000 |   5746.270 |   434.192 |   5240.000 |   5240.000 |     0.000
   1194,   |   5240.000 |   5779.410 |   498.452 |   5240.000 |   5240.000 |     0.000
   1195,   |   5240.000 |   5668.710 |   364.304 |   5240.000 |   5240.000 |     0.000
   1196,   |   5229.000 |   5701.980 |   430.621 |   5229.000 |   5229.000 |     0.000
   1197,   |   5229.000 |   5864.260 |   491.339 |   5229.000 |   5229.000 |     0.000
   1198,   |   5229.000 |   5883.600 |   498.970 |   5229.000 |   5229.000 |     0.000
   1199,   |   5229.000 |   5890.470 |   523.725 |   5229.000 |   5229.000 |     0.000
   1200,   |   5229.000 |   5882.260 |   429.608 |   5229.000 |   5229.000 |     0.000
   1201,   |   5229.000 |   5882.590 |   472.733 |   5229.000 |   5229.000 |     0.000
   1202,   |   5229.000 |   5729.260 |   443.666 |   5229.000 |   5229.000 |     0.000
   1203,   |   5229.000 |   5625.840 |   378.192 |   5229.000 |   5229.000 |     0.000
   1204,   |   5229.000 |   5533.030 |   293.701 |   5229.000 |   5229.000 |     0.000
   1205,   |   5229.000 |   5459.290 |   225.713 |   5229.000 |   5229.000 |     0.000
   1206,   |   5229.000 |   5449.180 |   226.334 |   5229.000 |   5229.000 |     0.000
   1207,   |   5229.000 |   5489.510 |   273.048 |   5229.000 |   5229.000 |     0.000
   1208,   |   5229.000 |   5508.660 |   207.957 |   5229.000 |   5229.000 |     0.000
   1209,   |   5229.000 |   5523.470 |   264.253 |   5229.000 |   5229.000 |     0.000
   1210,   |   5229.000 |   5467.250 |   259.156 |   5229.000 |   5229.000 |     0.000
   1211,   |   5229.000 |   5435.310 |   205.847 |   5229.000 |   5229.000 |     0.000
   1212,   |   5229.000 |   5410.430 |   173.195 |   5229.000 |   5229.000 |     0.000
   1213,   |   5229.000 |   5464.940 |   207.053 |   5229.000 |   5229.000 |     0.000
   1214,   |   5229.000 |   5501.120 |   242.298 |   5229.000 |   5229.000 |     0.000
   1215,   |   5229.000 |   5433.740 |   201.067 |   5229.000 |   5229.000 |     0.000
   1216,   |   5218.000 |   5419.440 |   194.208 |   5218.000 |   5218.000 |     0.000
   1217,   |   5217.000 |   5419.430 |   211.962 |   5217.000 |   5217.000 |     0.000
   1218,   |   5217.000 |   5432.500 |   226.683 |   5217.000 |   5217.000 |     0.000
   1219,   |   5198.000 |   5444.640 |   227.107 |   5198.000 |   5198.000 |     0.000
   1220,   |   5198.000 |   5426.100 |   212.505 |   5198.000 |   5198.000 |     0.000
   1221,   |   5192.000 |   5518.160 |   312.855 |   5192.000 |   5192.000 |     0.000
   1222,   |   5186.000 |   5445.360 |   287.095 |   5186.000 |   5186.000 |     0.000
   1223,   |   5186.000 |   5419.820 |   221.423 |   5186.000 |   5186.000 |     0.000
   1224,   |   5161.000 |   5449.210 |   288.904 |   5161.000 |   5161.000 |     0.000
   1225,   |   5161.000 |   5443.010 |   228.164 |   5161.000 |   5161.000 |     0.000
   1226,   |   5161.000 |   5479.250 |   286.095 |   5161.000 |   5161.000 |     0.000
   1227,   |   5161.000 |   5434.390 |   254.337 |   5161.000 |   5161.000 |     0.000
   1228,   |   5152.000 |   5392.320 |   216.535 |   5152.000 |   5152.000 |     0.000
   1229,   |   5152.000 |   5358.380 |   203.995 |   5152.000 |   5152.000 |     0.000
   1230,   |   5152.000 |   5385.850 |   219.740 |   5152.000 |   5152.000 |     0.000
   1231,   |   5152.000 |   5392.140 |   217.441 |   5152.000 |   5152.000 |     0.000
   1232,   |   5152.000 |   5374.690 |   187.364 |   5152.000 |   5152.000 |     0.000
   1233,   |   5152.000 |   5412.620 |   208.914 |   5152.000 |   5152.000 |     0.000
   1234,   |   5147.000 |   5409.620 |   225.320 |   5147.000 |   5147.000 |     0.000
   1235,   |   5147.000 |   5388.510 |   241.391 |   5147.000 |   5147.000 |     0.000
   1236,   |   5147.000 |   5379.000 |   248.592 |   5147.000 |   5147.000 |     0.000
   1237,   |   5147.000 |   5403.460 |   232.700 |   5147.000 |   5147.000 |     0.000
   1238,   |   5147.000 |   5447.800 |   313.518 |   5147.000 |   5147.000 |     0.000
   1239,   |   5147.000 |   5373.150 |   216.073 |   5147.000 |   5147.000 |     0.000
   1240,   |   5134.000 |   5434.060 |   240.991 |   5134.000 |   5134.000 |     0.000
   1241,   |   5134.000 |   5410.920 |   225.840 |   5134.000 |   5134.000 |     0.000
   1242,   |   5134.000 |   5426.910 |   238.437 |   5134.000 |   5134.000 |     0.000
   1243,   |   5134.000 |   5395.810 |   257.571 |   5134.000 |   5134.000 |     0.000
   1244,   |   5133.000 |   5332.400 |   218.792 |   5133.000 |   5133.000 |     0.000
   1245,   |   5133.000 |   5336.560 |   197.756 |   5133.000 |   5133.000 |     0.000
   1246,   |   5133.000 |   5417.390 |   287.595 |   5133.000 |   5133.000 |     0.000
   1247,   |   5133.000 |   5476.950 |   338.427 |   5133.000 |   5133.000 |     0.000
   1248,   |   5133.000 |   5513.070 |   355.377 |   5133.000 |   5133.000 |     0.000
   1249,   |   5133.000 |   5386.340 |   305.223 |   5133.000 |   5133.000 |     0.000
   1250,   |   5133.000 |   5360.190 |   223.451 |   5133.000 |   5133.000 |     0.000
   1251,   |   5104.000 |   5338.730 |   205.050 |   5104.000 |   5104.000 |     0.000
   1252,   |   5104.000 |   5352.000 |   206.082 |   5104.000 |   5104.000 |     0.000
   1253,   |   5104.000 |   5334.460 |   223.627 |   5104.000 |   5104.000 |     0.000
   1254,   |   5092.000 |   5316.780 |   185.491 |   5092.000 |   5092.000 |     0.000
   1255,   |   5092.000 |   5337.820 |   236.501 |   5092.000 |   5092.000 |     0.000
   1256,   |   5092.000 |   5346.600 |   269.559 |   5092.000 |   5092.000 |     0.000
   1257,   |   5092.000 |   5319.830 |   205.721 |   5092.000 |   5092.000 |     0.000
   1258,   |   5092.000 |   5316.950 |   240.165 |   5092.000 |   5092.000 |     0.000
   1259,   |   5092.000 |   5328.920 |   231.933 |   5092.000 |   5092.000 |     0.000
   1260,   |   5092.000 |   5280.910 |   186.337 |   5092.000 |   5092.000 |     0.000
   1261,   |   5072.000 |   5272.100 |   178.073 |   5072.000 |   5072.000 |     0.000
   1262,   |   5072.000 |   5334.440 |   243.566 |   5072.000 |   5072.000 |     0.000
   1263,   |   5072.000 |   5313.770 |   236.689 |   5072.000 |   5072.000 |     0.000
   1264,   |   5072.000 |   5391.180 |   262.318 |   5072.000 |   5072.000 |     0.000
   1265,   |   5070.000 |   5443.050 |   304.431 |   5070.000 |   5070.000 |     0.000
   1266,   |   5070.000 |   5425.830 |   397.149 |   5070.000 |   5070.000 |     0.000
   1267,   |   5070.000 |   5385.290 |   269.349 |   5070.000 |   5070.000 |     0.000
   1268,   |   5070.000 |   5365.000 |   302.186 |   5070.000 |   5070.000 |     0.000
   1269,   |   5070.000 |   5328.390 |   267.741 |   5070.000 |   5070.000 |     0.000
   1270,   |   5043.000 |   5294.270 |   225.839 |   5043.000 |   5043.000 |     0.000
   1271,   |   5043.000 |   5316.770 |   266.166 |   5043.000 |   5043.000 |     0.000
   1272,   |   5043.000 |   5379.480 |   305.733 |   5043.000 |   5043.000 |     0.000
   1273,   |   5043.000 |   5519.700 |   491.759 |   5043.000 |   5043.000 |     0.000
   1274,   |   5043.000 |   5371.460 |   269.848 |   5043.000 |   5043.000 |     0.000
   1275,   |   5043.000 |   5412.350 |   345.809 |   5043.000 |   5043.000 |     0.000
   1276,   |   5043.000 |   5320.770 |   258.394 |   5043.000 |   5043.000 |     0.000
   1277,   |   5042.000 |   5275.320 |   219.386 |   5042.000 |   5042.000 |     0.000
   1278,   |   5029.000 |   5311.120 |   220.166 |   5029.000 |   5029.000 |     0.000
   1279,   |   5029.000 |   5301.390 |   235.802 |   5029.000 |   5029.000 |     0.000
   1280,   |   5029.000 |   5282.370 |   247.947 |   5029.000 |   5029.000 |     0.000
   1281,   |   5028.000 |   5285.310 |   256.972 |   5028.000 |   5028.000 |     0.000
   1282,   |   5028.000 |   5341.390 |   268.356 |   5028.000 |   5028.000 |     0.000
   1283,   |   5028.000 |   5337.500 |   348.284 |   5028.000 |   5028.000 |     0.000
   1284,   |   5025.000 |   5302.010 |   265.058 |   5025.000 |   5025.000 |     0.000
   1285,   |   5025.000 |   5352.410 |   239.970 |   5025.000 |   5025.000 |     0.000
   1286,   |   5025.000 |   5328.320 |   280.375 |   5025.000 |   5025.000 |     0.000
   1287,   |   5025.000 |   5360.990 |   303.579 |   5025.000 |   5025.000 |     0.000
   1288,   |   5025.000 |   5336.300 |   301.146 |   5025.000 |   5025.000 |     0.000
   1289,   |   5025.000 |   5322.510 |   293.055 |   5025.000 |   5025.000 |     0.000
   1290,   |   5025.000 |   5302.350 |   227.692 |   5025.000 |   5025.000 |     0.000
   1291,   |   5009.000 |   5316.100 |   252.698 |   5009.000 |   5009.000 |     0.000
   1292,   |   5009.000 |   5241.570 |   236.564 |   5009.000 |   5009.000 |     0.000
   1293,   |   5009.000 |   5239.540 |   201.489 |   5009.000 |   5009.000 |     0.000
   1294,   |   5009.000 |   5270.810 |   237.695 |   5009.000 |   5009.000 |     0.000
   1295,   |   5009.000 |   5257.020 |   217.512 |   5009.000 |   5009.000 |     0.000
   1296,   |   5007.000 |   5201.810 |   208.672 |   5007.000 |   5007.000 |     0.000
   1297,   |   5007.000 |   5318.330 |   314.575 |   5007.000 |   5007.000 |     0.000
   1298,   |   5000.000 |   5388.450 |   349.367 |   5000.000 |   5000.000 |     0.000
   1299,   |   5000.000 |   5382.170 |   370.447 |   5000.000 |   5000.000 |     0.000
   1300,   |   5000.000 |   5407.940 |   375.692 |   5000.000 |   5000.000 |     0.000
   1301,   |   5000.000 |   5328.310 |   315.671 |   5000.000 |   5000.000 |     0.000
   1302,   |   5000.000 |   5326.560 |   285.730 |   5000.000 |   5000.000 |     0.000
   1303,   |   5000.000 |   5251.580 |   222.739 |   5000.000 |   5000.000 |     0.000
   1304,   |   5000.000 |   5248.580 |   220.747 |   5000.000 |   5000.000 |     0.000
   1305,   |   5000.000 |   5249.240 |   263.202 |   5000.000 |   5000.000 |     0.000
   1306,   |   5000.000 |   5177.450 |   189.457 |   5000.000 |   5000.000 |     0.000
   1307,   |   5000.000 |   5181.720 |   193.875 |   5000.000 |   5000.000 |     0.000
   1308,   |   5000.000 |   5197.010 |   209.130 |   5000.000 |   5000.000 |     0.000
   1309,   |   5000.000 |   5218.400 |   207.179 |   5000.000 |   5000.000 |     0.000
   1310,   |   5000.000 |   5234.650 |   218.412 |   5000.000 |   5000.000 |     0.000
   1311,   |   5000.000 |   5199.080 |   201.357 |   5000.000 |   5000.000 |     0.000
   1312,   |   4989.000 |   5206.550 |   192.987 |   4989.000 |   4989.000 |     0.000
   1313,   |   4989.000 |   5201.790 |   203.816 |   4989.000 |   4989.000 |     0.000
   1314,   |   4989.000 |   5232.090 |   218.489 |   4989.000 |   4989.000 |     0.000
   1315,   |   4989.000 |   5232.740 |   224.545 |   4989.000 |   4989.000 |     0.000
   1316,   |   4989.000 |   5193.290 |   239.187 |   4989.000 |   4989.000 |     0.000
   1317,   |   4989.000 |   5224.930 |   211.513 |   4989.000 |   4989.000 |     0.000
   1318,   |   4977.000 |   5231.980 |   222.226 |   4977.000 |   4977.000 |     0.000
   1319,   |   4977.000 |   5338.830 |   380.167 |   4977.000 |   4977.000 |     0.000
   1320,   |   4977.000 |   5294.760 |   353.069 |   4977.000 |   4977.000 |     0.000
   1321,   |   4977.000 |   5302.360 |   341.175 |   4977.000 |   4977.000 |     0.000
   1322,   |   4977.000 |   5374.990 |   415.656 |   4977.000 |   4977.000 |     0.000
   1323,   |   4977.000 |   5465.580 |   448.136 |   4977.000 |   4977.000 |     0.000
   1324,   |   4977.000 |   5409.370 |   394.512 |   4977.000 |   4977.000 |     0.000
   1325,   |   4977.000 |   5346.940 |   401.427 |   4977.000 |   4977.000 |     0.000
   1326,   |   4977.000 |   5324.950 |   329.602 |   4977.000 |   4977.000 |     0.000
   1327,   |   4977.000 |   5288.860 |   310.541 |   4977.000 |   4977.000 |     0.000
   1328,   |   4977.000 |   5217.610 |   277.140 |   4977.000 |   4977.000 |     0.000
   1329,   |   4977.000 |   5211.430 |   212.360 |   4977.000 |   4977.000 |     0.000
   1330,   |   4977.000 |   5184.590 |   213.192 |   4977.000 |   4977.000 |     0.000
   1331,   |   4977.000 |   5187.270 |   196.667 |   4977.000 |   4977.000 |     0.000
   1332,   |   4977.000 |   5207.950 |   224.479 |   4977.000 |   4977.000 |     0.000
   1333,   |   4977.000 |   5214.300 |   216.074 |   4977.000 |   4977.000 |     0.000
   1334,   |   4977.000 |   5195.230 |   225.160 |   4977.000 |   4977.000 |     0.000
   1335,   |   4973.000 |   5179.400 |   184.116 |   4973.000 |   4973.000 |     0.000
   1336,   |   4973.000 |   5215.740 |   212.919 |   4973.000 |   4973.000 |     0.000
   1337,   |   4973.000 |   5219.560 |   240.843 |   4973.000 |   4973.000 |     0.000
   1338,   |   4943.000 |   5188.230 |   207.975 |   4943.000 |   4943.000 |     0.000
   1339,   |   4943.000 |   5248.330 |   219.188 |   4943.000 |   4943.000 |     0.000
   1340,   |   4943.000 |   5246.290 |   257.759 |   4943.000 |   4943.000 |     0.000
   1341,   |   4943.000 |   5176.990 |   215.473 |   4943.000 |   4943.000 |     0.000
   1342,   |   4943.000 |   5211.480 |   215.329 |   4943.000 |   4943.000 |     0.000
   1343,   |   4943.000 |   5237.510 |   271.056 |   4943.000 |   4943.000 |     0.000
   1344,   |   4943.000 |   5208.940 |   210.015 |   4943.000 |   4943.000 |     0.000
   1345,   |   4943.000 |   5175.030 |   192.336 |   4943.000 |   4943.000 |     0.000
   1346,   |   4943.000 |   5210.590 |   263.432 |   4943.000 |   4943.000 |     0.000
   1347,   |   4943.000 |   5192.360 |   269.334 |   4943.000 |   4943.000 |     0.000
   1348,   |   4943.000 |   5184.890 |   221.776 |   4943.000 |   4943.000 |     0.000
   1349,   |   4935.000 |   5170.520 |   222.050 |   4935.000 |   4935.000 |     0.000
   1350,   |   4935.000 |   5144.950 |   210.145 |   4935.000 |   4935.000 |     0.000
   1351,   |   4935.000 |   5174.860 |   215.055 |   4935.000 |   4935.000 |     0.000
   1352,   |   4935.000 |   5216.770 |   231.911 |   4935.000 |   4935.000 |     0.000
   1353,   |   4935.000 |   5193.140 |   266.012 |   4935.000 |   4935.000 |     0.000
   1354,   |   4935.000 |   5173.990 |   218.676 |   4935.000 |   4935.000 |     0.000
   1355,   |   4935.000 |   5185.190 |   233.176 |   4935.000 |   4935.000 |     0.000
   1356,   |   4935.000 |   5165.940 |   229.776 |   4935.000 |   4935.000 |     0.000
   1357,   |   4925.000 |   5172.630 |   211.506 |   4925.000 |   4925.000 |     0.000
   1358,   |   4925.000 |   5117.930 |   204.399 |   4925.000 |   4925.000 |     0.000
   1359,   |   4925.000 |   5153.400 |   195.295 |   4925.000 |   4925.000 |     0.000
   1360,   |   4925.000 |   5148.710 |   204.096 |   4925.000 |   4925.000 |     0.000
   1361,   |   4925.000 |   5202.150 |   241.657 |   4925.000 |   4925.000 |     0.000
   1362,   |   4925.000 |   5211.200 |   252.704 |   4925.000 |   4925.000 |     0.000
   1363,   |   4925.000 |   5201.800 |   222.627 |   4925.000 |   4925.000 |     0.000
   1364,   |   4925.000 |   5177.080 |   222.583 |   4925.000 |   4925.000 |     0.000
   1365,   |   4905.000 |   5178.250 |   229.963 |   4905.000 |   4905.000 |     0.000
   1366,   |   4905.000 |   5179.020 |   239.735 |   4905.000 |   4905.000 |     0.000
   1367,   |   4893.000 |   5142.840 |   237.696 |   4893.000 |   4893.000 |     0.000
   1368,   |   4893.000 |   5156.710 |   232.874 |   4893.000 |   4893.000 |     0.000
   1369,   |   4893.000 |   5169.430 |   259.244 |   4893.000 |   4893.000 |     0.000
   1370,   |   4891.000 |   5221.050 |   329.988 |   4891.000 |   4891.000 |     0.000
   1371,   |   4891.000 |   5203.480 |   316.057 |   4891.000 |   4891.000 |     0.000
   1372,   |   4891.000 |   5166.680 |   296.045 |   4891.000 |   4891.000 |     0.000
   1373,   |   4891.000 |   5273.730 |   353.666 |   4891.000 |   4891.000 |     0.000
   1374,   |   4891.000 |   5192.860 |   268.424 |   4891.000 |   4891.000 |     0.000
   1375,   |   4891.000 |   5274.830 |   374.723 |   4891.000 |   4891.000 |     0.000
   1376,   |   4891.000 |   5204.650 |   292.202 |   4891.000 |   4891.000 |     0.000
   1377,   |   4891.000 |   5268.780 |   367.468 |   4891.000 |   4891.000 |     0.000
   1378,   |   4891.000 |   5327.790 |   402.593 |   4891.000 |   4891.000 |     0.000
   1379,   |   4886.000 |   5298.250 |   386.719 |   4886.000 |   4886.000 |     0.000
   1380,   |   4886.000 |   5276.240 |   342.499 |   4886.000 |   4886.000 |     0.000
   1381,   |   4886.000 |   5186.060 |   254.504 |   4886.000 |   4886.000 |     0.000
   1382,   |   4886.000 |   5142.050 |   235.998 |   4886.000 |   4886.000 |     0.000
   1383,   |   4886.000 |   5110.640 |   208.141 |   4886.000 |   4886.000 |     0.000
   1384,   |   4886.000 |   5131.060 |   235.175 |   4886.000 |   4886.000 |     0.000
   1385,   |   4886.000 |   5143.640 |   234.071 |   4886.000 |   4886.000 |     0.000
   1386,   |   4882.000 |   5127.070 |   223.989 |   4882.000 |   4882.000 |     0.000
   1387,   |   4882.000 |   5123.930 |   200.011 |   4882.000 |   4882.000 |     0.000
   1388,   |   4882.000 |   5123.210 |   253.295 |   4882.000 |   4882.000 |     0.000
   1389,   |   4882.000 |   5104.910 |   203.062 |   4882.000 |   4882.000 |     0.000
   1390,   |   4882.000 |   5128.910 |   203.625 |   4882.000 |   4882.000 |     0.000
   1391,   |   4881.000 |   5089.990 |   222.982 |   4881.000 |   4881.000 |     0.000
   1392,   |   4881.000 |   5101.600 |   195.462 |   4881.000 |   4881.000 |     0.000
   1393,   |   4881.000 |   5093.320 |   196.504 |   4881.000 |   4881.000 |     0.000
   1394,   |   4881.000 |   5147.170 |   216.533 |   4881.000 |   4881.000 |     0.000
   1395,   |   4873.000 |   5126.010 |   238.297 |   4873.000 |   4873.000 |     0.000
   1396,   |   4873.000 |   5077.810 |   218.823 |   4873.000 |   4873.000 |     0.000
   1397,   |   4873.000 |   5084.040 |   232.190 |   4873.000 |   4873.000 |     0.000
   1398,   |   4872.000 |   5124.610 |   235.299 |   4872.000 |   4872.000 |     0.000
   1399,   |   4872.000 |   5137.770 |   271.739 |   4872.000 |   4872.000 |     0.000
   1400,   |   4872.000 |   5199.710 |   339.059 |   4872.000 |   4872.000 |     0.000
   1401,   |   4872.000 |   5275.990 |   388.960 |   4872.000 |   4872.000 |     0.000
   1402,   |   4872.000 |   5321.180 |   429.228 |   4872.000 |   4872.000 |     0.000
   1403,   |   4872.000 |   5180.090 |   314.147 |   4872.000 |   4872.000 |     0.000
   1404,   |   4865.000 |   5129.920 |   233.126 |   4865.000 |   4865.000 |     0.000
   1405,   |   4865.000 |   5125.740 |   216.958 |   4865.000 |   4865.000 |     0.000
   1406,   |   4865.000 |   5086.790 |   209.418 |   4865.000 |   4865.000 |     0.000
   1407,   |   4865.000 |   5130.480 |   244.143 |   4865.000 |   4865.000 |     0.000
   1408,   |   4865.000 |   5116.230 |   196.637 |   4865.000 |   4865.000 |     0.000
   1409,   |   4865.000 |   5099.090 |   230.038 |   4865.000 |   4865.000 |     0.000
   1410,   |   4865.000 |   5061.060 |   189.153 |   4865.000 |   4865.000 |     0.000
   1411,   |   4865.000 |   5119.060 |   231.984 |   4865.000 |   4865.000 |     0.000
   1412,   |   4865.000 |   5126.050 |   219.735 |   4865.000 |   4865.000 |     0.000
   1413,   |   4865.000 |   5098.090 |   229.474 |   4865.000 |   4865.000 |     0.000
   1414,   |   4865.000 |   5073.610 |   211.021 |   4865.000 |   4865.000 |     0.000
   1415,   |   4865.000 |   5114.210 |   232.582 |   4865.000 |   4865.000 |     0.000
   1416,   |   4862.000 |   5070.720 |   228.877 |   4862.000 |   4862.000 |     0.000
   1417,   |   4862.000 |   5117.430 |   227.213 |   4862.000 |   4862.000 |     0.000
   1418,   |   4862.000 |   5265.590 |   402.474 |   4862.000 |   4862.000 |     0.000
   1419,   |   4862.000 |   5366.500 |   416.894 |   4862.000 |   4862.000 |     0.000
   1420,   |   4862.000 |   5361.680 |   446.147 |   4862.000 |   4862.000 |     0.000
   1421,   |   4862.000 |   5228.260 |   343.661 |   4862.000 |   4862.000 |     0.000
   1422,   |   4857.000 |   5130.600 |   242.778 |   4857.000 |   4857.000 |     0.000
   1423,   |   4857.000 |   5086.140 |   201.281 |   4857.000 |   4857.000 |     0.000
   1424,   |   4857.000 |   5080.910 |   232.957 |   4857.000 |   4857.000 |     0.000
   1425,   |   4848.000 |   5096.990 |   217.909 |   4848.000 |   4848.000 |     0.000
   1426,   |   4848.000 |   5062.220 |   245.278 |   4848.000 |   4848.000 |     0.000
   1427,   |   4843.000 |   5069.130 |   198.375 |   4843.000 |   4843.000 |     0.000
   1428,   |   4843.000 |   5086.010 |   248.171 |   4843.000 |   4843.000 |     0.000
   1429,   |   4843.000 |   5114.650 |   215.100 |   4843.000 |   4843.000 |     0.000
   1430,   |   4843.000 |   5078.890 |   224.315 |   4843.000 |   4843.000 |     0.000
   1431,   |   4843.000 |   5092.940 |   208.265 |   4843.000 |   4843.000 |     0.000
   1432,   |   4843.000 |   5138.940 |   297.326 |   4843.000 |   4843.000 |     0.000
   1433,   |   4829.000 |   5118.430 |   253.097 |   4829.000 |   4829.000 |     0.000
   1434,   |   4829.000 |   5150.670 |   298.281 |   4829.000 |   4829.000 |     0.000
   1435,   |   4829.000 |   5076.280 |   254.591 |   4829.000 |   4829.000 |     0.000
   1436,   |   4829.000 |   5085.920 |   203.755 |   4829.000 |   4829.000 |     0.000
   1437,   |   4829.000 |   5074.020 |   245.780 |   4829.000 |   4829.000 |     0.000
   1438,   |   4829.000 |   5076.460 |   225.537 |   4829.000 |   4829.000 |     0.000
   1439,   |   4829.000 |   5030.220 |   191.767 |   4829.000 |   4829.000 |     0.000
   1440,   |   4829.000 |   5023.620 |   207.998 |   4829.000 |   4829.000 |     0.000
   1441,   |   4829.000 |   5075.770 |   231.476 |   4829.000 |   4829.000 |     0.000
   1442,   |   4829.000 |   5077.080 |   222.736 |   4829.000 |   4829.000 |     0.000
   1443,   |   4829.000 |   5128.160 |   287.288 |   4829.000 |   4829.000 |     0.000
   1444,   |   4829.000 |   5053.710 |   229.088 |   4829.000 |   4829.000 |     0.000
   1445,   |   4829.000 |   5062.310 |   200.601 |   4829.000 |   4829.000 |     0.000
   1446,   |   4829.000 |   5062.030 |   231.770 |   4829.000 |   4829.000 |     0.000
   1447,   |   4829.000 |   5050.030 |   210.284 |   4829.000 |   4829.000 |     0.000
   1448,   |   4829.000 |   5025.450 |   203.132 |   4829.000 |   4829.000 |     0.000
   1449,   |   4829.000 |   5033.370 |   206.208 |   4829.000 |   4829.000 |     0.000
   1450,   |   4829.000 |   5002.940 |   217.803 |   4829.000 |   4829.000 |     0.000
   1451,   |   4829.000 |   5092.550 |   237.508 |   4829.000 |   4829.000 |     0.000
   1452,   |   4829.000 |   5068.860 |   272.269 |   4829.000 |   4829.000 |     0.000
   1453,   |   4829.000 |   5056.730 |   250.508 |   4829.000 |   4829.000 |     0.000
   1454,   |   4829.000 |   5027.160 |   210.316 |   4829.000 |   4829.000 |     0.000
   1455,   |   4829.000 |   5072.090 |   207.943 |   4829.000 |   4829.000 |     0.000
   1456,   |   4829.000 |   5101.400 |   234.622 |   4829.000 |   4829.000 |     0.000
   1457,   |   4829.000 |   5046.750 |   189.104 |   4829.000 |   4829.000 |     0.000
   1458,   |   4829.000 |   5051.920 |   236.028 |   4829.000 |   4829.000 |     0.000
   1459,   |   4829.000 |   5010.290 |   221.569 |   4829.000 |   4829.000 |     0.000
   1460,   |   4829.000 |   5089.820 |   257.753 |   4829.000 |   4829.000 |     0.000
   1461,   |   4829.000 |   5058.400 |   223.693 |   4829.000 |   4829.000 |     0.000
   1462,   |   4829.000 |   5051.460 |   180.715 |   4829.000 |   4829.000 |     0.000
   1463,   |   4829.000 |   5060.600 |   208.013 |   4829.000 |   4829.000 |     0.000
   1464,   |   4813.000 |   5058.710 |   231.033 |   4813.000 |   4813.000 |     0.000
   1465,   |   4813.000 |   5064.110 |   238.116 |   4813.000 |   4813.000 |     0.000
   1466,   |   4813.000 |   5061.590 |   204.323 |   4813.000 |   4813.000 |     0.000
   1467,   |   4813.000 |   5072.460 |   238.880 |   4813.000 |   4813.000 |     0.000
   1468,   |   4801.000 |   5077.980 |   275.422 |   4801.000 |   4801.000 |     0.000
   1469,   |   4801.000 |   5064.840 |   217.789 |   4801.000 |   4801.000 |     0.000
   1470,   |   4801.000 |   5115.560 |   355.136 |   4801.000 |   4801.000 |     0.000
   1471,   |   4801.000 |   5030.890 |   226.211 |   4801.000 |   4801.000 |     0.000
   1472,   |   4801.000 |   5049.530 |   220.610 |   4801.000 |   4801.000 |     0.000
   1473,   |   4801.000 |   5046.080 |   222.925 |   4801.000 |   4801.000 |     0.000
   1474,   |   4801.000 |   5084.680 |   263.364 |   4801.000 |   4801.000 |     0.000
   1475,   |   4801.000 |   5067.690 |   236.203 |   4801.000 |   4801.000 |     0.000
   1476,   |   4801.000 |   5036.150 |   220.039 |   4801.000 |   4801.000 |     0.000
   1477,   |   4801.000 |   5053.650 |   212.597 |   4801.000 |   4801.000 |     0.000
   1478,   |   4801.000 |   5051.770 |   215.796 |   4801.000 |   4801.000 |     0.000
   1479,   |   4801.000 |   5041.610 |   201.948 |   4801.000 |   4801.000 |     0.000
   1480,   |   4787.000 |   5031.660 |   225.497 |   4787.000 |   4787.000 |     0.000
   1481,   |   4787.000 |   5071.640 |   234.875 |   4787.000 |   4787.000 |     0.000
   1482,   |   4787.000 |   5134.750 |   319.094 |   4787.000 |   4787.000 |     0.000
   1483,   |   4787.000 |   5107.620 |   276.898 |   4787.000 |   4787.000 |     0.000
   1484,   |   4787.000 |   5098.270 |   280.020 |   4787.000 |   4787.000 |     0.000
   1485,   |   4787.000 |   5020.060 |   251.979 |   4787.000 |   4787.000 |     0.000
   1486,   |   4787.000 |   5062.690 |   225.804 |   4787.000 |   4787.000 |     0.000
   1487,   |   4787.000 |   4995.770 |   209.143 |   4787.000 |   4787.000 |     0.000
   1488,   |   4787.000 |   5016.680 |   255.021 |   4787.000 |   4787.000 |     0.000
   1489,   |   4787.000 |   5005.620 |   236.247 |   4787.000 |   4787.000 |     0.000
   1490,   |   4787.000 |   5010.720 |   237.426 |   4787.000 |   4787.000 |     0.000
   1491,   |   4787.000 |   4988.530 |   206.325 |   4787.000 |   4787.000 |     0.000
   1492,   |   4787.000 |   5008.100 |   183.133 |   4787.000 |   4787.000 |     0.000
   1493,   |   4787.000 |   5021.850 |   205.899 |   4787.000 |   4787.000 |     0.000
   1494,   |   4787.000 |   5035.920 |   244.471 |   4787.000 |   4787.000 |     0.000
   1495,   |   4787.000 |   5033.100 |   224.121 |   4787.000 |   4787.000 |     0.000
   1496,   |   4787.000 |   5017.060 |   233.699 |   4787.000 |   4787.000 |     0.000
   1497,   |   4787.000 |   5018.950 |   213.861 |   4787.000 |   4787.000 |     0.000
   1498,   |   4787.000 |   5015.880 |   236.989 |   4787.000 |   4787.000 |     0.000
   1499,   |   4787.000 |   5010.610 |   208.265 |   4787.000 |   4787.000 |     0.000
   1500,   |   4787.000 |   5039.920 |   232.201 |   4787.000 |   4787.000 |     0.000
   1501,   |   4787.000 |   5057.880 |   261.685 |   4787.000 |   4787.000 |     0.000
   1502,   |   4786.000 |   5043.940 |   244.639 |   4786.000 |   4786.000 |     0.000
   1503,   |   4786.000 |   5040.130 |   236.623 |   4786.000 |   4786.000 |     0.000
   1504,   |   4786.000 |   5060.290 |   245.487 |   4786.000 |   4786.000 |     0.000
   1505,   |   4786.000 |   4984.840 |   195.658 |   4786.000 |   4786.000 |     0.000
   1506,   |   4786.000 |   5002.060 |   222.483 |   4786.000 |   4786.000 |     0.000
   1507,   |   4786.000 |   5027.180 |   223.578 |   4786.000 |   4786.000 |     0.000
   1508,   |   4786.000 |   5010.960 |   201.661 |   4786.000 |   4786.000 |     0.000
   1509,   |   4786.000 |   5033.610 |   223.697 |   4786.000 |   4786.000 |     0.000
   1510,   |   4786.000 |   5016.070 |   216.934 |   4786.000 |   4786.000 |     0.000
   1511,   |   4786.000 |   5007.130 |   211.691 |   4786.000 |   4786.000 |     0.000
   1512,   |   4786.000 |   4995.090 |   198.628 |   4786.000 |   4786.000 |     0.000
   1513,   |   4786.000 |   5091.940 |   296.323 |   4786.000 |   4786.000 |     0.000
   1514,   |   4786.000 |   5003.670 |   201.495 |   4786.000 |   4786.000 |     0.000
   1515,   |   4786.000 |   5015.910 |   216.271 |   4786.000 |   4786.000 |     0.000
   1516,   |   4786.000 |   5027.220 |   214.445 |   4786.000 |   4786.000 |     0.000
   1517,   |   4786.000 |   5035.930 |   276.785 |   4786.000 |   4786.000 |     0.000
   1518,   |   4786.000 |   5039.170 |   230.744 |   4786.000 |   4786.000 |     0.000
   1519,   |   4786.000 |   5069.960 |   311.161 |   4786.000 |   4786.000 |     0.000
   1520,   |   4783.000 |   5027.550 |   228.118 |   4783.000 |   4783.000 |     0.000
   1521,   |   4783.000 |   5073.000 |   307.307 |   4783.000 |   4783.000 |     0.000
   1522,   |   4781.000 |   5048.060 |   217.295 |   4781.000 |   4781.000 |     0.000
   1523,   |   4778.000 |   5012.210 |   223.251 |   4778.000 |   4778.000 |     0.000
   1524,   |   4778.000 |   5091.620 |   273.932 |   4778.000 |   4778.000 |     0.000
   1525,   |   4778.000 |   5041.370 |   243.722 |   4778.000 |   4778.000 |     0.000
   1526,   |   4764.000 |   5017.540 |   235.091 |   4764.000 |   4764.000 |     0.000
   1527,   |   4764.000 |   4990.950 |   218.149 |   4764.000 |   4764.000 |     0.000
   1528,   |   4764.000 |   5071.660 |   232.144 |   4764.000 |   4764.000 |     0.000
   1529,   |   4764.000 |   5037.850 |   223.070 |   4764.000 |   4764.000 |     0.000
   1530,   |   4764.000 |   5043.410 |   288.668 |   4764.000 |   4764.000 |     0.000
   1531,   |   4764.000 |   4988.240 |   214.902 |   4764.000 |   4764.000 |     0.000
   1532,   |   4764.000 |   4982.040 |   213.261 |   4764.000 |   4764.000 |     0.000
   1533,   |   4764.000 |   5019.220 |   240.377 |   4764.000 |   4764.000 |     0.000
   1534,   |   4764.000 |   4995.210 |   218.829 |   4764.000 |   4764.000 |     0.000
   1535,   |   4764.000 |   5019.880 |   212.794 |   4764.000 |   4764.000 |     0.000
   1536,   |   4764.000 |   5029.380 |   235.073 |   4764.000 |   4764.000 |     0.000
   1537,   |   4764.000 |   5008.500 |   215.475 |   4764.000 |   4764.000 |     0.000
   1538,   |   4764.000 |   4991.700 |   208.024 |   4764.000 |   4764.000 |     0.000
   1539,   |   4764.000 |   5032.010 |   234.272 |   4764.000 |   4764.000 |     0.000
   1540,   |   4764.000 |   4958.940 |   220.615 |   4764.000 |   4764.000 |     0.000
   1541,   |   4764.000 |   4974.760 |   211.318 |   4764.000 |   4764.000 |     0.000
   1542,   |   4754.000 |   4994.350 |   214.577 |   4754.000 |   4754.000 |     0.000
   1543,   |   4754.000 |   5087.250 |   271.934 |   4754.000 |   4754.000 |     0.000
   1544,   |   4754.000 |   5097.660 |   319.512 |   4754.000 |   4754.000 |     0.000
   1545,   |   4754.000 |   5172.020 |   426.225 |   4754.000 |   4754.000 |     0.000
   1546,   |   4754.000 |   5323.190 |   471.859 |   4754.000 |   4754.000 |     0.000
   1547,   |   4754.000 |   5146.280 |   346.297 |   4754.000 |   4754.000 |     0.000
   1548,   |   4754.000 |   5154.220 |   413.371 |   4754.000 |   4754.000 |     0.000
   1549,   |   4754.000 |   5035.790 |   266.749 |   4754.000 |   4754.000 |     0.000
   1550,   |   4754.000 |   4981.530 |   220.859 |   4754.000 |   4754.000 |     0.000
   1551,   |   4754.000 |   5045.060 |   240.884 |   4754.000 |   4754.000 |     0.000
   1552,   |   4754.000 |   5033.160 |   256.892 |   4754.000 |   4754.000 |     0.000
   1553,   |   4754.000 |   5025.890 |   268.726 |   4754.000 |   4754.000 |     0.000
   1554,   |   4754.000 |   4980.720 |   224.497 |   4754.000 |   4754.000 |     0.000
   1555,   |   4754.000 |   5004.380 |   204.031 |   4754.000 |   4754.000 |     0.000
   1556,   |   4735.000 |   5034.790 |   253.300 |   4735.000 |   4735.000 |     0.000
   1557,   |   4735.000 |   5032.470 |   272.022 |   4735.000 |   4735.000 |     0.000
   1558,   |   4735.000 |   5011.100 |   258.290 |   4735.000 |   4735.000 |     0.000
   1559,   |   4735.000 |   5049.190 |   284.651 |   4735.000 |   4735.000 |     0.000
   1560,   |   4707.000 |   5045.090 |   326.700 |   4707.000 |   4707.000 |     0.000
   1561,   |   4707.000 |   4949.200 |   226.861 |   4707.000 |   4707.000 |     0.000
   1562,   |   4707.000 |   4943.830 |   222.640 |   4707.000 |   4707.000 |     0.000
   1563,   |   4707.000 |   4885.330 |   186.873 |   4707.000 |   4707.000 |     0.000
   1564,   |   4701.000 |   4926.200 |   220.042 |   4701.000 |   4701.000 |     0.000
   1565,   |   4701.000 |   4949.240 |   236.649 |   4701.000 |   4701.000 |     0.000
   1566,   |   4701.000 |   4916.420 |   222.761 |   4701.000 |   4701.000 |     0.000
   1567,   |   4701.000 |   4983.070 |   312.076 |   4701.000 |   4701.000 |     0.000
   1568,   |   4701.000 |   4953.370 |   235.305 |   4701.000 |   4701.000 |     0.000
   1569,   |   4701.000 |   4931.210 |   247.743 |   4701.000 |   4701.000 |     0.000
   1570,   |   4701.000 |   4924.130 |   207.093 |   4701.000 |   4701.000 |     0.000
   1571,   |   4701.000 |   4905.930 |   204.878 |   4701.000 |   4701.000 |     0.000
   1572,   |   4701.000 |   4924.380 |   201.784 |   4701.000 |   4701.000 |     0.000
   1573,   |   4701.000 |   4990.990 |   269.166 |   4701.000 |   4701.000 |     0.000
   1574,   |   4701.000 |   5030.190 |   313.605 |   4701.000 |   4701.000 |     0.000
   1575,   |   4701.000 |   4985.370 |   263.976 |   4701.000 |   4701.000 |     0.000
   1576,   |   4701.000 |   4973.220 |   234.571 |   4701.000 |   4701.000 |     0.000
   1577,   |   4698.000 |   4983.270 |   277.730 |   4698.000 |   4698.000 |     0.000
   1578,   |   4698.000 |   4945.700 |   243.965 |   4698.000 |   4698.000 |     0.000
   1579,   |   4698.000 |   4936.310 |   208.922 |   4698.000 |   4698.000 |     0.000
   1580,   |   4698.000 |   4922.040 |   200.009 |   4698.000 |   4698.000 |     0.000
   1581,   |   4698.000 |   4908.640 |   205.428 |   4698.000 |   4698.000 |     0.000
   1582,   |   4698.000 |   4903.900 |   204.906 |   4698.000 |   4698.000 |     0.000
   1583,   |   4681.000 |   4910.150 |   224.450 |   4681.000 |   4681.000 |     0.000
   1584,   |   4657.000 |   4915.780 |   193.811 |   4657.000 |   4657.000 |     0.000
   1585,   |   4657.000 |   4903.660 |   202.728 |   4657.000 |   4657.000 |     0.000
   1586,   |   4657.000 |   4899.390 |   201.354 |   4657.000 |   4657.000 |     0.000
   1587,   |   4657.000 |   4914.770 |   215.398 |   4657.000 |   4657.000 |     0.000
   1588,   |   4657.000 |   4863.420 |   214.704 |   4657.000 |   4657.000 |     0.000
   1589,   |   4657.000 |   4918.030 |   208.772 |   4657.000 |   4657.000 |     0.000
   1590,   |   4657.000 |   4903.460 |   235.200 |   4657.000 |   4657.000 |     0.000
   1591,   |   4657.000 |   4900.050 |   236.851 |   4657.000 |   4657.000 |     0.000
   1592,   |   4657.000 |   4910.640 |   212.250 |   4657.000 |   4657.000 |     0.000
   1593,   |   4657.000 |   4882.770 |   222.155 |   4657.000 |   4657.000 |     0.000
   1594,   |   4657.000 |   4893.750 |   217.393 |   4657.000 |   4657.000 |     0.000
   1595,   |   4657.000 |   4904.950 |   214.444 |   4657.000 |   4657.000 |     0.000
   1596,   |   4657.000 |   4954.000 |   290.915 |   4657.000 |   4657.000 |     0.000
   1597,   |   4657.000 |   4937.500 |   223.158 |   4657.000 |   4657.000 |     0.000
   1598,   |   4657.000 |   4916.880 |   222.454 |   4657.000 |   4657.000 |     0.000
   1599,   |   4657.000 |   4893.070 |   207.299 |   4657.000 |   4657.000 |     0.000
   1600,   |   4651.000 |   4878.090 |   203.032 |   4651.000 |   4651.000 |     0.000
   1601,   |   4651.000 |   4961.630 |   313.985 |   4651.000 |   4651.000 |     0.000
   1602,   |   4651.000 |   5016.980 |   353.418 |   4651.000 |   4651.000 |     0.000
   1603,   |   4651.000 |   4956.760 |   314.429 |   4651.000 |   4651.000 |     0.000
   1604,   |   4651.000 |   5026.660 |   328.096 |   4651.000 |   4651.000 |     0.000
   1605,   |   4651.000 |   5099.980 |   391.599 |   4651.000 |   4651.000 |     0.000
   1606,   |   4651.000 |   5197.790 |   433.856 |   4651.000 |   4651.000 |     0.000
   1607,   |   4651.000 |   5103.690 |   385.083 |   4651.000 |   4651.000 |     0.000
   1608,   |   4651.000 |   5199.980 |   452.283 |   4651.000 |   4651.000 |     0.000
   1609,   |   4651.000 |   5081.420 |   435.315 |   4651.000 |   4651.000 |     0.000
   1610,   |   4638.000 |   5023.760 |   357.341 |   4638.000 |   4638.000 |     0.000
   1611,   |   4638.000 |   4908.190 |   233.843 |   4638.000 |   4638.000 |     0.000
   1612,   |   4638.000 |   4907.240 |   225.573 |   4638.000 |   4638.000 |     0.000
   1613,   |   4638.000 |   4913.410 |   290.967 |   4638.000 |   4638.000 |     0.000
   1614,   |   4638.000 |   4949.350 |   257.336 |   4638.000 |   4638.000 |     0.000
   1615,   |   4610.000 |   4896.650 |   237.490 |   4610.000 |   4610.000 |     0.000
   1616,   |   4610.000 |   4855.640 |   215.340 |   4610.000 |   4610.000 |     0.000
   1617,   |   4597.000 |   4832.510 |   228.502 |   4597.000 |   4597.000 |     0.000
   1618,   |   4597.000 |   4836.870 |   232.985 |   4597.000 |   4597.000 |     0.000
   1619,   |   4597.000 |   4837.060 |   209.361 |   4597.000 |   4597.000 |     0.000
   1620,   |   4597.000 |   4839.720 |   219.094 |   4597.000 |   4597.000 |     0.000
   1621,   |   4597.000 |   4889.080 |   264.421 |   4597.000 |   4597.000 |     0.000
   1622,   |   4597.000 |   4808.240 |   208.923 |   4597.000 |   4597.000 |     0.000
   1623,   |   4597.000 |   4823.090 |   222.402 |   4597.000 |   4597.000 |     0.000
   1624,   |   4597.000 |   4858.720 |   239.847 |   4597.000 |   4597.000 |     0.000
   1625,   |   4597.000 |   4837.780 |   235.036 |   4597.000 |   4597.000 |     0.000
   1626,   |   4597.000 |   4831.910 |   219.153 |   4597.000 |   4597.000 |     0.000
   1627,   |   4597.000 |   4826.980 |   230.823 |   4597.000 |   4597.000 |     0.000
   1628,   |   4597.000 |   4864.080 |   270.403 |   4597.000 |   4597.000 |     0.000
   1629,   |   4597.000 |   4908.750 |   333.598 |   4597.000 |   4597.000 |     0.000
   1630,   |   4597.000 |   4843.000 |   227.350 |   4597.000 |   4597.000 |     0.000
   1631,   |   4597.000 |   4803.510 |   202.313 |   4597.000 |   4597.000 |     0.000
   1632,   |   4597.000 |   4812.610 |   212.167 |   4597.000 |   4597.000 |     0.000
   1633,   |   4597.000 |   4767.420 |   204.304 |   4597.000 |   4597.000 |     0.000
   1634,   |   4597.000 |   4801.550 |   184.835 |   4597.000 |   4597.000 |     0.000
   1635,   |   4597.000 |   4831.310 |   217.650 |   4597.000 |   4597.000 |     0.000
   1636,   |   4597.000 |   4873.710 |   236.444 |   4597.000 |   4597.000 |     0.000
   1637,   |   4597.000 |   4871.630 |   237.189 |   4597.000 |   4597.000 |     0.000
   1638,   |   4597.000 |   4863.290 |   257.142 |   4597.000 |   4597.000 |     0.000
   1639,   |   4597.000 |   4818.650 |   216.058 |   4597.000 |   4597.000 |     0.000
   1640,   |   4588.000 |   4828.940 |   222.842 |   4588.000 |   4588.000 |     0.000
   1641,   |   4588.000 |   4846.990 |   277.183 |   4588.000 |   4588.000 |     0.000
   1642,   |   4588.000 |   4824.150 |   201.726 |   4588.000 |   4588.000 |     0.000
   1643,   |   4588.000 |   4876.360 |   244.339 |   4588.000 |   4588.000 |     0.000
   1644,   |   4588.000 |   4852.820 |   231.218 |   4588.000 |   4588.000 |     0.000
   1645,   |   4588.000 |   4824.310 |   240.323 |   4588.000 |   4588.000 |     0.000
   1646,   |   4588.000 |   4843.700 |   252.268 |   4588.000 |   4588.000 |     0.000
   1647,   |   4588.000 |   4814.340 |   216.828 |   4588.000 |   4588.000 |     0.000
   1648,   |   4588.000 |   4812.900 |   222.379 |   4588.000 |   4588.000 |     0.000
   1649,   |   4588.000 |   4839.340 |   241.917 |   4588.000 |   4588.000 |     0.000
   1650,   |   4588.000 |   4827.580 |   215.863 |   4588.000 |   4588.000 |     0.000
   1651,   |   4588.000 |   4796.220 |   207.094 |   4588.000 |   4588.000 |     0.000
   1652,   |   4588.000 |   4860.870 |   244.427 |   4588.000 |   4588.000 |     0.000
   1653,   |   4588.000 |   4808.160 |   217.682 |   4588.000 |   4588.000 |     0.000
   1654,   |   4588.000 |   4838.080 |   244.643 |   4588.000 |   4588.000 |     0.000
   1655,   |   4588.000 |   4801.160 |   221.526 |   4588.000 |   4588.000 |     0.000
   1656,   |   4578.000 |   4783.570 |   196.886 |   4578.000 |   4578.000 |     0.000
   1657,   |   4578.000 |   4824.940 |   218.727 |   4578.000 |   4578.000 |     0.000
   1658,   |   4578.000 |   4840.830 |   250.513 |   4578.000 |   4578.000 |     0.000
   1659,   |   4578.000 |   4822.530 |   213.655 |   4578.000 |   4578.000 |     0.000
   1660,   |   4578.000 |   4818.670 |   218.115 |   4578.000 |   4578.000 |     0.000
   1661,   |   4578.000 |   4767.530 |   190.538 |   4578.000 |   4578.000 |     0.000
   1662,   |   4578.000 |   4824.240 |   220.165 |   4578.000 |   4578.000 |     0.000
   1663,   |   4578.000 |   4820.700 |   274.729 |   4578.000 |   4578.000 |     0.000
   1664,   |   4578.000 |   4804.860 |   212.429 |   4578.000 |   4578.000 |     0.000
   1665,   |   4578.000 |   4794.530 |   177.973 |   4578.000 |   4578.000 |     0.000
   1666,   |   4578.000 |   4821.620 |   209.823 |   4578.000 |   4578.000 |     0.000
   1667,   |   4578.000 |   4808.520 |   235.392 |   4578.000 |   4578.000 |     0.000
   1668,   |   4578.000 |   4778.010 |   208.312 |   4578.000 |   4578.000 |     0.000
   1669,   |   4578.000 |   4811.960 |   225.811 |   4578.000 |   4578.000 |     0.000
   1670,   |   4578.000 |   4824.970 |   212.648 |   4578.000 |   4578.000 |     0.000
   1671,   |   4578.000 |   4884.410 |   279.392 |   4578.000 |   4578.000 |     0.000
   1672,   |   4578.000 |   4854.970 |   296.378 |   4578.000 |   4578.000 |     0.000
   1673,   |   4578.000 |   4814.240 |   229.805 |   4578.000 |   4578.000 |     0.000
   1674,   |   4578.000 |   4842.700 |   252.104 |   4578.000 |   4578.000 |     0.000
   1675,   |   4578.000 |   4827.060 |   245.155 |   4578.000 |   4578.000 |     0.000
   1676,   |   4578.000 |   4804.370 |   228.508 |   4578.000 |   4578.000 |     0.000
   1677,   |   4578.000 |   4794.110 |   222.320 |   4578.000 |   4578.000 |     0.000
   1678,   |   4578.000 |   4791.650 |   204.522 |   4578.000 |   4578.000 |     0.000
   1679,   |   4578.000 |   4834.850 |   216.829 |   4578.000 |   4578.000 |     0.000
   1680,   |   4578.000 |   4808.950 |   227.148 |   4578.000 |   4578.000 |     0.000
   1681,   |   4578.000 |   4811.250 |   212.737 |   4578.000 |   4578.000 |     0.000
   1682,   |   4578.000 |   4841.670 |   233.100 |   4578.000 |   4578.000 |     0.000
   1683,   |   4578.000 |   4845.920 |   249.344 |   4578.000 |   4578.000 |     0.000
   1684,   |   4578.000 |   4853.160 |   240.462 |   4578.000 |   4578.000 |     0.000
   1685,   |   4578.000 |   4882.660 |   276.418 |   4578.000 |   4578.000 |     0.000
   1686,   |   4578.000 |   4826.150 |   234.295 |   4578.000 |   4578.000 |     0.000
   1687,   |   4578.000 |   4838.110 |   272.061 |   4578.000 |   4578.000 |     0.000
   1688,   |   4578.000 |   4827.610 |   244.938 |   4578.000 |   4578.000 |     0.000
   1689,   |   4570.000 |   4820.030 |   223.028 |   4570.000 |   4570.000 |     0.000
   1690,   |   4570.000 |   4832.000 |   233.383 |   4570.000 |   4570.000 |     0.000
   1691,   |   4570.000 |   4797.860 |   188.823 |   4570.000 |   4570.000 |     0.000
   1692,   |   4570.000 |   4818.020 |   219.107 |   4570.000 |   4570.000 |     0.000
   1693,   |   4570.000 |   4808.370 |   216.602 |   4570.000 |   4570.000 |     0.000
   1694,   |   4570.000 |   4819.160 |   220.000 |   4570.000 |   4570.000 |     0.000
   1695,   |   4561.000 |   4774.320 |   202.731 |   4561.000 |   4561.000 |     0.000
   1696,   |   4561.000 |   4803.280 |   220.736 |   4561.000 |   4561.000 |     0.000
   1697,   |   4557.000 |   4793.470 |   225.079 |   4557.000 |   4557.000 |     0.000
   1698,   |   4557.000 |   4810.240 |   217.023 |   4557.000 |   4557.000 |     0.000
   1699,   |   4557.000 |   4821.510 |   241.482 |   4557.000 |   4557.000 |     0.000
   1700,   |   4557.000 |   4835.990 |   220.271 |   4557.000 |   4557.000 |     0.000
   1701,   |   4546.000 |   4828.580 |   252.177 |   4546.000 |   4546.000 |     0.000
   1702,   |   4546.000 |   4783.360 |   246.728 |   4546.000 |   4546.000 |     0.000
   1703,   |   4546.000 |   4801.440 |   260.131 |   4546.000 |   4546.000 |     0.000
   1704,   |   4538.000 |   4834.930 |   248.200 |   4538.000 |   4538.000 |     0.000
   1705,   |   4527.000 |   4886.580 |   334.705 |   4527.000 |   4527.000 |     0.000
   1706,   |   4527.000 |   5048.390 |   456.659 |   4527.000 |   4527.000 |     0.000
   1707,   |   4527.000 |   5090.430 |   531.932 |   4527.000 |   4527.000 |     0.000
   1708,   |   4527.000 |   5025.210 |   458.836 |   4527.000 |   4527.000 |     0.000
   1709,   |   4527.000 |   4948.260 |   417.258 |   4527.000 |   4527.000 |     0.000
   1710,   |   4527.000 |   4842.250 |   314.888 |   4527.000 |   4527.000 |     0.000
   1711,   |   4527.000 |   4744.030 |   211.746 |   4527.000 |   4527.000 |     0.000
   1712,   |   4527.000 |   4726.070 |   216.902 |   4527.000 |   4527.000 |     0.000
   1713,   |   4527.000 |   4736.610 |   202.059 |   4527.000 |   4527.000 |     0.000
   1714,   |   4527.000 |   4770.160 |   257.344 |   4527.000 |   4527.000 |     0.000
   1715,   |   4527.000 |   4762.920 |   214.414 |   4527.000 |   4527.000 |     0.000
   1716,   |   4527.000 |   4765.590 |   209.249 |   4527.000 |   4527.000 |     0.000
   1717,   |   4527.000 |   4771.770 |   227.686 |   4527.000 |   4527.000 |     0.000
   1718,   |   4527.000 |   4771.150 |   223.180 |   4527.000 |   4527.000 |     0.000
   1719,   |   4527.000 |   4773.960 |   228.686 |   4527.000 |   4527.000 |     0.000
   1720,   |   4527.000 |   4730.540 |   200.628 |   4527.000 |   4527.000 |     0.000
   1721,   |   4527.000 |   4720.310 |   207.059 |   4527.000 |   4527.000 |     0.000
   1722,   |   4527.000 |   4799.900 |   231.807 |   4527.000 |   4527.000 |     0.000
   1723,   |   4527.000 |   4743.110 |   206.319 |   4527.000 |   4527.000 |     0.000
   1724,   |   4527.000 |   4762.450 |   220.347 |   4527.000 |   4527.000 |     0.000
   1725,   |   4527.000 |   4754.890 |   248.137 |   4527.000 |   4527.000 |     0.000
   1726,   |   4527.000 |   4789.230 |   246.709 |   4527.000 |   4527.000 |     0.000
   1727,   |   4527.000 |   4786.490 |   253.815 |   4527.000 |   4527.000 |     0.000
   1728,   |   4527.000 |   4809.130 |   320.780 |   4527.000 |   4527.000 |     0.000
   1729,   |   4527.000 |   4775.900 |   220.122 |   4527.000 |   4527.000 |     0.000
   1730,   |   4527.000 |   4775.010 |   237.517 |   4527.000 |   4527.000 |     0.000
   1731,   |   4527.000 |   4768.990 |   229.848 |   4527.000 |   4527.000 |     0.000
   1732,   |   4527.000 |   4786.590 |   206.301 |   4527.000 |   4527.000 |     0.000
   1733,   |   4527.000 |   4797.620 |   252.988 |   4527.000 |   4527.000 |     0.000
   1734,   |   4527.000 |   4752.570 |   222.598 |   4527.000 |   4527.000 |     0.000
   1735,   |   4527.000 |   4742.080 |   212.570 |   4527.000 |   4527.000 |     0.000
   1736,   |   4527.000 |   4751.540 |   217.857 |   4527.000 |   4527.000 |     0.000
   1737,   |   4527.000 |   4747.640 |   255.158 |   4527.000 |   4527.000 |     0.000
   1738,   |   4527.000 |   4763.970 |   216.994 |   4527.000 |   4527.000 |     0.000
   1739,   |   4527.000 |   4785.080 |   235.266 |   4527.000 |   4527.000 |     0.000
   1740,   |   4527.000 |   4794.030 |   217.060 |   4527.000 |   4527.000 |     0.000
   1741,   |   4527.000 |   4803.270 |   342.989 |   4527.000 |   4527.000 |     0.000
   1742,   |   4527.000 |   4781.070 |   219.044 |   4527.000 |   4527.000 |     0.000
   1743,   |   4527.000 |   4779.070 |   231.657 |   4527.000 |   4527.000 |     0.000
   1744,   |   4527.000 |   4765.730 |   227.601 |   4527.000 |   4527.000 |     0.000
   1745,   |   4527.000 |   4727.710 |   181.601 |   4527.000 |   4527.000 |     0.000
   1746,   |   4527.000 |   4792.180 |   242.350 |   4527.000 |   4527.000 |     0.000
   1747,   |   4527.000 |   4839.690 |   291.823 |   4527.000 |   4527.000 |     0.000
   1748,   |   4527.000 |   4764.720 |   246.465 |   4527.000 |   4527.000 |     0.000
   1749,   |   4527.000 |   4746.490 |   227.054 |   4527.000 |   4527.000 |     0.000
   1750,   |   4527.000 |   4765.420 |   201.269 |   4527.000 |   4527.000 |     0.000
   1751,   |   4527.000 |   4802.230 |   238.723 |   4527.000 |   4527.000 |     0.000
   1752,   |   4527.000 |   4817.530 |   252.376 |   4527.000 |   4527.000 |     0.000
   1753,   |   4527.000 |   4808.430 |   270.922 |   4527.000 |   4527.000 |     0.000
   1754,   |   4527.000 |   4768.040 |   253.923 |   4527.000 |   4527.000 |     0.000
   1755,   |   4527.000 |   4754.360 |   224.989 |   4527.000 |   4527.000 |     0.000
   1756,   |   4527.000 |   4723.130 |   195.238 |   4527.000 |   4527.000 |     0.000
   1757,   |   4527.000 |   4761.010 |   217.032 |   4527.000 |   4527.000 |     0.000
   1758,   |   4527.000 |   4787.540 |   237.694 |   4527.000 |   4527.000 |     0.000
   1759,   |   4527.000 |   4770.070 |   245.215 |   4527.000 |   4527.000 |     0.000
   1760,   |   4527.000 |   4777.620 |   233.299 |   4527.000 |   4527.000 |     0.000
   1761,   |   4527.000 |   4785.310 |   246.747 |   4527.000 |   4527.000 |     0.000
   1762,   |   4527.000 |   4748.070 |   230.808 |   4527.000 |   4527.000 |     0.000
   1763,   |   4527.000 |   4783.250 |   268.552 |   4527.000 |   4527.000 |     0.000
   1764,   |   4527.000 |   4799.350 |   260.400 |   4527.000 |   4527.000 |     0.000
   1765,   |   4527.000 |   4732.860 |   202.345 |   4527.000 |   4527.000 |     0.000
   1766,   |   4527.000 |   4750.010 |   208.766 |   4527.000 |   4527.000 |     0.000
   1767,   |   4527.000 |   4756.590 |   220.361 |   4527.000 |   4527.000 |     0.000
   1768,   |   4527.000 |   4770.200 |   208.575 |   4527.000 |   4527.000 |     0.000
   1769,   |   4527.000 |   4838.510 |   314.182 |   4527.000 |   4527.000 |     0.000
   1770,   |   4527.000 |   4788.200 |   225.133 |   4527.000 |   4527.000 |     0.000
   1771,   |   4527.000 |   4740.760 |   208.665 |   4527.000 |   4527.000 |     0.000
   1772,   |   4527.000 |   4766.790 |   199.938 |   4527.000 |   4527.000 |     0.000
   1773,   |   4527.000 |   4842.900 |   306.508 |   4527.000 |   4527.000 |     0.000
   1774,   |   4527.000 |   4786.580 |   294.445 |   4527.000 |   4527.000 |     0.000
   1775,   |   4527.000 |   4720.690 |   204.121 |   4527.000 |   4527.000 |     0.000
   1776,   |   4527.000 |   4736.580 |   205.201 |   4527.000 |   4527.000 |     0.000
   1777,   |   4527.000 |   4791.030 |   225.770 |   4527.000 |   4527.000 |     0.000
   1778,   |   4527.000 |   4758.750 |   229.642 |   4527.000 |   4527.000 |     0.000
   1779,   |   4527.000 |   4753.470 |   236.272 |   4527.000 |   4527.000 |     0.000
   1780,   |   4527.000 |   4801.340 |   278.142 |   4527.000 |   4527.000 |     0.000
   1781,   |   4527.000 |   4757.740 |   235.234 |   4527.000 |   4527.000 |     0.000
   1782,   |   4527.000 |   4794.110 |   268.741 |   4527.000 |   4527.000 |     0.000
   1783,   |   4527.000 |   4832.220 |   278.404 |   4527.000 |   4527.000 |     0.000
   1784,   |   4527.000 |   4767.360 |   261.199 |   4527.000 |   4527.000 |     0.000
   1785,   |   4527.000 |   4812.020 |   265.700 |   4527.000 |   4527.000 |     0.000
   1786,   |   4527.000 |   4721.410 |   214.403 |   4527.000 |   4527.000 |     0.000
   1787,   |   4527.000 |   4728.360 |   225.097 |   4527.000 |   4527.000 |     0.000
   1788,   |   4523.000 |   4788.350 |   247.277 |   4523.000 |   4523.000 |     0.000
   1789,   |   4523.000 |   4725.910 |   214.185 |   4523.000 |   4523.000 |     0.000
   1790,   |   4523.000 |   4827.110 |   268.738 |   4523.000 |   4523.000 |     0.000
   1791,   |   4523.000 |   4807.900 |   278.898 |   4523.000 |   4523.000 |     0.000
   1792,   |   4523.000 |   4761.230 |   231.100 |   4523.000 |   4523.000 |     0.000
   1793,   |   4523.000 |   4786.160 |   234.944 |   4523.000 |   4523.000 |     0.000
   1794,   |   4523.000 |   4757.200 |   223.733 |   4523.000 |   4523.000 |     0.000
   1795,   |   4523.000 |   4760.080 |   212.966 |   4523.000 |   4523.000 |     0.000
   1796,   |   4511.000 |   4811.760 |   243.085 |   4511.000 |   4511.000 |     0.000
   1797,   |   4511.000 |   4859.850 |   339.565 |   4511.000 |   4511.000 |     0.000
   1798,   |   4511.000 |   4936.170 |   415.225 |   4511.000 |   4511.000 |     0.000
   1799,   |   4511.000 |   4981.760 |   448.573 |   4511.000 |   4511.000 |     0.000
   1800,   |   4511.000 |   4947.960 |   367.354 |   4511.000 |   4511.000 |     0.000
   1801,   |   4511.000 |   4946.140 |   406.454 |   4511.000 |   4511.000 |     0.000
   1802,   |   4511.000 |   4909.810 |   403.572 |   4511.000 |   4511.000 |     0.000
   1803,   |   4511.000 |   4820.920 |   329.152 |   4511.000 |   4511.000 |     0.000
   1804,   |   4511.000 |   4720.860 |   223.594 |   4511.000 |   4511.000 |     0.000
   1805,   |   4511.000 |   4709.450 |   198.976 |   4511.000 |   4511.000 |     0.000
   1806,   |   4511.000 |   4745.880 |   223.852 |   4511.000 |   4511.000 |     0.000
   1807,   |   4511.000 |   4771.660 |   218.625 |   4511.000 |   4511.000 |     0.000
   1808,   |   4511.000 |   4778.810 |   232.560 |   4511.000 |   4511.000 |     0.000
   1809,   |   4511.000 |   4785.760 |   240.196 |   4511.000 |   4511.000 |     0.000
   1810,   |   4511.000 |   4742.800 |   227.979 |   4511.000 |   4511.000 |     0.000
   1811,   |   4511.000 |   4775.900 |   233.931 |   4511.000 |   4511.000 |     0.000
   1812,   |   4511.000 |   4775.790 |   226.849 |   4511.000 |   4511.000 |     0.000
   1813,   |   4506.000 |   4793.180 |   247.042 |   4506.000 |   4506.000 |     0.000
   1814,   |   4503.000 |   4779.010 |   255.894 |   4503.000 |   4503.000 |     0.000
   1815,   |   4503.000 |   4771.020 |   264.879 |   4503.000 |   4503.000 |     0.000
   1816,   |   4503.000 |   4854.200 |   310.824 |   4503.000 |   4503.000 |     0.000
   1817,   |   4503.000 |   4881.480 |   368.191 |   4503.000 |   4503.000 |     0.000
   1818,   |   4495.000 |   4876.350 |   421.357 |   4495.000 |   4495.000 |     0.000
   1819,   |   4495.000 |   4816.980 |   369.335 |   4495.000 |   4495.000 |     0.000
   1820,   |   4495.000 |   4734.720 |   219.515 |   4495.000 |   4495.000 |     0.000
   1821,   |   4495.000 |   4748.450 |   232.443 |   4495.000 |   4495.000 |     0.000
   1822,   |   4495.000 |   4776.280 |   282.051 |   4495.000 |   4495.000 |     0.000
   1823,   |   4495.000 |   4737.640 |   230.634 |   4495.000 |   4495.000 |     0.000
   1824,   |   4495.000 |   4741.210 |   234.673 |   4495.000 |   4495.000 |     0.000
   1825,   |   4495.000 |   4688.420 |   197.859 |   4495.000 |   4495.000 |     0.000
   1826,   |   4495.000 |   4675.570 |   200.536 |   4495.000 |   4495.000 |     0.000
   1827,   |   4495.000 |   4692.250 |   192.755 |   4495.000 |   4495.000 |     0.000
   1828,   |   4495.000 |   4711.230 |   237.527 |   4495.000 |   4495.000 |     0.000
   1829,   |   4495.000 |   4714.420 |   201.413 |   4495.000 |   4495.000 |     0.000
   1830,   |   4495.000 |   4708.660 |   234.397 |   4495.000 |   4495.000 |     0.000
   1831,   |   4495.000 |   4688.180 |   205.592 |   4495.000 |   4495.000 |     0.000
   1832,   |   4495.000 |   4743.260 |   226.257 |   4495.000 |   4495.000 |     0.000
   1833,   |   4495.000 |   4698.980 |   210.360 |   4495.000 |   4495.000 |     0.000
   1834,   |   4495.000 |   4718.620 |   198.841 |   4495.000 |   4495.000 |     0.000
   1835,   |   4461.000 |   4683.890 |   207.189 |   4461.000 |   4461.000 |     0.000
   1836,   |   4461.000 |   4720.890 |   200.347 |   4461.000 |   4461.000 |     0.000
   1837,   |   4461.000 |   4721.960 |   213.107 |   4461.000 |   4461.000 |     0.000
   1838,   |   4461.000 |   4716.740 |   275.119 |   4461.000 |   4461.000 |     0.000
   1839,   |   4452.000 |   4728.460 |   225.489 |   4452.000 |   4452.000 |     0.000
   1840,   |   4452.000 |   4717.630 |   259.227 |   4452.000 |   4452.000 |     0.000
   1841,   |   4452.000 |   4693.370 |   198.699 |   4452.000 |   4452.000 |     0.000
   1842,   |   4452.000 |   4717.730 |   225.413 |   4452.000 |   4452.000 |     0.000
   1843,   |   4452.000 |   4720.370 |   223.143 |   4452.000 |   4452.000 |     0.000
   1844,   |   4452.000 |   4729.720 |   260.740 |   4452.000 |   4452.000 |     0.000
   1845,   |   4452.000 |   4719.400 |   223.404 |   4452.000 |   4452.000 |     0.000
   1846,   |   4452.000 |   4681.930 |   226.346 |   4452.000 |   4452.000 |     0.000
   1847,   |   4452.000 |   4684.970 |   254.497 |   4452.000 |   4452.000 |     0.000
   1848,   |   4452.000 |   4722.760 |   263.498 |   4452.000 |   4452.000 |     0.000
   1849,   |   4452.000 |   4667.410 |   210.684 |   4452.000 |   4452.000 |     0.000
   1850,   |   4452.000 |   4696.040 |   241.203 |   4452.000 |   4452.000 |     0.000
   1851,   |   4452.000 |   4681.410 |   212.975 |   4452.000 |   4452.000 |     0.000
   1852,   |   4452.000 |   4722.320 |   249.026 |   4452.000 |   4452.000 |     0.000
   1853,   |   4452.000 |   4699.730 |   217.456 |   4452.000 |   4452.000 |     0.000
   1854,   |   4452.000 |   4773.880 |   348.697 |   4452.000 |   4452.000 |     0.000
   1855,   |   4452.000 |   4684.040 |   224.496 |   4452.000 |   4452.000 |     0.000
   1856,   |   4452.000 |   4675.680 |   208.244 |   4452.000 |   4452.000 |     0.000
   1857,   |   4452.000 |   4660.580 |   195.699 |   4452.000 |   4452.000 |     0.000
   1858,   |   4452.000 |   4697.300 |   212.704 |   4452.000 |   4452.000 |     0.000
   1859,   |   4452.000 |   4650.220 |   191.496 |   4452.000 |   4452.000 |     0.000
   1860,   |   4452.000 |   4660.620 |   215.923 |   4452.000 |   4452.000 |     0.000
   1861,   |   4452.000 |   4711.160 |   220.682 |   4452.000 |   4452.000 |     0.000
   1862,   |   4452.000 |   4680.890 |   224.571 |   4452.000 |   4452.000 |     0.000
   1863,   |   4452.000 |   4673.350 |   195.636 |   4452.000 |   4452.000 |     0.000
   1864,   |   4452.000 |   4677.540 |   228.815 |   4452.000 |   4452.000 |     0.000
   1865,   |   4452.000 |   4680.340 |   229.833 |   4452.000 |   4452.000 |     0.000
   1866,   |   4452.000 |   4690.950 |   215.673 |   4452.000 |   4452.000 |     0.000
   1867,   |   4452.000 |   4706.330 |   244.014 |   4452.000 |   4452.000 |     0.000
   1868,   |   4452.000 |   4692.600 |   213.604 |   4452.000 |   4452.000 |     0.000
   1869,   |   4452.000 |   4731.160 |   247.743 |   4452.000 |   4452.000 |     0.000
   1870,   |   4452.000 |   4717.570 |   267.015 |   4452.000 |   4452.000 |     0.000
   1871,   |   4452.000 |   4702.970 |   255.371 |   4452.000 |   4452.000 |     0.000
   1872,   |   4452.000 |   4668.000 |   210.283 |   4452.000 |   4452.000 |     0.000
   1873,   |   4452.000 |   4713.750 |   257.358 |   4452.000 |   4452.000 |     0.000
   1874,   |   4452.000 |   4658.430 |   241.936 |   4452.000 |   4452.000 |     0.000
   1875,   |   4452.000 |   4693.770 |   192.252 |   4452.000 |   4452.000 |     0.000
   1876,   |   4452.000 |   4675.730 |   219.077 |   4452.000 |   4452.000 |     0.000
   1877,   |   4452.000 |   4704.280 |   221.611 |   4452.000 |   4452.000 |     0.000
   1878,   |   4452.000 |   4677.800 |   243.610 |   4452.000 |   4452.000 |     0.000
   1879,   |   4439.000 |   4664.830 |   212.422 |   4439.000 |   4439.000 |     0.000
   1880,   |   4439.000 |   4762.340 |   346.435 |   4439.000 |   4439.000 |     0.000
   1881,   |   4439.000 |   4886.460 |   427.376 |   4439.000 |   4439.000 |     0.000
   1882,   |   4439.000 |   4865.910 |   390.939 |   4439.000 |   4439.000 |     0.000
   1883,   |   4439.000 |   4910.800 |   402.381 |   4439.000 |   4439.000 |     0.000
   1884,   |   4439.000 |   4978.810 |   507.678 |   4439.000 |   4439.000 |     0.000
   1885,   |   4439.000 |   4846.590 |   384.978 |   4439.000 |   4439.000 |     0.000
   1886,   |   4439.000 |   4696.590 |   239.948 |   4439.000 |   4439.000 |     0.000
   1887,   |   4439.000 |   4670.780 |   220.797 |   4439.000 |   4439.000 |     0.000
   1888,   |   4439.000 |   4641.840 |   200.146 |   4439.000 |   4439.000 |     0.000
   1889,   |   4438.000 |   4671.100 |   221.466 |   4438.000 |   4438.000 |     0.000
   1890,   |   4438.000 |   4710.180 |   247.546 |   4438.000 |   4438.000 |     0.000
   1891,   |   4438.000 |   4694.350 |   234.542 |   4438.000 |   4438.000 |     0.000
   1892,   |   4438.000 |   4667.970 |   198.182 |   4438.000 |   4438.000 |     0.000
   1893,   |   4438.000 |   4670.840 |   235.438 |   4438.000 |   4438.000 |     0.000
   1894,   |   4438.000 |   4660.550 |   235.805 |   4438.000 |   4438.000 |     0.000
   1895,   |   4438.000 |   4663.620 |   205.910 |   4438.000 |   4438.000 |     0.000
   1896,   |   4438.000 |   4633.990 |   189.327 |   4438.000 |   4438.000 |     0.000
   1897,   |   4438.000 |   4685.750 |   218.252 |   4438.000 |   4438.000 |     0.000
   1898,   |   4438.000 |   4701.520 |   233.296 |   4438.000 |   4438.000 |     0.000
   1899,   |   4438.000 |   4675.390 |   225.629 |   4438.000 |   4438.000 |     0.000
   1900,   |   4438.000 |   4661.900 |   197.961 |   4438.000 |   4438.000 |     0.000
   1901,   |   4438.000 |   4681.340 |   242.966 |   4438.000 |   4438.000 |     0.000
   1902,   |   4438.000 |   4656.070 |   223.229 |   4438.000 |   4438.000 |     0.000
   1903,   |   4438.000 |   4659.220 |   203.346 |   4438.000 |   4438.000 |     0.000
   1904,   |   4438.000 |   4665.850 |   219.421 |   4438.000 |   4438.000 |     0.000
   1905,   |   4438.000 |   4670.410 |   238.960 |   4438.000 |   4438.000 |     0.000
   1906,   |   4438.000 |   4723.290 |   237.970 |   4438.000 |   4438.000 |     0.000
   1907,   |   4438.000 |   4632.560 |   208.584 |   4438.000 |   4438.000 |     0.000
   1908,   |   4438.000 |   4657.490 |   215.740 |   4438.000 |   4438.000 |     0.000
   1909,   |   4438.000 |   4682.130 |   221.824 |   4438.000 |   4438.000 |     0.000
   1910,   |   4438.000 |   4738.430 |   276.004 |   4438.000 |   4438.000 |     0.000
   1911,   |   4438.000 |   4708.110 |   327.657 |   4438.000 |   4438.000 |     0.000
   1912,   |   4438.000 |   4664.270 |   226.422 |   4438.000 |   4438.000 |     0.000
   1913,   |   4438.000 |   4680.870 |   235.091 |   4438.000 |   4438.000 |     0.000
   1914,   |   4438.000 |   4669.820 |   214.642 |   4438.000 |   4438.000 |     0.000
   1915,   |   4438.000 |   4694.900 |   243.188 |   4438.000 |   4438.000 |     0.000
   1916,   |   4424.000 |   4688.190 |   211.466 |   4424.000 |   4424.000 |     0.000
   1917,   |   4424.000 |   4741.690 |   325.223 |   4424.000 |   4424.000 |     0.000
   1918,   |   4424.000 |   4722.270 |   276.762 |   4424.000 |   4424.000 |     0.000
   1919,   |   4424.000 |   4728.280 |   258.047 |   4424.000 |   4424.000 |     0.000
   1920,   |   4424.000 |   4794.560 |   294.031 |   4424.000 |   4424.000 |     0.000
   1921,   |   4424.000 |   4800.430 |   333.697 |   4424.000 |   4424.000 |     0.000
   1922,   |   4424.000 |   4803.080 |   287.008 |   4424.000 |   4424.000 |     0.000
   1923,   |   4424.000 |   4851.640 |   352.068 |   4424.000 |   4424.000 |     0.000
   1924,   |   4424.000 |   4794.630 |   352.075 |   4424.000 |   4424.000 |     0.000
   1925,   |   4424.000 |   4720.850 |   291.604 |   4424.000 |   4424.000 |     0.000
   1926,   |   4424.000 |   4647.330 |   205.438 |   4424.000 |   4424.000 |     0.000
   1927,   |   4424.000 |   4679.050 |   206.456 |   4424.000 |   4424.000 |     0.000
   1928,   |   4424.000 |   4656.360 |   221.015 |   4424.000 |   4424.000 |     0.000
   1929,   |   4424.000 |   4639.960 |   189.156 |   4424.000 |   4424.000 |     0.000
   1930,   |   4424.000 |   4662.140 |   207.799 |   4424.000 |   4424.000 |     0.000
   1931,   |   4420.000 |   4662.930 |   211.315 |   4420.000 |   4420.000 |     0.000
   1932,   |   4420.000 |   4735.730 |   291.043 |   4420.000 |   4420.000 |     0.000
   1933,   |   4420.000 |   4678.300 |   243.459 |   4420.000 |   4420.000 |     0.000
   1934,   |   4420.000 |   4744.400 |   335.613 |   4420.000 |   4420.000 |     0.000
   1935,   |   4420.000 |   4733.830 |   333.128 |   4420.000 |   4420.000 |     0.000
   1936,   |   4420.000 |   4700.000 |   301.624 |   4420.000 |   4420.000 |     0.000
   1937,   |   4420.000 |   4694.590 |   286.107 |   4420.000 |   4420.000 |     0.000
   1938,   |   4419.000 |   4647.150 |   227.969 |   4419.000 |   4419.000 |     0.000
   1939,   |   4419.000 |   4646.810 |   196.918 |   4419.000 |   4419.000 |     0.000
   1940,   |   4419.000 |   4719.050 |   264.305 |   4419.000 |   4419.000 |     0.000
   1941,   |   4419.000 |   4653.350 |   238.422 |   4419.000 |   4419.000 |     0.000
   1942,   |   4419.000 |   4633.270 |   201.390 |   4419.000 |   4419.000 |     0.000
   1943,   |   4419.000 |   4659.370 |   235.358 |   4419.000 |   4419.000 |     0.000
   1944,   |   4419.000 |   4657.560 |   251.492 |   4419.000 |   4419.000 |     0.000
   1945,   |   4419.000 |   4639.040 |   220.418 |   4419.000 |   4419.000 |     0.000
   1946,   |   4419.000 |   4678.230 |   221.367 |   4419.000 |   4419.000 |     0.000
   1947,   |   4419.000 |   4678.790 |   247.572 |   4419.000 |   4419.000 |     0.000
   1948,   |   4419.000 |   4691.250 |   219.158 |   4419.000 |   4419.000 |     0.000
   1949,   |   4417.000 |   4653.210 |   245.340 |   4417.000 |   4417.000 |     0.000
   1950,   |   4417.000 |   4644.430 |   198.776 |   4417.000 |   4417.000 |     0.000
   1951,   |   4417.000 |   4622.480 |   220.223 |   4417.000 |   4417.000 |     0.000
   1952,   |   4417.000 |   4655.460 |   225.886 |   4417.000 |   4417.000 |     0.000
   1953,   |   4417.000 |   4628.120 |   210.958 |   4417.000 |   4417.000 |     0.000
   1954,   |   4416.000 |   4644.450 |   214.869 |   4416.000 |   4416.000 |     0.000
   1955,   |   4414.000 |   4712.550 |   246.647 |   4414.000 |   4414.000 |     0.000
   1956,   |   4414.000 |   4668.720 |   252.919 |   4414.000 |   4414.000 |     0.000
   1957,   |   4414.000 |   4709.050 |   274.039 |   4414.000 |   4414.000 |     0.000
   1958,   |   4414.000 |   4640.920 |   215.001 |   4414.000 |   4414.000 |     0.000
   1959,   |   4414.000 |   4713.560 |   217.690 |   4414.000 |   4414.000 |     0.000
   1960,   |   4414.000 |   4644.750 |   268.801 |   4414.000 |   4414.000 |     0.000
   1961,   |   4414.000 |   4635.360 |   226.277 |   4414.000 |   4414.000 |     0.000
   1962,   |   4414.000 |   4648.650 |   214.592 |   4414.000 |   4414.000 |     0.000
   1963,   |   4414.000 |   4693.520 |   254.353 |   4414.000 |   4414.000 |     0.000
   1964,   |   4414.000 |   4668.800 |   219.797 |   4414.000 |   4414.000 |     0.000
   1965,   |   4414.000 |   4656.360 |   213.286 |   4414.000 |   4414.000 |     0.000
   1966,   |   4414.000 |   4665.570 |   232.109 |   4414.000 |   4414.000 |     0.000
   1967,   |   4414.000 |   4683.120 |   255.487 |   4414.000 |   4414.000 |     0.000
   1968,   |   4414.000 |   4618.750 |   206.694 |   4414.000 |   4414.000 |     0.000
   1969,   |   4414.000 |   4680.270 |   250.852 |   4414.000 |   4414.000 |     0.000
   1970,   |   4414.000 |   4566.420 |   157.397 |   4414.000 |   4414.000 |     0.000
   1971,   |   4414.000 |   4666.440 |   229.930 |   4414.000 |   4414.000 |     0.000
   1972,   |   4414.000 |   4618.070 |   210.639 |   4414.000 |   4414.000 |     0.000
   1973,   |   4414.000 |   4652.170 |   229.846 |   4414.000 |   4414.000 |     0.000
   1974,   |   4414.000 |   4620.650 |   214.883 |   4414.000 |   4414.000 |     0.000
   1975,   |   4414.000 |   4605.110 |   205.880 |   4414.000 |   4414.000 |     0.000
   1976,   |   4414.000 |   4631.190 |   195.649 |   4414.000 |   4414.000 |     0.000
   1977,   |   4414.000 |   4663.380 |   201.984 |   4414.000 |   4414.000 |     0.000
   1978,   |   4414.000 |   4643.990 |   222.080 |   4414.000 |   4414.000 |     0.000
   1979,   |   4414.000 |   4644.730 |   236.350 |   4414.000 |   4414.000 |     0.000
   1980,   |   4414.000 |   4644.280 |   219.358 |   4414.000 |   4414.000 |     0.000
   1981,   |   4414.000 |   4675.250 |   240.548 |   4414.000 |   4414.000 |     0.000
   1982,   |   4414.000 |   4641.130 |   263.255 |   4414.000 |   4414.000 |     0.000
   1983,   |   4414.000 |   4639.330 |   201.915 |   4414.000 |   4414.000 |     0.000
   1984,   |   4414.000 |   4616.250 |   224.518 |   4414.000 |   4414.000 |     0.000
   1985,   |   4414.000 |   4639.000 |   197.490 |   4414.000 |   4414.000 |     0.000
   1986,   |   4411.000 |   4628.730 |   202.358 |   4411.000 |   4411.000 |     0.000
   1987,   |   4411.000 |   4623.030 |   230.332 |   4411.000 |   4411.000 |     0.000
   1988,   |   4411.000 |   4622.930 |   192.610 |   4411.000 |   4411.000 |     0.000
   1989,   |   4411.000 |   4617.710 |   215.855 |   4411.000 |   4411.000 |     0.000
   1990,   |   4406.000 |   4634.910 |   209.953 |   4406.000 |   4406.000 |     0.000
   1991,   |   4406.000 |   4748.510 |   324.434 |   4406.000 |   4406.000 |     0.000
   1992,   |   4406.000 |   4828.440 |   446.706 |   4406.000 |   4406.000 |     0.000
   1993,   |   4406.000 |   4777.320 |   353.875 |   4406.000 |   4406.000 |     0.000
   1994,   |   4406.000 |   4764.550 |   376.017 |   4406.000 |   4406.000 |     0.000
   1995,   |   4401.000 |   4812.370 |   445.791 |   4401.000 |   4401.000 |     0.000
   1996,   |   4401.000 |   4805.890 |   398.769 |   4401.000 |   4401.000 |     0.000
   1997,   |   4401.000 |   4843.900 |   353.619 |   4401.000 |   4401.000 |     0.000
   1998,   |   4401.000 |   4942.930 |   527.617 |   4401.000 |   4401.000 |     0.000
   1999,   |   4401.000 |   4918.430 |   461.280 |   4401.000 |   4401.000 |     0.000
   2000,   |   4401.000 |   4922.000 |   418.935 |   4401.000 |   4401.000 |     0.000
   2001,   |   4401.000 |   4931.910 |   436.092 |   4401.000 |   4401.000 |     0.000
   2002,   |   4401.000 |   4835.810 |   382.317 |   4401.000 |   4401.000 |     0.000
   2003,   |   4401.000 |   4838.720 |   400.435 |   4401.000 |   4401.000 |     0.000
   2004,   |   4401.000 |   4691.920 |   269.607 |   4401.000 |   4401.000 |     0.000
   2005,   |   4401.000 |   4663.030 |   264.351 |   4401.000 |   4401.000 |     0.000
   2006,   |   4401.000 |   4676.510 |   253.375 |   4401.000 |   4401.000 |     0.000
   2007,   |   4401.000 |   4675.810 |   302.836 |   4401.000 |   4401.000 |     0.000
   2008,   |   4401.000 |   4660.570 |   279.827 |   4401.000 |   4401.000 |     0.000
   2009,   |   4371.000 |   4617.460 |   197.490 |   4371.000 |   4371.000 |     0.000
   2010,   |   4371.000 |   4638.900 |   202.250 |   4371.000 |   4371.000 |     0.000
   2011,   |   4371.000 |   4730.480 |   284.834 |   4371.000 |   4371.000 |     0.000
   2012,   |   4371.000 |   4722.080 |   281.910 |   4371.000 |   4371.000 |     0.000
   2013,   |   4371.000 |   4699.660 |   319.350 |   4371.000 |   4371.000 |     0.000
   2014,   |   4371.000 |   4716.680 |   308.292 |   4371.000 |   4371.000 |     0.000
   2015,   |   4371.000 |   4605.110 |   212.024 |   4371.000 |   4371.000 |     0.000
   2016,   |   4371.000 |   4607.190 |   241.472 |   4371.000 |   4371.000 |     0.000
   2017,   |   4371.000 |   4595.240 |   224.865 |   4371.000 |   4371.000 |     0.000
   2018,   |   4371.000 |   4571.170 |   214.627 |   4371.000 |   4371.000 |     0.000
   2019,   |   4371.000 |   4609.750 |   223.893 |   4371.000 |   4371.000 |     0.000
   2020,   |   4371.000 |   4600.170 |   216.889 |   4371.000 |   4371.000 |     0.000
   2021,   |   4371.000 |   4578.380 |   207.471 |   4371.000 |   4371.000 |     0.000
   2022,   |   4371.000 |   4586.510 |   221.652 |   4371.000 |   4371.000 |     0.000
   2023,   |   4371.000 |   4616.070 |   245.575 |   4371.000 |   4371.000 |     0.000
   2024,   |   4371.000 |   4576.330 |   219.091 |   4371.000 |   4371.000 |     0.000
   2025,   |   4371.000 |   4617.980 |   212.853 |   4371.000 |   4371.000 |     0.000
   2026,   |   4371.000 |   4624.900 |   261.422 |   4371.000 |   4371.000 |     0.000
   2027,   |   4371.000 |   4601.500 |   228.674 |   4371.000 |   4371.000 |     0.000
   2028,   |   4371.000 |   4592.760 |   261.861 |   4371.000 |   4371.000 |     0.000
   2029,   |   4371.000 |   4607.700 |   222.966 |   4371.000 |   4371.000 |     0.000
   2030,   |   4371.000 |   4591.920 |   216.427 |   4371.000 |   4371.000 |     0.000
   2031,   |   4371.000 |   4608.650 |   242.098 |   4371.000 |   4371.000 |     0.000
   2032,   |   4371.000 |   4605.780 |   206.645 |   4371.000 |   4371.000 |     0.000
   2033,   |   4371.000 |   4649.360 |   258.724 |   4371.000 |   4371.000 |     0.000
   2034,   |   4371.000 |   4607.580 |   259.543 |   4371.000 |   4371.000 |     0.000
   2035,   |   4371.000 |   4617.510 |   240.865 |   4371.000 |   4371.000 |     0.000
   2036,   |   4371.000 |   4578.630 |   227.867 |   4371.000 |   4371.000 |     0.000
   2037,   |   4371.000 |   4560.350 |   203.208 |   4371.000 |   4371.000 |     0.000
   2038,   |   4371.000 |   4613.100 |   217.781 |   4371.000 |   4371.000 |     0.000
   2039,   |   4363.000 |   4588.920 |   203.038 |   4363.000 |   4363.000 |     0.000
   2040,   |   4363.000 |   4669.110 |   279.310 |   4363.000 |   4363.000 |     0.000
   2041,   |   4363.000 |   4711.390 |   399.980 |   4363.000 |   4363.000 |     0.000
   2042,   |   4363.000 |   4746.320 |   375.200 |   4363.000 |   4363.000 |     0.000
   2043,   |   4363.000 |   4755.670 |   380.866 |   4363.000 |   4363.000 |     0.000
   2044,   |   4363.000 |   4641.080 |   296.240 |   4363.000 |   4363.000 |     0.000
   2045,   |   4363.000 |   4596.970 |   215.905 |   4363.000 |   4363.000 |     0.000
   2046,   |   4363.000 |   4583.960 |   208.424 |   4363.000 |   4363.000 |     0.000
   2047,   |   4363.000 |   4602.630 |   243.136 |   4363.000 |   4363.000 |     0.000
   2048,   |   4363.000 |   4574.030 |   203.460 |   4363.000 |   4363.000 |     0.000
   2049,   |   4363.000 |   4614.360 |   205.526 |   4363.000 |   4363.000 |     0.000
   2050,   |   4363.000 |   4587.070 |   197.563 |   4363.000 |   4363.000 |     0.000
   2051,   |   4363.000 |   4621.010 |   205.399 |   4363.000 |   4363.000 |     0.000
   2052,   |   4363.000 |   4683.980 |   331.309 |   4363.000 |   4363.000 |     0.000
   2053,   |   4363.000 |   4631.890 |   261.831 |   4363.000 |   4363.000 |     0.000
   2054,   |   4363.000 |   4617.880 |   207.500 |   4363.000 |   4363.000 |     0.000
   2055,   |   4363.000 |   4637.030 |   248.681 |   4363.000 |   4363.000 |     0.000
   2056,   |   4363.000 |   4653.580 |   336.552 |   4363.000 |   4363.000 |     0.000
   2057,   |   4363.000 |   4620.970 |   228.836 |   4363.000 |   4363.000 |     0.000
   2058,   |   4363.000 |   4623.850 |   247.868 |   4363.000 |   4363.000 |     0.000
   2059,   |   4363.000 |   4607.230 |   290.489 |   4363.000 |   4363.000 |     0.000
   2060,   |   4363.000 |   4631.330 |   222.790 |   4363.000 |   4363.000 |     0.000
   2061,   |   4363.000 |   4606.740 |   204.689 |   4363.000 |   4363.000 |     0.000
   2062,   |   4363.000 |   4638.640 |   235.076 |   4363.000 |   4363.000 |     0.000
   2063,   |   4363.000 |   4648.870 |   300.927 |   4363.000 |   4363.000 |     0.000
   2064,   |   4363.000 |   4598.730 |   197.861 |   4363.000 |   4363.000 |     0.000
   2065,   |   4363.000 |   4585.580 |   217.896 |   4363.000 |   4363.000 |     0.000
   2066,   |   4363.000 |   4603.070 |   230.667 |   4363.000 |   4363.000 |     0.000
   2067,   |   4363.000 |   4625.480 |   228.437 |   4363.000 |   4363.000 |     0.000
   2068,   |   4363.000 |   4618.060 |   271.648 |   4363.000 |   4363.000 |     0.000
   2069,   |   4363.000 |   4577.930 |   225.043 |   4363.000 |   4363.000 |     0.000
   2070,   |   4363.000 |   4629.100 |   231.950 |   4363.000 |   4363.000 |     0.000
   2071,   |   4363.000 |   4652.870 |   258.392 |   4363.000 |   4363.000 |     0.000
   2072,   |   4363.000 |   4621.110 |   232.943 |   4363.000 |   4363.000 |     0.000
   2073,   |   4363.000 |   4609.810 |   211.441 |   4363.000 |   4363.000 |     0.000
   2074,   |   4363.000 |   4574.710 |   226.327 |   4363.000 |   4363.000 |     0.000
   2075,   |   4363.000 |   4584.090 |   191.629 |   4363.000 |   4363.000 |     0.000
   2076,   |   4363.000 |   4578.300 |   206.932 |   4363.000 |   4363.000 |     0.000
   2077,   |   4363.000 |   4605.550 |   253.438 |   4363.000 |   4363.000 |     0.000
   2078,   |   4363.000 |   4602.190 |   215.101 |   4363.000 |   4363.000 |     0.000
   2079,   |   4363.000 |   4601.780 |   212.056 |   4363.000 |   4363.000 |     0.000
   2080,   |   4363.000 |   4548.860 |   212.389 |   4363.000 |   4363.000 |     0.000
   2081,   |   4363.000 |   4580.370 |   224.766 |   4363.000 |   4363.000 |     0.000
   2082,   |   4363.000 |   4566.870 |   204.750 |   4363.000 |   4363.000 |     0.000
   2083,   |   4363.000 |   4590.010 |   196.143 |   4363.000 |   4363.000 |     0.000
   2084,   |   4363.000 |   4620.640 |   230.132 |   4363.000 |   4363.000 |     0.000
   2085,   |   4363.000 |   4601.330 |   205.925 |   4363.000 |   4363.000 |     0.000
   2086,   |   4363.000 |   4602.390 |   255.420 |   4363.000 |   4363.000 |     0.000
   2087,   |   4363.000 |   4636.470 |   234.829 |   4363.000 |   4363.000 |     0.000
   2088,   |   4363.000 |   4604.210 |   246.788 |   4363.000 |   4363.000 |     0.000
   2089,   |   4363.000 |   4638.180 |   231.931 |   4363.000 |   4363.000 |     0.000
   2090,   |   4363.000 |   4622.120 |   267.965 |   4363.000 |   4363.000 |     0.000
   2091,   |   4363.000 |   4616.440 |   230.309 |   4363.000 |   4363.000 |     0.000
   2092,   |   4363.000 |   4560.440 |   192.366 |   4363.000 |   4363.000 |     0.000
   2093,   |   4363.000 |   4599.460 |   216.519 |   4363.000 |   4363.000 |     0.000
   2094,   |   4363.000 |   4599.520 |   225.607 |   4363.000 |   4363.000 |     0.000
   2095,   |   4363.000 |   4659.590 |   260.958 |   4363.000 |   4363.000 |     0.000
   2096,   |   4363.000 |   4625.340 |   231.614 |   4363.000 |   4363.000 |     0.000
   2097,   |   4363.000 |   4582.140 |   181.775 |   4363.000 |   4363.000 |     0.000
   2098,   |   4363.000 |   4617.520 |   222.290 |   4363.000 |   4363.000 |     0.000
   2099,   |   4363.000 |   4587.710 |   240.071 |   4363.000 |   4363.000 |     0.000
   2100,   |   4363.000 |   4600.600 |   208.469 |   4363.000 |   4363.000 |     0.000
   2101,   |   4363.000 |   4607.600 |   234.520 |   4363.000 |   4363.000 |     0.000
   2102,   |   4363.000 |   4596.960 |   224.469 |   4363.000 |   4363.000 |     0.000
   2103,   |   4363.000 |   4622.820 |   239.041 |   4363.000 |   4363.000 |     0.000
   2104,   |   4363.000 |   4605.590 |   213.493 |   4363.000 |   4363.000 |     0.000
   2105,   |   4363.000 |   4612.860 |   201.824 |   4363.000 |   4363.000 |     0.000
   2106,   |   4363.000 |   4634.400 |   256.066 |   4363.000 |   4363.000 |     0.000
   2107,   |   4363.000 |   4583.990 |   229.726 |   4363.000 |   4363.000 |     0.000
   2108,   |   4363.000 |   4558.010 |   214.089 |   4363.000 |   4363.000 |     0.000
   2109,   |   4360.000 |   4593.120 |   227.957 |   4360.000 |   4360.000 |     0.000
   2110,   |   4360.000 |   4680.020 |   286.761 |   4360.000 |   4360.000 |     0.000
   2111,   |   4360.000 |   4706.640 |   355.665 |   4360.000 |   4360.000 |     0.000
   2112,   |   4360.000 |   4710.030 |   380.048 |   4360.000 |   4360.000 |     0.000
   2113,   |   4360.000 |   4862.890 |   484.955 |   4360.000 |   4360.000 |     0.000
   2114,   |   4360.000 |   4619.380 |   307.664 |   4360.000 |   4360.000 |     0.000
   2115,   |   4360.000 |   4614.860 |   227.390 |   4360.000 |   4360.000 |     0.000
   2116,   |   4360.000 |   4705.000 |   318.220 |   4360.000 |   4360.000 |     0.000
   2117,   |   4360.000 |   4663.640 |   272.520 |   4360.000 |   4360.000 |     0.000
   2118,   |   4360.000 |   4613.840 |   231.796 |   4360.000 |   4360.000 |     0.000
   2119,   |   4360.000 |   4619.760 |   239.217 |   4360.000 |   4360.000 |     0.000
   2120,   |   4360.000 |   4601.090 |   213.160 |   4360.000 |   4360.000 |     0.000
   2121,   |   4360.000 |   4663.170 |   257.286 |   4360.000 |   4360.000 |     0.000
   2122,   |   4360.000 |   4617.220 |   240.225 |   4360.000 |   4360.000 |     0.000
   2123,   |   4360.000 |   4633.500 |   289.559 |   4360.000 |   4360.000 |     0.000
   2124,   |   4360.000 |   4591.370 |   219.536 |   4360.000 |   4360.000 |     0.000
   2125,   |   4360.000 |   4589.410 |   229.759 |   4360.000 |   4360.000 |     0.000
   2126,   |   4360.000 |   4597.300 |   213.225 |   4360.000 |   4360.000 |     0.000
   2127,   |   4360.000 |   4622.320 |   265.958 |   4360.000 |   4360.000 |     0.000
   2128,   |   4360.000 |   4573.290 |   209.924 |   4360.000 |   4360.000 |     0.000
   2129,   |   4360.000 |   4628.180 |   240.251 |   4360.000 |   4360.000 |     0.000
   2130,   |   4360.000 |   4585.420 |   214.613 |   4360.000 |   4360.000 |     0.000
   2131,   |   4360.000 |   4594.560 |   227.045 |   4360.000 |   4360.000 |     0.000
   2132,   |   4360.000 |   4608.020 |   235.810 |   4360.000 |   4360.000 |     0.000
   2133,   |   4360.000 |   4595.400 |   218.156 |   4360.000 |   4360.000 |     0.000
   2134,   |   4360.000 |   4584.100 |   215.430 |   4360.000 |   4360.000 |     0.000
   2135,   |   4360.000 |   4598.610 |   256.919 |   4360.000 |   4360.000 |     0.000
   2136,   |   4360.000 |   4607.810 |   215.014 |   4360.000 |   4360.000 |     0.000
   2137,   |   4360.000 |   4616.220 |   215.102 |   4360.000 |   4360.000 |     0.000
   2138,   |   4352.000 |   4578.210 |   200.172 |   4352.000 |   4352.000 |     0.000
   2139,   |   4352.000 |   4623.970 |   245.032 |   4352.000 |   4352.000 |     0.000
   2140,   |   4352.000 |   4625.390 |   232.499 |   4352.000 |   4352.000 |     0.000
   2141,   |   4352.000 |   4601.380 |   282.011 |   4352.000 |   4352.000 |     0.000
   2142,   |   4352.000 |   4578.410 |   234.979 |   4352.000 |   4352.000 |     0.000
   2143,   |   4352.000 |   4579.920 |   228.736 |   4352.000 |   4352.000 |     0.000
   2144,   |   4352.000 |   4588.710 |   224.891 |   4352.000 |   4352.000 |     0.000
   2145,   |   4352.000 |   4594.560 |   276.133 |   4352.000 |   4352.000 |     0.000
   2146,   |   4352.000 |   4611.580 |   233.405 |   4352.000 |   4352.000 |     0.000
   2147,   |   4352.000 |   4611.120 |   278.320 |   4352.000 |   4352.000 |     0.000
   2148,   |   4352.000 |   4627.950 |   258.926 |   4352.000 |   4352.000 |     0.000
   2149,   |   4352.000 |   4595.180 |   222.597 |   4352.000 |   4352.000 |     0.000
   2150,   |   4352.000 |   4579.470 |   228.551 |   4352.000 |   4352.000 |     0.000
   2151,   |   4352.000 |   4584.800 |   229.088 |   4352.000 |   4352.000 |     0.000
   2152,   |   4352.000 |   4550.180 |   206.647 |   4352.000 |   4352.000 |     0.000
   2153,   |   4352.000 |   4580.090 |   214.488 |   4352.000 |   4352.000 |     0.000
   2154,   |   4352.000 |   4560.750 |   198.919 |   4352.000 |   4352.000 |     0.000
   2155,   |   4352.000 |   4584.240 |   235.414 |   4352.000 |   4352.000 |     0.000
   2156,   |   4352.000 |   4579.540 |   224.240 |   4352.000 |   4352.000 |     0.000
   2157,   |   4352.000 |   4634.800 |   229.624 |   4352.000 |   4352.000 |     0.000
   2158,   |   4352.000 |   4566.080 |   216.451 |   4352.000 |   4352.000 |     0.000
   2159,   |   4352.000 |   4584.960 |   217.480 |   4352.000 |   4352.000 |     0.000
   2160,   |   4352.000 |   4557.340 |   248.203 |   4352.000 |   4352.000 |     0.000
   2161,   |   4352.000 |   4588.270 |   238.263 |   4352.000 |   4352.000 |     0.000
   2162,   |   4349.000 |   4607.620 |   245.448 |   4349.000 |   4349.000 |     0.000
   2163,   |   4349.000 |   4601.700 |   255.645 |   4349.000 |   4349.000 |     0.000
   2164,   |   4349.000 |   4575.980 |   224.848 |   4349.000 |   4349.000 |     0.000
   2165,   |   4349.000 |   4565.130 |   192.223 |   4349.000 |   4349.000 |     0.000
   2166,   |   4349.000 |   4608.850 |   233.425 |   4349.000 |   4349.000 |     0.000
   2167,   |   4349.000 |   4624.280 |   240.120 |   4349.000 |   4349.000 |     0.000
   2168,   |   4349.000 |   4587.120 |   220.410 |   4349.000 |   4349.000 |     0.000
   2169,   |   4328.000 |   4638.680 |   285.688 |   4328.000 |   4328.000 |     0.000
   2170,   |   4328.000 |   4594.550 |   276.126 |   4328.000 |   4328.000 |     0.000
   2171,   |   4328.000 |   4688.960 |   341.265 |   4328.000 |   4328.000 |     0.000
   2172,   |   4328.000 |   4670.380 |   327.866 |   4328.000 |   4328.000 |     0.000
   2173,   |   4328.000 |   4633.440 |   285.844 |   4328.000 |   4328.000 |     0.000
   2174,   |   4328.000 |   4609.380 |   293.783 |   4328.000 |   4328.000 |     0.000
   2175,   |   4328.000 |   4768.680 |   453.463 |   4328.000 |   4328.000 |     0.000
   2176,   |   4328.000 |   4727.310 |   441.199 |   4328.000 |   4328.000 |     0.000
   2177,   |   4313.000 |   4638.150 |   285.477 |   4313.000 |   4313.000 |     0.000
   2178,   |   4313.000 |   4641.200 |   335.085 |   4313.000 |   4313.000 |     0.000
   2179,   |   4313.000 |   4614.490 |   276.488 |   4313.000 |   4313.000 |     0.000
   2180,   |   4313.000 |   4681.980 |   378.407 |   4313.000 |   4313.000 |     0.000
   2181,   |   4313.000 |   4700.200 |   344.610 |   4313.000 |   4313.000 |     0.000
   2182,   |   4313.000 |   4624.710 |   261.035 |   4313.000 |   4313.000 |     0.000
   2183,   |   4313.000 |   4609.000 |   279.978 |   4313.000 |   4313.000 |     0.000
   2184,   |   4313.000 |   4731.890 |   388.892 |   4313.000 |   4313.000 |     0.000
   2185,   |   4313.000 |   4786.890 |   456.925 |   4313.000 |   4313.000 |     0.000
   2186,   |   4313.000 |   4721.410 |   364.227 |   4313.000 |   4313.000 |     0.000
   2187,   |   4313.000 |   4712.570 |   431.740 |   4313.000 |   4313.000 |     0.000
   2188,   |   4313.000 |   4694.260 |   407.485 |   4313.000 |   4313.000 |     0.000
   2189,   |   4313.000 |   4653.590 |   350.430 |   4313.000 |   4313.000 |     0.000
   2190,   |   4313.000 |   4707.070 |   351.121 |   4313.000 |   4313.000 |     0.000
   2191,   |   4313.000 |   4675.610 |   361.238 |   4313.000 |   4313.000 |     0.000
   2192,   |   4313.000 |   4630.400 |   317.052 |   4313.000 |   4313.000 |     0.000
   2193,   |   4313.000 |   4578.660 |   252.457 |   4313.000 |   4313.000 |     0.000
   2194,   |   4313.000 |   4554.680 |   227.701 |   4313.000 |   4313.000 |     0.000
   2195,   |   4313.000 |   4546.240 |   222.656 |   4313.000 |   4313.000 |     0.000
   2196,   |   4304.000 |   4499.460 |   204.149 |   4304.000 |   4304.000 |     0.000
   2197,   |   4304.000 |   4590.070 |   268.547 |   4304.000 |   4304.000 |     0.000
   2198,   |   4304.000 |   4620.320 |   281.181 |   4304.000 |   4304.000 |     0.000
   2199,   |   4304.000 |   4553.340 |   236.854 |   4304.000 |   4304.000 |     0.000
   2200,   |   4304.000 |   4535.020 |   210.670 |   4304.000 |   4304.000 |     0.000
   2201,   |   4304.000 |   4547.790 |   217.193 |   4304.000 |   4304.000 |     0.000
   2202,   |   4304.000 |   4552.970 |   236.566 |   4304.000 |   4304.000 |     0.000
   2203,   |   4304.000 |   4566.600 |   242.100 |   4304.000 |   4304.000 |     0.000
   2204,   |   4304.000 |   4543.660 |   209.502 |   4304.000 |   4304.000 |     0.000
   2205,   |   4304.000 |   4561.220 |   226.751 |   4304.000 |   4304.000 |     0.000
   2206,   |   4304.000 |   4545.800 |   219.945 |   4304.000 |   4304.000 |     0.000
   2207,   |   4304.000 |   4504.680 |   198.386 |   4304.000 |   4304.000 |     0.000
   2208,   |   4304.000 |   4517.770 |   217.546 |   4304.000 |   4304.000 |     0.000
   2209,   |   4304.000 |   4523.930 |   205.523 |   4304.000 |   4304.000 |     0.000
   2210,   |   4302.000 |   4580.510 |   239.622 |   4302.000 |   4302.000 |     0.000
   2211,   |   4302.000 |   4622.390 |   279.405 |   4302.000 |   4302.000 |     0.000
   2212,   |   4302.000 |   4651.270 |   364.442 |   4302.000 |   4302.000 |     0.000
   2213,   |   4302.000 |   4704.540 |   383.443 |   4302.000 |   4302.000 |     0.000
   2214,   |   4302.000 |   4675.320 |   390.346 |   4302.000 |   4302.000 |     0.000
   2215,   |   4302.000 |   4697.330 |   373.152 |   4302.000 |   4302.000 |     0.000
   2216,   |   4302.000 |   4574.670 |   282.927 |   4302.000 |   4302.000 |     0.000
   2217,   |   4302.000 |   4540.340 |   219.414 |   4302.000 |   4302.000 |     0.000
   2218,   |   4302.000 |   4590.570 |   229.162 |   4302.000 |   4302.000 |     0.000
   2219,   |   4302.000 |   4559.700 |   208.299 |   4302.000 |   4302.000 |     0.000
   2220,   |   4302.000 |   4551.330 |   211.910 |   4302.000 |   4302.000 |     0.000
   2221,   |   4302.000 |   4487.670 |   185.008 |   4302.000 |   4302.000 |     0.000
   2222,   |   4302.000 |   4541.700 |   231.635 |   4302.000 |   4302.000 |     0.000
   2223,   |   4302.000 |   4520.470 |   222.294 |   4302.000 |   4302.000 |     0.000
   2224,   |   4302.000 |   4500.790 |   196.621 |   4302.000 |   4302.000 |     0.000
   2225,   |   4302.000 |   4528.970 |   219.020 |   4302.000 |   4302.000 |     0.000
   2226,   |   4302.000 |   4537.150 |   218.053 |   4302.000 |   4302.000 |     0.000
   2227,   |   4302.000 |   4539.460 |   227.858 |   4302.000 |   4302.000 |     0.000
   2228,   |   4302.000 |   4524.470 |   213.104 |   4302.000 |   4302.000 |     0.000
   2229,   |   4302.000 |   4503.410 |   175.628 |   4302.000 |   4302.000 |     0.000
   2230,   |   4302.000 |   4592.340 |   251.643 |   4302.000 |   4302.000 |     0.000
   2231,   |   4302.000 |   4600.280 |   362.783 |   4302.000 |   4302.000 |     0.000
   2232,   |   4302.000 |   4546.800 |   245.728 |   4302.000 |   4302.000 |     0.000
   2233,   |   4302.000 |   4562.220 |   234.520 |   4302.000 |   4302.000 |     0.000
   2234,   |   4302.000 |   4570.490 |   268.657 |   4302.000 |   4302.000 |     0.000
   2235,   |   4302.000 |   4528.990 |   204.582 |   4302.000 |   4302.000 |     0.000
   2236,   |   4302.000 |   4555.300 |   237.848 |   4302.000 |   4302.000 |     0.000
   2237,   |   4302.000 |   4555.620 |   257.162 |   4302.000 |   4302.000 |     0.000
   2238,   |   4302.000 |   4530.250 |   252.453 |   4302.000 |   4302.000 |     0.000
   2239,   |   4302.000 |   4536.510 |   222.289 |   4302.000 |   4302.000 |     0.000
   2240,   |   4302.000 |   4537.020 |   312.322 |   4302.000 |   4302.000 |     0.000
   2241,   |   4302.000 |   4548.190 |   217.360 |   4302.000 |   4302.000 |     0.000
   2242,   |   4302.000 |   4577.450 |   245.732 |   4302.000 |   4302.000 |     0.000
   2243,   |   4302.000 |   4542.400 |   239.029 |   4302.000 |   4302.000 |     0.000
   2244,   |   4302.000 |   4540.090 |   225.213 |   4302.000 |   4302.000 |     0.000
   2245,   |   4302.000 |   4525.700 |   277.885 |   4302.000 |   4302.000 |     0.000
   2246,   |   4302.000 |   4521.580 |   237.202 |   4302.000 |   4302.000 |     0.000
   2247,   |   4302.000 |   4557.540 |   208.343 |   4302.000 |   4302.000 |     0.000
   2248,   |   4302.000 |   4534.300 |   218.415 |   4302.000 |   4302.000 |     0.000
   2249,   |   4302.000 |   4552.090 |   238.000 |   4302.000 |   4302.000 |     0.000
   2250,   |   4302.000 |   4600.320 |   335.082 |   4302.000 |   4302.000 |     0.000
   2251,   |   4302.000 |   4495.520 |   199.888 |   4302.000 |   4302.000 |     0.000
   2252,   |   4302.000 |   4510.710 |   187.212 |   4302.000 |   4302.000 |     0.000
   2253,   |   4302.000 |   4519.800 |   206.921 |   4302.000 |   4302.000 |     0.000
   2254,   |   4302.000 |   4564.830 |   224.437 |   4302.000 |   4302.000 |     0.000
   2255,   |   4302.000 |   4504.850 |   208.529 |   4302.000 |   4302.000 |     0.000
   2256,   |   4302.000 |   4523.750 |   219.364 |   4302.000 |   4302.000 |     0.000
   2257,   |   4302.000 |   4519.080 |   204.635 |   4302.000 |   4302.000 |     0.000
   2258,   |   4302.000 |   4534.350 |   208.673 |   4302.000 |   4302.000 |     0.000
   2259,   |   4302.000 |   4524.020 |   202.108 |   4302.000 |   4302.000 |     0.000
   2260,   |   4302.000 |   4534.170 |   204.231 |   4302.000 |   4302.000 |     0.000
   2261,   |   4302.000 |   4537.790 |   220.246 |   4302.000 |   4302.000 |     0.000
   2262,   |   4302.000 |   4516.970 |   208.587 |   4302.000 |   4302.000 |     0.000
   2263,   |   4302.000 |   4504.750 |   209.846 |   4302.000 |   4302.000 |     0.000
   2264,   |   4302.000 |   4533.900 |   203.970 |   4302.000 |   4302.000 |     0.000
   2265,   |   4302.000 |   4566.930 |   264.954 |   4302.000 |   4302.000 |     0.000
   2266,   |   4302.000 |   4512.580 |   215.686 |   4302.000 |   4302.000 |     0.000
   2267,   |   4302.000 |   4514.400 |   185.233 |   4302.000 |   4302.000 |     0.000
   2268,   |   4302.000 |   4538.860 |   216.526 |   4302.000 |   4302.000 |     0.000
   2269,   |   4302.000 |   4524.530 |   200.682 |   4302.000 |   4302.000 |     0.000
   2270,   |   4302.000 |   4571.280 |   229.572 |   4302.000 |   4302.000 |     0.000
   2271,   |   4302.000 |   4527.100 |   205.661 |   4302.000 |   4302.000 |     0.000
   2272,   |   4302.000 |   4574.410 |   249.105 |   4302.000 |   4302.000 |     0.000
   2273,   |   4302.000 |   4560.120 |   242.265 |   4302.000 |   4302.000 |     0.000
   2274,   |   4302.000 |   4578.200 |   248.493 |   4302.000 |   4302.000 |     0.000
   2275,   |   4302.000 |   4566.340 |   243.179 |   4302.000 |   4302.000 |     0.000
   2276,   |   4302.000 |   4597.060 |   287.469 |   4302.000 |   4302.000 |     0.000
   2277,   |   4302.000 |   4531.760 |   231.137 |   4302.000 |   4302.000 |     0.000
   2278,   |   4302.000 |   4516.880 |   193.967 |   4302.000 |   4302.000 |     0.000
   2279,   |   4302.000 |   4529.600 |   203.141 |   4302.000 |   4302.000 |     0.000
   2280,   |   4302.000 |   4507.050 |   209.731 |   4302.000 |   4302.000 |     0.000
   2281,   |   4302.000 |   4543.450 |   221.932 |   4302.000 |   4302.000 |     0.000
   2282,   |   4302.000 |   4569.440 |   261.874 |   4302.000 |   4302.000 |     0.000
   2283,   |   4300.000 |   4535.720 |   201.942 |   4300.000 |   4300.000 |     0.000
   2284,   |   4300.000 |   4487.490 |   207.942 |   4300.000 |   4300.000 |     0.000
   2285,   |   4300.000 |   4542.960 |   235.491 |   4300.000 |   4300.000 |     0.000
   2286,   |   4300.000 |   4552.250 |   258.249 |   4300.000 |   4300.000 |     0.000
   2287,   |   4300.000 |   4551.350 |   228.027 |   4300.000 |   4300.000 |     0.000
   2288,   |   4300.000 |   4524.380 |   203.477 |   4300.000 |   4300.000 |     0.000
   2289,   |   4300.000 |   4528.690 |   225.401 |   4300.000 |   4300.000 |     0.000
   2290,   |   4300.000 |   4562.310 |   238.773 |   4300.000 |   4300.000 |     0.000
   2291,   |   4300.000 |   4566.040 |   228.437 |   4300.000 |   4300.000 |     0.000
   2292,   |   4291.000 |   4544.500 |   235.142 |   4291.000 |   4291.000 |     0.000
   2293,   |   4291.000 |   4535.020 |   216.270 |   4291.000 |   4291.000 |     0.000
   2294,   |   4291.000 |   4543.060 |   218.145 |   4291.000 |   4291.000 |     0.000
   2295,   |   4291.000 |   4571.980 |   242.306 |   4291.000 |   4291.000 |     0.000
   2296,   |   4291.000 |   4571.460 |   212.697 |   4291.000 |   4291.000 |     0.000
   2297,   |   4291.000 |   4558.970 |   275.935 |   4291.000 |   4291.000 |     0.000
   2298,   |   4291.000 |   4557.990 |   245.543 |   4291.000 |   4291.000 |     0.000
   2299,   |   4291.000 |   4554.810 |   267.707 |   4291.000 |   4291.000 |     0.000
   2300,   |   4291.000 |   4522.470 |   204.617 |   4291.000 |   4291.000 |     0.000
   2301,   |   4291.000 |   4526.530 |   203.748 |   4291.000 |   4291.000 |     0.000
   2302,   |   4291.000 |   4500.520 |   216.799 |   4291.000 |   4291.000 |     0.000
   2303,   |   4291.000 |   4535.440 |   219.959 |   4291.000 |   4291.000 |     0.000
   2304,   |   4291.000 |   4530.750 |   216.140 |   4291.000 |   4291.000 |     0.000
   2305,   |   4291.000 |   4526.740 |   214.867 |   4291.000 |   4291.000 |     0.000
   2306,   |   4291.000 |   4544.330 |   224.244 |   4291.000 |   4291.000 |     0.000
   2307,   |   4291.000 |   4544.680 |   270.072 |   4291.000 |   4291.000 |     0.000
   2308,   |   4291.000 |   4552.230 |   258.989 |   4291.000 |   4291.000 |     0.000
   2309,   |   4291.000 |   4501.870 |   205.635 |   4291.000 |   4291.000 |     0.000
   2310,   |   4291.000 |   4546.440 |   220.579 |   4291.000 |   4291.000 |     0.000
   2311,   |   4291.000 |   4550.980 |   251.628 |   4291.000 |   4291.000 |     0.000
   2312,   |   4291.000 |   4541.650 |   210.933 |   4291.000 |   4291.000 |     0.000
   2313,   |   4291.000 |   4550.360 |   267.225 |   4291.000 |   4291.000 |     0.000
   2314,   |   4281.000 |   4545.760 |   250.792 |   4281.000 |   4281.000 |     0.000
   2315,   |   4281.000 |   4533.050 |   219.887 |   4281.000 |   4281.000 |     0.000
   2316,   |   4280.000 |   4536.430 |   210.748 |   4280.000 |   4280.000 |     0.000
   2317,   |   4280.000 |   4572.870 |   242.178 |   4280.000 |   4280.000 |     0.000
   2318,   |   4280.000 |   4587.790 |   329.078 |   4280.000 |   4280.000 |     0.000
   2319,   |   4280.000 |   4560.320 |   288.279 |   4280.000 |   4280.000 |     0.000
   2320,   |   4270.000 |   4602.330 |   290.645 |   4270.000 |   4270.000 |     0.000
   2321,   |   4270.000 |   4568.900 |   277.113 |   4270.000 |   4270.000 |     0.000
   2322,   |   4270.000 |   4522.420 |   208.365 |   4270.000 |   4270.000 |     0.000
   2323,   |   4270.000 |   4530.370 |   256.910 |   4270.000 |   4270.000 |     0.000
   2324,   |   4270.000 |   4529.270 |   241.426 |   4270.000 |   4270.000 |     0.000
   2325,   |   4270.000 |   4546.870 |   235.991 |   4270.000 |   4270.000 |     0.000
   2326,   |   4270.000 |   4526.490 |   246.683 |   4270.000 |   4270.000 |     0.000
   2327,   |   4270.000 |   4504.480 |   221.342 |   4270.000 |   4270.000 |     0.000
   2328,   |   4270.000 |   4554.190 |   300.736 |   4270.000 |   4270.000 |     0.000
   2329,   |   4270.000 |   4533.290 |   233.073 |   4270.000 |   4270.000 |     0.000
   2330,   |   4270.000 |   4512.550 |   227.054 |   4270.000 |   4270.000 |     0.000
   2331,   |   4270.000 |   4503.920 |   232.835 |   4270.000 |   4270.000 |     0.000
   2332,   |   4270.000 |   4493.180 |   230.159 |   4270.000 |   4270.000 |     0.000
   2333,   |   4270.000 |   4545.600 |   253.199 |   4270.000 |   4270.000 |     0.000
   2334,   |   4270.000 |   4536.280 |   250.317 |   4270.000 |   4270.000 |     0.000
   2335,   |   4270.000 |   4498.750 |   215.692 |   4270.000 |   4270.000 |     0.000
   2336,   |   4270.000 |   4496.150 |   220.597 |   4270.000 |   4270.000 |     0.000
   2337,   |   4270.000 |   4490.790 |   211.183 |   4270.000 |   4270.000 |     0.000
   2338,   |   4270.000 |   4502.690 |   210.490 |   4270.000 |   4270.000 |     0.000
   2339,   |   4270.000 |   4493.910 |   223.498 |   4270.000 |   4270.000 |     0.000
   2340,   |   4270.000 |   4508.530 |   234.627 |   4270.000 |   4270.000 |     0.000
   2341,   |   4270.000 |   4482.750 |   197.923 |   4270.000 |   4270.000 |     0.000
   2342,   |   4270.000 |   4509.410 |   212.525 |   4270.000 |   4270.000 |     0.000
   2343,   |   4270.000 |   4522.210 |   241.958 |   4270.000 |   4270.000 |     0.000
   2344,   |   4270.000 |   4486.180 |   216.222 |   4270.000 |   4270.000 |     0.000
   2345,   |   4270.000 |   4508.540 |   215.087 |   4270.000 |   4270.000 |     0.000
   2346,   |   4270.000 |   4531.340 |   216.213 |   4270.000 |   4270.000 |     0.000
   2347,   |   4270.000 |   4518.560 |   244.300 |   4270.000 |   4270.000 |     0.000
   2348,   |   4270.000 |   4464.180 |   210.518 |   4270.000 |   4270.000 |     0.000
   2349,   |   4270.000 |   4515.770 |   206.923 |   4270.000 |   4270.000 |     0.000
   2350,   |   4270.000 |   4603.080 |   337.044 |   4270.000 |   4270.000 |     0.000
   2351,   |   4270.000 |   4507.940 |   217.776 |   4270.000 |   4270.000 |     0.000
   2352,   |   4270.000 |   4540.190 |   271.713 |   4270.000 |   4270.000 |     0.000
   2353,   |   4270.000 |   4512.090 |   221.867 |   4270.000 |   4270.000 |     0.000
   2354,   |   4270.000 |   4505.660 |   222.834 |   4270.000 |   4270.000 |     0.000
   2355,   |   4270.000 |   4527.650 |   265.850 |   4270.000 |   4270.000 |     0.000
   2356,   |   4270.000 |   4534.730 |   224.579 |   4270.000 |   4270.000 |     0.000
   2357,   |   4270.000 |   4504.120 |   235.197 |   4270.000 |   4270.000 |     0.000
   2358,   |   4270.000 |   4486.430 |   221.319 |   4270.000 |   4270.000 |     0.000
   2359,   |   4270.000 |   4504.390 |   217.089 |   4270.000 |   4270.000 |     0.000
   2360,   |   4270.000 |   4503.000 |   248.317 |   4270.000 |   4270.000 |     0.000
   2361,   |   4270.000 |   4472.940 |   198.285 |   4270.000 |   4270.000 |     0.000
   2362,   |   4270.000 |   4558.710 |   240.455 |   4270.000 |   4270.000 |     0.000
   2363,   |   4270.000 |   4518.200 |   257.608 |   4270.000 |   4270.000 |     0.000
   2364,   |   4270.000 |   4525.340 |   248.618 |   4270.000 |   4270.000 |     0.000
   2365,   |   4270.000 |   4496.280 |   226.748 |   4270.000 |   4270.000 |     0.000
   2366,   |   4270.000 |   4477.730 |   183.406 |   4270.000 |   4270.000 |     0.000
   2367,   |   4270.000 |   4533.620 |   268.906 |   4270.000 |   4270.000 |     0.000
   2368,   |   4270.000 |   4475.090 |   220.576 |   4270.000 |   4270.000 |     0.000
   2369,   |   4270.000 |   4509.210 |   235.554 |   4270.000 |   4270.000 |     0.000
   2370,   |   4270.000 |   4536.180 |   229.827 |   4270.000 |   4270.000 |     0.000
   2371,   |   4270.000 |   4517.220 |   220.230 |   4270.000 |   4270.000 |     0.000
   2372,   |   4270.000 |   4477.680 |   187.180 |   4270.000 |   4270.000 |     0.000
   2373,   |   4270.000 |   4480.050 |   208.567 |   4270.000 |   4270.000 |     0.000
   2374,   |   4270.000 |   4512.030 |   210.188 |   4270.000 |   4270.000 |     0.000
   2375,   |   4270.000 |   4467.410 |   197.423 |   4270.000 |   4270.000 |     0.000
   2376,   |   4270.000 |   4462.090 |   205.640 |   4270.000 |   4270.000 |     0.000
   2377,   |   4270.000 |   4534.810 |   236.579 |   4270.000 |   4270.000 |     0.000
   2378,   |   4270.000 |   4460.630 |   205.252 |   4270.000 |   4270.000 |     0.000
   2379,   |   4270.000 |   4526.910 |   249.332 |   4270.000 |   4270.000 |     0.000
   2380,   |   4270.000 |   4543.900 |   257.095 |   4270.000 |   4270.000 |     0.000
   2381,   |   4270.000 |   4478.890 |   188.134 |   4270.000 |   4270.000 |     0.000
   2382,   |   4270.000 |   4490.820 |   193.508 |   4270.000 |   4270.000 |     0.000
   2383,   |   4270.000 |   4495.710 |   221.841 |   4270.000 |   4270.000 |     0.000
   2384,   |   4270.000 |   4526.710 |   264.522 |   4270.000 |   4270.000 |     0.000
   2385,   |   4270.000 |   4473.880 |   203.433 |   4270.000 |   4270.000 |     0.000
   2386,   |   4270.000 |   4482.820 |   202.462 |   4270.000 |   4270.000 |     0.000
   2387,   |   4270.000 |   4528.550 |   235.027 |   4270.000 |   4270.000 |     0.000
   2388,   |   4270.000 |   4494.380 |   244.608 |   4270.000 |   4270.000 |     0.000
   2389,   |   4270.000 |   4516.440 |   213.935 |   4270.000 |   4270.000 |     0.000
   2390,   |   4270.000 |   4496.580 |   207.350 |   4270.000 |   4270.000 |     0.000
   2391,   |   4270.000 |   4480.510 |   192.499 |   4270.000 |   4270.000 |     0.000
   2392,   |   4270.000 |   4495.940 |   220.232 |   4270.000 |   4270.000 |     0.000
   2393,   |   4270.000 |   4498.270 |   212.820 |   4270.000 |   4270.000 |     0.000
   2394,   |   4270.000 |   4505.800 |   198.611 |   4270.000 |   4270.000 |     0.000
   2395,   |   4270.000 |   4501.080 |   238.595 |   4270.000 |   4270.000 |     0.000
   2396,   |   4270.000 |   4497.500 |   227.983 |   4270.000 |   4270.000 |     0.000
   2397,   |   4270.000 |   4514.150 |   213.052 |   4270.000 |   4270.000 |     0.000
   2398,   |   4270.000 |   4492.470 |   208.383 |   4270.000 |   4270.000 |     0.000
   2399,   |   4270.000 |   4535.560 |   207.035 |   4270.000 |   4270.000 |     0.000
   2400,   |   4270.000 |   4551.660 |   247.238 |   4270.000 |   4270.000 |     0.000
   2401,   |   4270.000 |   4548.360 |   235.179 |   4270.000 |   4270.000 |     0.000
   2402,   |   4270.000 |   4487.810 |   203.991 |   4270.000 |   4270.000 |     0.000
   2403,   |   4270.000 |   4519.010 |   232.973 |   4270.000 |   4270.000 |     0.000
   2404,   |   4270.000 |   4499.760 |   244.793 |   4270.000 |   4270.000 |     0.000
   2405,   |   4270.000 |   4509.450 |   225.592 |   4270.000 |   4270.000 |     0.000
   2406,   |   4270.000 |   4506.970 |   243.048 |   4270.000 |   4270.000 |     0.000
   2407,   |   4270.000 |   4493.260 |   202.310 |   4270.000 |   4270.000 |     0.000
   2408,   |   4270.000 |   4525.640 |   257.544 |   4270.000 |   4270.000 |     0.000
   2409,   |   4270.000 |   4541.680 |   246.549 |   4270.000 |   4270.000 |     0.000
   2410,   |   4270.000 |   4514.010 |   248.911 |   4270.000 |   4270.000 |     0.000
   2411,   |   4270.000 |   4499.530 |   215.063 |   4270.000 |   4270.000 |     0.000
   2412,   |   4270.000 |   4547.410 |   270.828 |   4270.000 |   4270.000 |     0.000
   2413,   |   4270.000 |   4519.420 |   212.467 |   4270.000 |   4270.000 |     0.000
   2414,   |   4270.000 |   4539.580 |   254.277 |   4270.000 |   4270.000 |     0.000
   2415,   |   4270.000 |   4547.760 |   226.549 |   4270.000 |   4270.000 |     0.000
   2416,   |   4270.000 |   4516.230 |   228.130 |   4270.000 |   4270.000 |     0.000
   2417,   |   4270.000 |   4449.080 |   184.900 |   4270.000 |   4270.000 |     0.000
   2418,   |   4270.000 |   4521.410 |   218.307 |   4270.000 |   4270.000 |     0.000
   2419,   |   4270.000 |   4516.150 |   262.682 |   4270.000 |   4270.000 |     0.000
   2420,   |   4270.000 |   4494.130 |   224.953 |   4270.000 |   4270.000 |     0.000
   2421,   |   4270.000 |   4462.700 |   204.485 |   4270.000 |   4270.000 |     0.000
   2422,   |   4270.000 |   4514.740 |   233.086 |   4270.000 |   4270.000 |     0.000
   2423,   |   4270.000 |   4523.390 |   234.208 |   4270.000 |   4270.000 |     0.000
   2424,   |   4270.000 |   4522.630 |   224.821 |   4270.000 |   4270.000 |     0.000
   2425,   |   4270.000 |   4502.810 |   219.277 |   4270.000 |   4270.000 |     0.000
   2426,   |   4270.000 |   4493.830 |   223.391 |   4270.000 |   4270.000 |     0.000
   2427,   |   4270.000 |   4528.330 |   254.760 |   4270.000 |   4270.000 |     0.000
   2428,   |   4270.000 |   4552.940 |   276.522 |   4270.000 |   4270.000 |     0.000
   2429,   |   4270.000 |   4501.840 |   234.406 |   4270.000 |   4270.000 |     0.000
   2430,   |   4270.000 |   4487.980 |   182.343 |   4270.000 |   4270.000 |     0.000
   2431,   |   4270.000 |   4552.340 |   262.513 |   4270.000 |   4270.000 |     0.000
   2432,   |   4270.000 |   4571.770 |   328.497 |   4270.000 |   4270.000 |     0.000
   2433,   |   4270.000 |   4495.220 |   201.355 |   4270.000 |   4270.000 |     0.000
   2434,   |   4270.000 |   4498.980 |   233.809 |   4270.000 |   4270.000 |     0.000
   2435,   |   4270.000 |   4524.000 |   237.991 |   4270.000 |   4270.000 |     0.000
   2436,   |   4270.000 |   4490.500 |   220.806 |   4270.000 |   4270.000 |     0.000
   2437,   |   4270.000 |   4484.140 |   206.784 |   4270.000 |   4270.000 |     0.000
   2438,   |   4270.000 |   4547.340 |   271.617 |   4270.000 |   4270.000 |     0.000
   2439,   |   4270.000 |   4501.180 |   211.177 |   4270.000 |   4270.000 |     0.000
   2440,   |   4270.000 |   4496.240 |   210.949 |   4270.000 |   4270.000 |     0.000
   2441,   |   4270.000 |   4553.520 |   250.731 |   4270.000 |   4270.000 |     0.000
   2442,   |   4270.000 |   4530.690 |   221.383 |   4270.000 |   4270.000 |     0.000
   2443,   |   4270.000 |   4518.780 |   222.686 |   4270.000 |   4270.000 |     0.000
   2444,   |   4270.000 |   4518.590 |   237.047 |   4270.000 |   4270.000 |     0.000
   2445,   |   4270.000 |   4480.040 |   227.779 |   4270.000 |   4270.000 |     0.000
   2446,   |   4270.000 |   4547.310 |   300.399 |   4270.000 |   4270.000 |     0.000
   2447,   |   4270.000 |   4510.580 |   202.370 |   4270.000 |   4270.000 |     0.000
   2448,   |   4270.000 |   4489.150 |   231.198 |   4270.000 |   4270.000 |     0.000
   2449,   |   4270.000 |   4503.150 |   217.262 |   4270.000 |   4270.000 |     0.000
   2450,   |   4270.000 |   4488.870 |   186.320 |   4270.000 |   4270.000 |     0.000
   2451,   |   4270.000 |   4468.840 |   205.701 |   4270.000 |   4270.000 |     0.000
   2452,   |   4270.000 |   4466.730 |   186.117 |   4270.000 |   4270.000 |     0.000
   2453,   |   4270.000 |   4494.270 |   201.795 |   4270.000 |   4270.000 |     0.000
   2454,   |   4270.000 |   4500.480 |   205.166 |   4270.000 |   4270.000 |     0.000
   2455,   |   4270.000 |   4449.440 |   190.948 |   4270.000 |   4270.000 |     0.000
   2456,   |   4270.000 |   4473.950 |   201.250 |   4270.000 |   4270.000 |     0.000
   2457,   |   4270.000 |   4528.110 |   242.274 |   4270.000 |   4270.000 |     0.000
   2458,   |   4270.000 |   4462.960 |   194.217 |   4270.000 |   4270.000 |     0.000
   2459,   |   4270.000 |   4470.330 |   200.751 |   4270.000 |   4270.000 |     0.000
   2460,   |   4270.000 |   4492.150 |   215.256 |   4270.000 |   4270.000 |     0.000
   2461,   |   4270.000 |   4529.930 |   254.417 |   4270.000 |   4270.000 |     0.000
   2462,   |   4270.000 |   4498.940 |   228.076 |   4270.000 |   4270.000 |     0.000
   2463,   |   4270.000 |   4514.820 |   227.265 |   4270.000 |   4270.000 |     0.000
   2464,   |   4270.000 |   4517.970 |   249.435 |   4270.000 |   4270.000 |     0.000
   2465,   |   4270.000 |   4542.790 |   229.806 |   4270.000 |   4270.000 |     0.000
   2466,   |   4270.000 |   4519.170 |   234.848 |   4270.000 |   4270.000 |     0.000
   2467,   |   4270.000 |   4548.560 |   297.794 |   4270.000 |   4270.000 |     0.000
   2468,   |   4270.000 |   4525.600 |   207.669 |   4270.000 |   4270.000 |     0.000
   2469,   |   4270.000 |   4551.220 |   294.509 |   4270.000 |   4270.000 |     0.000
   2470,   |   4270.000 |   4527.030 |   219.413 |   4270.000 |   4270.000 |     0.000
   2471,   |   4270.000 |   4521.400 |   208.246 |   4270.000 |   4270.000 |     0.000
   2472,   |   4270.000 |   4489.340 |   203.420 |   4270.000 |   4270.000 |     0.000
   2473,   |   4270.000 |   4520.340 |   210.988 |   4270.000 |   4270.000 |     0.000
   2474,   |   4270.000 |   4491.910 |   220.087 |   4270.000 |   4270.000 |     0.000
   2475,   |   4270.000 |   4500.830 |   228.649 |   4270.000 |   4270.000 |     0.000
   2476,   |   4270.000 |   4503.380 |   210.401 |   4270.000 |   4270.000 |     0.000
   2477,   |   4270.000 |   4536.670 |   273.485 |   4270.000 |   4270.000 |     0.000
   2478,   |   4270.000 |   4519.560 |   211.812 |   4270.000 |   4270.000 |     0.000
   2479,   |   4270.000 |   4459.480 |   189.569 |   4270.000 |   4270.000 |     0.000
   2480,   |   4270.000 |   4540.570 |   234.874 |   4270.000 |   4270.000 |     0.000
   2481,   |   4270.000 |   4520.570 |   237.394 |   4270.000 |   4270.000 |     0.000
   2482,   |   4270.000 |   4528.150 |   216.532 |   4270.000 |   4270.000 |     0.000
   2483,   |   4270.000 |   4532.430 |   288.266 |   4270.000 |   4270.000 |     0.000
   2484,   |   4270.000 |   4528.260 |   208.475 |   4270.000 |   4270.000 |     0.000
   2485,   |   4270.000 |   4500.100 |   222.822 |   4270.000 |   4270.000 |     0.000
   2486,   |   4270.000 |   4524.340 |   223.684 |   4270.000 |   4270.000 |     0.000
   2487,   |   4270.000 |   4511.930 |   239.634 |   4270.000 |   4270.000 |     0.000
   2488,   |   4270.000 |   4483.870 |   206.845 |   4270.000 |   4270.000 |     0.000
   2489,   |   4270.000 |   4513.020 |   224.306 |   4270.000 |   4270.000 |     0.000
   2490,   |   4270.000 |   4515.980 |   206.312 |   4270.000 |   4270.000 |     0.000
   2491,   |   4270.000 |   4525.660 |   254.950 |   4270.000 |   4270.000 |     0.000
   2492,   |   4270.000 |   4518.400 |   220.593 |   4270.000 |   4270.000 |     0.000
   2493,   |   4270.000 |   4471.950 |   247.261 |   4270.000 |   4270.000 |     0.000
   2494,   |   4270.000 |   4489.970 |   197.295 |   4270.000 |   4270.000 |     0.000
   2495,   |   4270.000 |   4508.170 |   237.085 |   4270.000 |   4270.000 |     0.000
   2496,   |   4270.000 |   4534.040 |   213.165 |   4270.000 |   4270.000 |     0.000
   2497,   |   4270.000 |   4527.070 |   223.457 |   4270.000 |   4270.000 |     0.000
   2498,   |   4270.000 |   4563.370 |   250.336 |   4270.000 |   4270.000 |     0.000
   2499,   |   4270.000 |   4531.110 |   247.218 |   4270.000 |   4270.000 |     0.000
   2500,   |   4270.000 |   4517.380 |   202.481 |   4270.000 |   4270.000 |     0.000
   2501,   |   4270.000 |   4515.590 |   218.497 |   4270.000 |   4270.000 |     0.000
   2502,   |   4270.000 |   4507.400 |   217.899 |   4270.000 |   4270.000 |     0.000
   2503,   |   4270.000 |   4482.950 |   213.452 |   4270.000 |   4270.000 |     0.000
   2504,   |   4270.000 |   4521.180 |   236.908 |   4270.000 |   4270.000 |     0.000
   2505,   |   4270.000 |   4494.500 |   190.240 |   4270.000 |   4270.000 |     0.000
   2506,   |   4270.000 |   4474.760 |   172.626 |   4270.000 |   4270.000 |     0.000
   2507,   |   4270.000 |   4511.270 |   222.444 |   4270.000 |   4270.000 |     0.000
   2508,   |   4270.000 |   4501.450 |   221.822 |   4270.000 |   4270.000 |     0.000
   2509,   |   4270.000 |   4513.270 |   228.671 |   4270.000 |   4270.000 |     0.000
   2510,   |   4270.000 |   4508.900 |   257.039 |   4270.000 |   4270.000 |     0.000
   2511,   |   4270.000 |   4485.880 |   241.387 |   4270.000 |   4270.000 |     0.000
   2512,   |   4270.000 |   4502.380 |   210.516 |   4270.000 |   4270.000 |     0.000
   2513,   |   4270.000 |   4549.710 |   251.743 |   4270.000 |   4270.000 |     0.000
   2514,   |   4270.000 |   4550.500 |   220.149 |   4270.000 |   4270.000 |     0.000
   2515,   |   4270.000 |   4570.130 |   241.497 |   4270.000 |   4270.000 |     0.000
   2516,   |   4270.000 |   4518.630 |   241.161 |   4270.000 |   4270.000 |     0.000
   2517,   |   4270.000 |   4488.750 |   235.574 |   4270.000 |   4270.000 |     0.000
   2518,   |   4270.000 |   4476.500 |   229.547 |   4270.000 |   4270.000 |     0.000
   2519,   |   4270.000 |   4478.130 |   207.407 |   4270.000 |   4270.000 |     0.000
   2520,   |   4270.000 |   4495.800 |   221.253 |   4270.000 |   4270.000 |     0.000
   2521,   |   4270.000 |   4497.400 |   235.258 |   4270.000 |   4270.000 |     0.000
   2522,   |   4270.000 |   4541.750 |   255.460 |   4270.000 |   4270.000 |     0.000
   2523,   |   4270.000 |   4489.740 |   198.136 |   4270.000 |   4270.000 |     0.000
   2524,   |   4270.000 |   4495.900 |   192.328 |   4270.000 |   4270.000 |     0.000
   2525,   |   4270.000 |   4564.880 |   219.195 |   4270.000 |   4270.000 |     0.000
   2526,   |   4270.000 |   4580.460 |   249.372 |   4270.000 |   4270.000 |     0.000
   2527,   |   4270.000 |   4544.990 |   248.871 |   4270.000 |   4270.000 |     0.000
   2528,   |   4270.000 |   4568.820 |   301.881 |   4270.000 |   4270.000 |     0.000
   2529,   |   4270.000 |   4604.050 |   303.114 |   4270.000 |   4270.000 |     0.000
   2530,   |   4270.000 |   4556.030 |   214.508 |   4270.000 |   4270.000 |     0.000
   2531,   |   4270.000 |   4587.840 |   272.736 |   4270.000 |   4270.000 |     0.000
   2532,   |   4270.000 |   4533.210 |   249.579 |   4270.000 |   4270.000 |     0.000
   2533,   |   4270.000 |   4554.550 |   255.153 |   4270.000 |   4270.000 |     0.000
   2534,   |   4270.000 |   4479.550 |   207.074 |   4270.000 |   4270.000 |     0.000
   2535,   |   4270.000 |   4496.250 |   197.307 |   4270.000 |   4270.000 |     0.000
   2536,   |   4270.000 |   4570.250 |   283.778 |   4270.000 |   4270.000 |     0.000
   2537,   |   4270.000 |   4510.520 |   208.098 |   4270.000 |   4270.000 |     0.000
   2538,   |   4270.000 |   4512.520 |   232.458 |   4270.000 |   4270.000 |     0.000
   2539,   |   4261.000 |   4532.970 |   228.600 |   4261.000 |   4261.000 |     0.000
   2540,   |   4261.000 |   4530.480 |   225.603 |   4261.000 |   4261.000 |     0.000
   2541,   |   4261.000 |   4536.310 |   333.839 |   4261.000 |   4261.000 |     0.000
   2542,   |   4261.000 |   4495.790 |   220.042 |   4261.000 |   4261.000 |     0.000
   2543,   |   4261.000 |   4518.760 |   224.044 |   4261.000 |   4261.000 |     0.000
   2544,   |   4261.000 |   4491.220 |   217.389 |   4261.000 |   4261.000 |     0.000
   2545,   |   4261.000 |   4522.320 |   233.878 |   4261.000 |   4261.000 |     0.000
   2546,   |   4261.000 |   4510.030 |   233.525 |   4261.000 |   4261.000 |     0.000
   2547,   |   4261.000 |   4469.250 |   200.512 |   4261.000 |   4261.000 |     0.000
   2548,   |   4261.000 |   4510.960 |   232.062 |   4261.000 |   4261.000 |     0.000
   2549,   |   4261.000 |   4509.960 |   215.110 |   4261.000 |   4261.000 |     0.000
   2550,   |   4261.000 |   4511.100 |   235.288 |   4261.000 |   4261.000 |     0.000
   2551,   |   4261.000 |   4523.750 |   214.196 |   4261.000 |   4261.000 |     0.000
   2552,   |   4261.000 |   4475.670 |   203.246 |   4261.000 |   4261.000 |     0.000
   2553,   |   4261.000 |   4494.290 |   238.764 |   4261.000 |   4261.000 |     0.000
   2554,   |   4261.000 |   4492.880 |   214.977 |   4261.000 |   4261.000 |     0.000
   2555,   |   4261.000 |   4499.300 |   248.066 |   4261.000 |   4261.000 |     0.000
   2556,   |   4234.000 |   4488.060 |   227.893 |   4234.000 |   4234.000 |     0.000
   2557,   |   4234.000 |   4476.620 |   198.397 |   4234.000 |   4234.000 |     0.000
   2558,   |   4234.000 |   4521.730 |   262.558 |   4234.000 |   4234.000 |     0.000
   2559,   |   4234.000 |   4445.920 |   224.406 |   4234.000 |   4234.000 |     0.000
   2560,   |   4234.000 |   4485.200 |   239.478 |   4234.000 |   4234.000 |     0.000
   2561,   |   4234.000 |   4454.170 |   205.167 |   4234.000 |   4234.000 |     0.000
   2562,   |   4234.000 |   4471.170 |   231.827 |   4234.000 |   4234.000 |     0.000
   2563,   |   4234.000 |   4453.220 |   215.167 |   4234.000 |   4234.000 |     0.000
   2564,   |   4234.000 |   4486.180 |   239.528 |   4234.000 |   4234.000 |     0.000
   2565,   |   4234.000 |   4451.100 |   196.262 |   4234.000 |   4234.000 |     0.000
   2566,   |   4234.000 |   4488.680 |   237.881 |   4234.000 |   4234.000 |     0.000
   2567,   |   4234.000 |   4433.990 |   192.852 |   4234.000 |   4234.000 |     0.000
   2568,   |   4234.000 |   4446.530 |   215.778 |   4234.000 |   4234.000 |     0.000
   2569,   |   4234.000 |   4470.720 |   222.510 |   4234.000 |   4234.000 |     0.000
   2570,   |   4234.000 |   4474.870 |   236.440 |   4234.000 |   4234.000 |     0.000
   2571,   |   4234.000 |   4443.600 |   200.835 |   4234.000 |   4234.000 |     0.000
   2572,   |   4234.000 |   4434.800 |   213.951 |   4234.000 |   4234.000 |     0.000
   2573,   |   4234.000 |   4463.890 |   192.417 |   4234.000 |   4234.000 |     0.000
   2574,   |   4234.000 |   4473.770 |   233.578 |   4234.000 |   4234.000 |     0.000
   2575,   |   4234.000 |   4507.630 |   235.337 |   4234.000 |   4234.000 |     0.000
   2576,   |   4234.000 |   4449.610 |   205.430 |   4234.000 |   4234.000 |     0.000
   2577,   |   4234.000 |   4472.080 |   227.169 |   4234.000 |   4234.000 |     0.000
   2578,   |   4234.000 |   4462.780 |   226.852 |   4234.000 |   4234.000 |     0.000
   2579,   |   4234.000 |   4458.890 |   224.900 |   4234.000 |   4234.000 |     0.000
   2580,   |   4234.000 |   4465.040 |   231.260 |   4234.000 |   4234.000 |     0.000
   2581,   |   4234.000 |   4475.480 |   242.779 |   4234.000 |   4234.000 |     0.000
   2582,   |   4234.000 |   4463.410 |   210.554 |   4234.000 |   4234.000 |     0.000
   2583,   |   4234.000 |   4463.230 |   209.221 |   4234.000 |   4234.000 |     0.000
   2584,   |   4234.000 |   4512.120 |   237.863 |   4234.000 |   4234.000 |     0.000
   2585,   |   4234.000 |   4492.810 |   267.432 |   4234.000 |   4234.000 |     0.000
   2586,   |   4234.000 |   4535.030 |   218.184 |   4234.000 |   4234.000 |     0.000
   2587,   |   4234.000 |   4466.050 |   281.495 |   4234.000 |   4234.000 |     0.000
   2588,   |   4234.000 |   4507.470 |   221.405 |   4234.000 |   4234.000 |     0.000
   2589,   |   4234.000 |   4513.120 |   240.399 |   4234.000 |   4234.000 |     0.000
   2590,   |   4234.000 |   4446.430 |   243.746 |   4234.000 |   4234.000 |     0.000
   2591,   |   4234.000 |   4452.750 |   217.315 |   4234.000 |   4234.000 |     0.000
   2592,   |   4234.000 |   4453.240 |   193.879 |   4234.000 |   4234.000 |     0.000
   2593,   |   4234.000 |   4456.110 |   210.375 |   4234.000 |   4234.000 |     0.000
   2594,   |   4234.000 |   4481.770 |   231.474 |   4234.000 |   4234.000 |     0.000
   2595,   |   4234.000 |   4489.270 |   209.924 |   4234.000 |   4234.000 |     0.000
   2596,   |   4234.000 |   4515.430 |   214.339 |   4234.000 |   4234.000 |     0.000
   2597,   |   4234.000 |   4508.060 |   253.007 |   4234.000 |   4234.000 |     0.000
   2598,   |   4234.000 |   4476.600 |   229.333 |   4234.000 |   4234.000 |     0.000
   2599,   |   4234.000 |   4483.720 |   228.949 |   4234.000 |   4234.000 |     0.000
   2600,   |   4234.000 |   4477.680 |   239.750 |   4234.000 |   4234.000 |     0.000
   2601,   |   4234.000 |   4434.380 |   208.754 |   4234.000 |   4234.000 |     0.000
   2602,   |   4234.000 |   4487.820 |   242.024 |   4234.000 |   4234.000 |     0.000
   2603,   |   4234.000 |   4470.080 |   204.607 |   4234.000 |   4234.000 |     0.000
   2604,   |   4234.000 |   4485.740 |   242.773 |   4234.000 |   4234.000 |     0.000
   2605,   |   4234.000 |   4509.160 |   240.484 |   4234.000 |   4234.000 |     0.000
   2606,   |   4234.000 |   4524.660 |   294.397 |   4234.000 |   4234.000 |     0.000
   2607,   |   4234.000 |   4474.800 |   233.855 |   4234.000 |   4234.000 |     0.000
   2608,   |   4234.000 |   4466.760 |   271.863 |   4234.000 |   4234.000 |     0.000
   2609,   |   4234.000 |   4489.460 |   220.158 |   4234.000 |   4234.000 |     0.000
   2610,   |   4234.000 |   4483.880 |   261.864 |   4234.000 |   4234.000 |     0.000
   2611,   |   4234.000 |   4443.080 |   201.864 |   4234.000 |   4234.000 |     0.000
   2612,   |   4234.000 |   4508.070 |   265.735 |   4234.000 |   4234.000 |     0.000
   2613,   |   4234.000 |   4472.500 |   181.134 |   4234.000 |   4234.000 |     0.000
   2614,   |   4234.000 |   4476.840 |   207.426 |   4234.000 |   4234.000 |     0.000
   2615,   |   4234.000 |   4504.000 |   241.086 |   4234.000 |   4234.000 |     0.000
   2616,   |   4234.000 |   4486.090 |   211.531 |   4234.000 |   4234.000 |     0.000
   2617,   |   4234.000 |   4503.470 |   225.271 |   4234.000 |   4234.000 |     0.000
   2618,   |   4234.000 |   4476.900 |   230.209 |   4234.000 |   4234.000 |     0.000
   2619,   |   4234.000 |   4490.260 |   239.022 |   4234.000 |   4234.000 |     0.000
   2620,   |   4234.000 |   4450.210 |   217.399 |   4234.000 |   4234.000 |     0.000
   2621,   |   4234.000 |   4434.630 |   207.623 |   4234.000 |   4234.000 |     0.000
   2622,   |   4234.000 |   4465.220 |   235.160 |   4234.000 |   4234.000 |     0.000
   2623,   |   4234.000 |   4459.270 |   214.891 |   4234.000 |   4234.000 |     0.000
   2624,   |   4234.000 |   4507.100 |   249.059 |   4234.000 |   4234.000 |     0.000
   2625,   |   4234.000 |   4428.980 |   217.980 |   4234.000 |   4234.000 |     0.000
   2626,   |   4234.000 |   4441.340 |   208.434 |   4234.000 |   4234.000 |     0.000
   2627,   |   4234.000 |   4437.120 |   211.553 |   4234.000 |   4234.000 |     0.000
   2628,   |   4234.000 |   4443.200 |   223.035 |   4234.000 |   4234.000 |     0.000
   2629,   |   4234.000 |   4468.120 |   200.318 |   4234.000 |   4234.000 |     0.000
   2630,   |   4234.000 |   4492.010 |   218.043 |   4234.000 |   4234.000 |     0.000
   2631,   |   4234.000 |   4465.570 |   218.079 |   4234.000 |   4234.000 |     0.000
   2632,   |   4234.000 |   4480.590 |   304.248 |   4234.000 |   4234.000 |     0.000
   2633,   |   4234.000 |   4466.680 |   232.016 |   4234.000 |   4234.000 |     0.000
   2634,   |   4234.000 |   4466.220 |   226.585 |   4234.000 |   4234.000 |     0.000
   2635,   |   4234.000 |   4455.260 |   201.402 |   4234.000 |   4234.000 |     0.000
   2636,   |   4234.000 |   4437.130 |   191.811 |   4234.000 |   4234.000 |     0.000
   2637,   |   4234.000 |   4485.620 |   208.139 |   4234.000 |   4234.000 |     0.000
   2638,   |   4234.000 |   4553.710 |   295.836 |   4234.000 |   4234.000 |     0.000
   2639,   |   4234.000 |   4508.180 |   228.517 |   4234.000 |   4234.000 |     0.000
   2640,   |   4234.000 |   4486.750 |   211.374 |   4234.000 |   4234.000 |     0.000
   2641,   |   4234.000 |   4435.200 |   202.016 |   4234.000 |   4234.000 |     0.000
   2642,   |   4234.000 |   4442.690 |   199.329 |   4234.000 |   4234.000 |     0.000
   2643,   |   4234.000 |   4448.890 |   211.051 |   4234.000 |   4234.000 |     0.000
   2644,   |   4234.000 |   4491.500 |   202.484 |   4234.000 |   4234.000 |     0.000
   2645,   |   4234.000 |   4456.910 |   194.268 |   4234.000 |   4234.000 |     0.000
   2646,   |   4234.000 |   4477.830 |   209.694 |   4234.000 |   4234.000 |     0.000
   2647,   |   4234.000 |   4490.690 |   247.934 |   4234.000 |   4234.000 |     0.000
   2648,   |   4234.000 |   4444.640 |   200.675 |   4234.000 |   4234.000 |     0.000
   2649,   |   4234.000 |   4502.060 |   193.624 |   4234.000 |   4234.000 |     0.000
   2650,   |   4234.000 |   4568.950 |   300.910 |   4234.000 |   4234.000 |     0.000
   2651,   |   4234.000 |   4546.850 |   307.603 |   4234.000 |   4234.000 |     0.000
   2652,   |   4234.000 |   4474.220 |   233.598 |   4234.000 |   4234.000 |     0.000
   2653,   |   4234.000 |   4461.970 |   239.731 |   4234.000 |   4234.000 |     0.000
   2654,   |   4234.000 |   4507.250 |   254.945 |   4234.000 |   4234.000 |     0.000
   2655,   |   4234.000 |   4477.780 |   234.223 |   4234.000 |   4234.000 |     0.000
   2656,   |   4234.000 |   4480.210 |   208.025 |   4234.000 |   4234.000 |     0.000
   2657,   |   4234.000 |   4471.970 |   240.359 |   4234.000 |   4234.000 |     0.000
   2658,   |   4234.000 |   4464.010 |   215.750 |   4234.000 |   4234.000 |     0.000
   2659,   |   4234.000 |   4428.740 |   197.051 |   4234.000 |   4234.000 |     0.000
   2660,   |   4234.000 |   4470.790 |   178.621 |   4234.000 |   4234.000 |     0.000
   2661,   |   4234.000 |   4461.100 |   211.855 |   4234.000 |   4234.000 |     0.000
   2662,   |   4234.000 |   4488.140 |   242.465 |   4234.000 |   4234.000 |     0.000
   2663,   |   4230.000 |   4476.550 |   226.410 |   4230.000 |   4230.000 |     0.000
   2664,   |   4230.000 |   4484.460 |   234.713 |   4230.000 |   4230.000 |     0.000
   2665,   |   4230.000 |   4450.990 |   223.863 |   4230.000 |   4230.000 |     0.000
   2666,   |   4230.000 |   4470.430 |   226.441 |   4230.000 |   4230.000 |     0.000
   2667,   |   4230.000 |   4443.420 |   197.784 |   4230.000 |   4230.000 |     0.000
   2668,   |   4230.000 |   4462.430 |   212.128 |   4230.000 |   4230.000 |     0.000
   2669,   |   4230.000 |   4504.630 |   265.305 |   4230.000 |   4230.000 |     0.000
   2670,   |   4230.000 |   4507.930 |   283.736 |   4230.000 |   4230.000 |     0.000
   2671,   |   4230.000 |   4449.840 |   192.096 |   4230.000 |   4230.000 |     0.000
   2672,   |   4230.000 |   4443.400 |   232.995 |   4230.000 |   4230.000 |     0.000
   2673,   |   4230.000 |   4468.680 |   205.336 |   4230.000 |   4230.000 |     0.000
   2674,   |   4230.000 |   4462.010 |   208.233 |   4230.000 |   4230.000 |     0.000
   2675,   |   4230.000 |   4466.830 |   209.554 |   4230.000 |   4230.000 |     0.000
   2676,   |   4230.000 |   4495.320 |   257.989 |   4230.000 |   4230.000 |     0.000
   2677,   |   4230.000 |   4450.560 |   213.710 |   4230.000 |   4230.000 |     0.000
   2678,   |   4230.000 |   4444.580 |   208.479 |   4230.000 |   4230.000 |     0.000
   2679,   |   4230.000 |   4440.560 |   207.050 |   4230.000 |   4230.000 |     0.000
   2680,   |   4230.000 |   4465.390 |   196.983 |   4230.000 |   4230.000 |     0.000
   2681,   |   4230.000 |   4491.620 |   248.280 |   4230.000 |   4230.000 |     0.000
   2682,   |   4230.000 |   4454.130 |   220.091 |   4230.000 |   4230.000 |     0.000
   2683,   |   4230.000 |   4487.790 |   246.356 |   4230.000 |   4230.000 |     0.000
   2684,   |   4230.000 |   4498.820 |   294.512 |   4230.000 |   4230.000 |     0.000
   2685,   |   4230.000 |   4475.380 |   238.268 |   4230.000 |   4230.000 |     0.000
   2686,   |   4230.000 |   4482.250 |   217.435 |   4230.000 |   4230.000 |     0.000
   2687,   |   4230.000 |   4512.170 |   262.963 |   4230.000 |   4230.000 |     0.000
   2688,   |   4230.000 |   4483.030 |   242.356 |   4230.000 |   4230.000 |     0.000
   2689,   |   4230.000 |   4437.700 |   202.466 |   4230.000 |   4230.000 |     0.000
   2690,   |   4230.000 |   4487.830 |   240.963 |   4230.000 |   4230.000 |     0.000
   2691,   |   4222.000 |   4468.550 |   222.946 |   4222.000 |   4222.000 |     0.000
   2692,   |   4222.000 |   4473.770 |   210.026 |   4222.000 |   4222.000 |     0.000
   2693,   |   4222.000 |   4454.000 |   212.284 |   4222.000 |   4222.000 |     0.000
   2694,   |   4222.000 |   4453.330 |   219.521 |   4222.000 |   4222.000 |     0.000
   2695,   |   4222.000 |   4463.920 |   221.583 |   4222.000 |   4222.000 |     0.000
   2696,   |   4222.000 |   4451.410 |   209.288 |   4222.000 |   4222.000 |     0.000
   2697,   |   4222.000 |   4500.440 |   230.686 |   4222.000 |   4222.000 |     0.000
   2698,   |   4222.000 |   4466.970 |   229.385 |   4222.000 |   4222.000 |     0.000
   2699,   |   4222.000 |   4475.740 |   214.994 |   4222.000 |   4222.000 |     0.000
   2700,   |   4222.000 |   4427.510 |   227.727 |   4222.000 |   4222.000 |     0.000
   2701,   |   4222.000 |   4484.450 |   260.064 |   4222.000 |   4222.000 |     0.000
   2702,   |   4222.000 |   4447.450 |   215.405 |   4222.000 |   4222.000 |     0.000
   2703,   |   4222.000 |   4401.660 |   189.621 |   4222.000 |   4222.000 |     0.000
   2704,   |   4222.000 |   4438.080 |   212.677 |   4222.000 |   4222.000 |     0.000
   2705,   |   4222.000 |   4458.580 |   224.783 |   4222.000 |   4222.000 |     0.000
   2706,   |   4222.000 |   4463.550 |   211.924 |   4222.000 |   4222.000 |     0.000
   2707,   |   4222.000 |   4439.680 |   222.455 |   4222.000 |   4222.000 |     0.000
   2708,   |   4222.000 |   4453.850 |   203.808 |   4222.000 |   4222.000 |     0.000
   2709,   |   4222.000 |   4463.340 |   240.597 |   4222.000 |   4222.000 |     0.000
   2710,   |   4222.000 |   4421.220 |   202.695 |   4222.000 |   4222.000 |     0.000
   2711,   |   4222.000 |   4402.220 |   205.094 |   4222.000 |   4222.000 |     0.000
   2712,   |   4222.000 |   4476.580 |   236.492 |   4222.000 |   4222.000 |     0.000
   2713,   |   4222.000 |   4508.670 |   218.895 |   4222.000 |   4222.000 |     0.000
   2714,   |   4222.000 |   4476.000 |   344.785 |   4222.000 |   4222.000 |     0.000
   2715,   |   4222.000 |   4424.110 |   215.977 |   4222.000 |   4222.000 |     0.000
   2716,   |   4222.000 |   4471.290 |   208.563 |   4222.000 |   4222.000 |     0.000
   2717,   |   4222.000 |   4476.330 |   240.454 |   4222.000 |   4222.000 |     0.000
   2718,   |   4222.000 |   4421.900 |   200.991 |   4222.000 |   4222.000 |     0.000
   2719,   |   4222.000 |   4460.640 |   197.927 |   4222.000 |   4222.000 |     0.000
   2720,   |   4222.000 |   4516.030 |   220.152 |   4222.000 |   4222.000 |     0.000
   2721,   |   4222.000 |   4529.630 |   268.813 |   4222.000 |   4222.000 |     0.000
   2722,   |   4222.000 |   4480.060 |   209.498 |   4222.000 |   4222.000 |     0.000
   2723,   |   4222.000 |   4491.110 |   313.448 |   4222.000 |   4222.000 |     0.000
   2724,   |   4222.000 |   4483.790 |   213.349 |   4222.000 |   4222.000 |     0.000
   2725,   |   4222.000 |   4473.770 |   227.269 |   4222.000 |   4222.000 |     0.000
   2726,   |   4222.000 |   4436.370 |   225.178 |   4222.000 |   4222.000 |     0.000
   2727,   |   4222.000 |   4487.800 |   239.561 |   4222.000 |   4222.000 |     0.000
   2728,   |   4222.000 |   4454.900 |   221.600 |   4222.000 |   4222.000 |     0.000
   2729,   |   4222.000 |   4482.140 |   246.803 |   4222.000 |   4222.000 |     0.000
   2730,   |   4222.000 |   4466.150 |   292.432 |   4222.000 |   4222.000 |     0.000
   2731,   |   4222.000 |   4431.960 |   199.359 |   4222.000 |   4222.000 |     0.000
   2732,   |   4222.000 |   4493.610 |   210.079 |   4222.000 |   4222.000 |     0.000
   2733,   |   4222.000 |   4471.110 |   225.295 |   4222.000 |   4222.000 |     0.000
   2734,   |   4222.000 |   4446.390 |   193.177 |   4222.000 |   4222.000 |     0.000
   2735,   |   4222.000 |   4481.990 |   207.664 |   4222.000 |   4222.000 |     0.000
   2736,   |   4222.000 |   4454.580 |   255.206 |   4222.000 |   4222.000 |     0.000
   2737,   |   4222.000 |   4415.660 |   204.971 |   4222.000 |   4222.000 |     0.000
   2738,   |   4222.000 |   4438.920 |   185.566 |   4222.000 |   4222.000 |     0.000
   2739,   |   4222.000 |   4481.530 |   249.190 |   4222.000 |   4222.000 |     0.000
   2740,   |   4222.000 |   4468.750 |   208.288 |   4222.000 |   4222.000 |     0.000
   2741,   |   4222.000 |   4422.630 |   200.135 |   4222.000 |   4222.000 |     0.000
   2742,   |   4222.000 |   4468.350 |   224.740 |   4222.000 |   4222.000 |     0.000
   2743,   |   4222.000 |   4504.590 |   240.750 |   4222.000 |   4222.000 |     0.000
   2744,   |   4222.000 |   4447.410 |   206.201 |   4222.000 |   4222.000 |     0.000
   2745,   |   4222.000 |   4492.140 |   262.190 |   4222.000 |   4222.000 |     0.000
   2746,   |   4222.000 |   4466.570 |   247.211 |   4222.000 |   4222.000 |     0.000
   2747,   |   4222.000 |   4454.160 |   242.813 |   4222.000 |   4222.000 |     0.000
   2748,   |   4222.000 |   4466.450 |   226.855 |   4222.000 |   4222.000 |     0.000
   2749,   |   4222.000 |   4462.010 |   218.315 |   4222.000 |   4222.000 |     0.000
   2750,   |   4222.000 |   4471.530 |   222.539 |   4222.000 |   4222.000 |     0.000
   2751,   |   4222.000 |   4475.210 |   256.322 |   4222.000 |   4222.000 |     0.000
   2752,   |   4222.000 |   4477.500 |   209.920 |   4222.000 |   4222.000 |     0.000
   2753,   |   4222.000 |   4437.450 |   219.902 |   4222.000 |   4222.000 |     0.000
   2754,   |   4222.000 |   4433.870 |   228.896 |   4222.000 |   4222.000 |     0.000
   2755,   |   4222.000 |   4441.580 |   198.918 |   4222.000 |   4222.000 |     0.000
   2756,   |   4222.000 |   4495.310 |   236.277 |   4222.000 |   4222.000 |     0.000
   2757,   |   4222.000 |   4477.290 |   215.958 |   4222.000 |   4222.000 |     0.000
   2758,   |   4222.000 |   4535.810 |   305.776 |   4222.000 |   4222.000 |     0.000
   2759,   |   4222.000 |   4534.250 |   260.689 |   4222.000 |   4222.000 |     0.000
   2760,   |   4222.000 |   4457.430 |   236.892 |   4222.000 |   4222.000 |     0.000
   2761,   |   4222.000 |   4459.350 |   218.347 |   4222.000 |   4222.000 |     0.000
   2762,   |   4222.000 |   4481.570 |   235.015 |   4222.000 |   4222.000 |     0.000
   2763,   |   4222.000 |   4483.340 |   249.929 |   4222.000 |   4222.000 |     0.000
   2764,   |   4222.000 |   4497.550 |   234.037 |   4222.000 |   4222.000 |     0.000
   2765,   |   4222.000 |   4460.020 |   237.560 |   4222.000 |   4222.000 |     0.000
   2766,   |   4222.000 |   4467.300 |   223.310 |   4222.000 |   4222.000 |     0.000
   2767,   |   4222.000 |   4453.450 |   208.920 |   4222.000 |   4222.000 |     0.000
   2768,   |   4222.000 |   4472.920 |   201.168 |   4222.000 |   4222.000 |     0.000
   2769,   |   4222.000 |   4468.140 |   243.516 |   4222.000 |   4222.000 |     0.000
   2770,   |   4222.000 |   4467.410 |   226.510 |   4222.000 |   4222.000 |     0.000
   2771,   |   4222.000 |   4423.600 |   212.532 |   4222.000 |   4222.000 |     0.000
   2772,   |   4222.000 |   4488.230 |   219.004 |   4222.000 |   4222.000 |     0.000
   2773,   |   4222.000 |   4458.970 |   239.606 |   4222.000 |   4222.000 |     0.000
   2774,   |   4222.000 |   4448.800 |   207.129 |   4222.000 |   4222.000 |     0.000
   2775,   |   4222.000 |   4435.740 |   195.815 |   4222.000 |   4222.000 |     0.000
   2776,   |   4222.000 |   4405.570 |   196.823 |   4222.000 |   4222.000 |     0.000
   2777,   |   4222.000 |   4429.560 |   186.774 |   4222.000 |   4222.000 |     0.000
   2778,   |   4222.000 |   4433.740 |   222.445 |   4222.000 |   4222.000 |     0.000
   2779,   |   4222.000 |   4434.580 |   217.743 |   4222.000 |   4222.000 |     0.000
   2780,   |   4222.000 |   4463.430 |   242.741 |   4222.000 |   4222.000 |     0.000
   2781,   |   4222.000 |   4476.180 |   207.674 |   4222.000 |   4222.000 |     0.000
   2782,   |   4222.000 |   4468.560 |   247.287 |   4222.000 |   4222.000 |     0.000
   2783,   |   4222.000 |   4503.090 |   220.027 |   4222.000 |   4222.000 |     0.000
   2784,   |   4222.000 |   4576.080 |   324.928 |   4222.000 |   4222.000 |     0.000
   2785,   |   4222.000 |   4500.580 |   230.345 |   4222.000 |   4222.000 |     0.000
   2786,   |   4222.000 |   4508.510 |   241.172 |   4222.000 |   4222.000 |     0.000
   2787,   |   4222.000 |   4475.680 |   254.652 |   4222.000 |   4222.000 |     0.000
   2788,   |   4222.000 |   4484.070 |   198.689 |   4222.000 |   4222.000 |     0.000
   2789,   |   4222.000 |   4480.610 |   231.537 |   4222.000 |   4222.000 |     0.000
   2790,   |   4222.000 |   4467.970 |   243.757 |   4222.000 |   4222.000 |     0.000
   2791,   |   4222.000 |   4497.210 |   234.373 |   4222.000 |   4222.000 |     0.000
   2792,   |   4222.000 |   4456.260 |   217.389 |   4222.000 |   4222.000 |     0.000
   2793,   |   4222.000 |   4464.230 |   213.438 |   4222.000 |   4222.000 |     0.000
   2794,   |   4222.000 |   4471.260 |   224.314 |   4222.000 |   4222.000 |     0.000
   2795,   |   4222.000 |   4413.270 |   202.568 |   4222.000 |   4222.000 |     0.000
   2796,   |   4222.000 |   4448.760 |   199.407 |   4222.000 |   4222.000 |     0.000
   2797,   |   4222.000 |   4442.260 |   228.977 |   4222.000 |   4222.000 |     0.000
   2798,   |   4222.000 |   4459.430 |   230.415 |   4222.000 |   4222.000 |     0.000
   2799,   |   4222.000 |   4452.400 |   231.007 |   4222.000 |   4222.000 |     0.000
   2800,   |   4222.000 |   4444.130 |   212.277 |   4222.000 |   4222.000 |     0.000
   2801,   |   4222.000 |   4457.520 |   223.513 |   4222.000 |   4222.000 |     0.000
   2802,   |   4222.000 |   4481.900 |   214.341 |   4222.000 |   4222.000 |     0.000
   2803,   |   4222.000 |   4485.750 |   225.972 |   4222.000 |   4222.000 |     0.000
   2804,   |   4222.000 |   4490.660 |   228.361 |   4222.000 |   4222.000 |     0.000
   2805,   |   4222.000 |   4495.750 |   265.841 |   4222.000 |   4222.000 |     0.000
   2806,   |   4222.000 |   4451.530 |   196.119 |   4222.000 |   4222.000 |     0.000
   2807,   |   4222.000 |   4458.350 |   255.932 |   4222.000 |   4222.000 |     0.000
   2808,   |   4222.000 |   4487.170 |   237.427 |   4222.000 |   4222.000 |     0.000
   2809,   |   4222.000 |   4471.770 |   220.493 |   4222.000 |   4222.000 |     0.000
   2810,   |   4222.000 |   4456.690 |   226.642 |   4222.000 |   4222.000 |     0.000
   2811,   |   4222.000 |   4478.070 |   209.704 |   4222.000 |   4222.000 |     0.000
   2812,   |   4222.000 |   4487.170 |   248.943 |   4222.000 |   4222.000 |     0.000
   2813,   |   4222.000 |   4435.840 |   206.626 |   4222.000 |   4222.000 |     0.000
   2814,   |   4222.000 |   4453.060 |   196.085 |   4222.000 |   4222.000 |     0.000
   2815,   |   4222.000 |   4454.560 |   225.168 |   4222.000 |   4222.000 |     0.000
   2816,   |   4222.000 |   4433.280 |   215.715 |   4222.000 |   4222.000 |     0.000
   2817,   |   4222.000 |   4440.010 |   224.316 |   4222.000 |   4222.000 |     0.000
   2818,   |   4222.000 |   4465.150 |   220.930 |   4222.000 |   4222.000 |     0.000
   2819,   |   4222.000 |   4426.690 |   194.092 |   4222.000 |   4222.000 |     0.000
   2820,   |   4222.000 |   4493.610 |   251.207 |   4222.000 |   4222.000 |     0.000
   2821,   |   4222.000 |   4471.810 |   220.824 |   4222.000 |   4222.000 |     0.000
   2822,   |   4222.000 |   4530.230 |   272.707 |   4222.000 |   4222.000 |     0.000
   2823,   |   4222.000 |   4434.600 |   205.093 |   4222.000 |   4222.000 |     0.000
   2824,   |   4222.000 |   4468.410 |   212.104 |   4222.000 |   4222.000 |     0.000
   2825,   |   4222.000 |   4474.410 |   254.659 |   4222.000 |   4222.000 |     0.000
   2826,   |   4222.000 |   4464.530 |   207.538 |   4222.000 |   4222.000 |     0.000
   2827,   |   4222.000 |   4457.990 |   225.229 |   4222.000 |   4222.000 |     0.000
   2828,   |   4222.000 |   4491.170 |   224.885 |   4222.000 |   4222.000 |     0.000
   2829,   |   4222.000 |   4493.600 |   229.341 |   4222.000 |   4222.000 |     0.000
   2830,   |   4222.000 |   4533.250 |   261.295 |   4222.000 |   4222.000 |     0.000
   2831,   |   4222.000 |   4507.880 |   228.834 |   4222.000 |   4222.000 |     0.000
   2832,   |   4222.000 |   4445.310 |   194.938 |   4222.000 |   4222.000 |     0.000
   2833,   |   4222.000 |   4471.810 |   226.273 |   4222.000 |   4222.000 |     0.000
   2834,   |   4222.000 |   4478.450 |   191.065 |   4222.000 |   4222.000 |     0.000
   2835,   |   4222.000 |   4469.440 |   217.701 |   4222.000 |   4222.000 |     0.000
   2836,   |   4222.000 |   4419.970 |   188.910 |   4222.000 |   4222.000 |     0.000
   2837,   |   4222.000 |   4421.440 |   222.503 |   4222.000 |   4222.000 |     0.000
   2838,   |   4222.000 |   4471.890 |   225.533 |   4222.000 |   4222.000 |     0.000
   2839,   |   4222.000 |   4461.690 |   220.148 |   4222.000 |   4222.000 |     0.000
   2840,   |   4222.000 |   4448.570 |   205.141 |   4222.000 |   4222.000 |     0.000
   2841,   |   4222.000 |   4459.790 |   214.098 |   4222.000 |   4222.000 |     0.000
   2842,   |   4222.000 |   4451.480 |   231.569 |   4222.000 |   4222.000 |     0.000
   2843,   |   4222.000 |   4471.940 |   209.787 |   4222.000 |   4222.000 |     0.000
   2844,   |   4222.000 |   4480.490 |   221.871 |   4222.000 |   4222.000 |     0.000
   2845,   |   4222.000 |   4470.310 |   227.274 |   4222.000 |   4222.000 |     0.000
   2846,   |   4222.000 |   4461.240 |   215.514 |   4222.000 |   4222.000 |     0.000
   2847,   |   4222.000 |   4482.560 |   244.824 |   4222.000 |   4222.000 |     0.000
   2848,   |   4222.000 |   4476.880 |   206.504 |   4222.000 |   4222.000 |     0.000
   2849,   |   4222.000 |   4473.100 |   247.399 |   4222.000 |   4222.000 |     0.000
   2850,   |   4222.000 |   4454.200 |   227.528 |   4222.000 |   4222.000 |     0.000
   2851,   |   4222.000 |   4474.730 |   223.308 |   4222.000 |   4222.000 |     0.000
   2852,   |   4222.000 |   4424.780 |   203.992 |   4222.000 |   4222.000 |     0.000
   2853,   |   4222.000 |   4447.200 |   204.670 |   4222.000 |   4222.000 |     0.000
   2854,   |   4222.000 |   4467.730 |   206.483 |   4222.000 |   4222.000 |     0.000
   2855,   |   4222.000 |   4454.220 |   214.089 |   4222.000 |   4222.000 |     0.000
   2856,   |   4222.000 |   4502.720 |   245.618 |   4222.000 |   4222.000 |     0.000
   2857,   |   4222.000 |   4552.480 |   342.971 |   4222.000 |   4222.000 |     0.000
   2858,   |   4222.000 |   4515.500 |   314.623 |   4222.000 |   4222.000 |     0.000
   2859,   |   4222.000 |   4475.250 |   253.879 |   4222.000 |   4222.000 |     0.000
   2860,   |   4221.000 |   4469.610 |   230.887 |   4221.000 |   4221.000 |     0.000
   2861,   |   4221.000 |   4462.540 |   220.006 |   4221.000 |   4221.000 |     0.000
   2862,   |   4221.000 |   4480.630 |   224.430 |   4221.000 |   4221.000 |     0.000
   2863,   |   4221.000 |   4496.250 |   257.738 |   4221.000 |   4221.000 |     0.000
   2864,   |   4221.000 |   4466.830 |   225.157 |   4221.000 |   4221.000 |     0.000
   2865,   |   4221.000 |   4458.510 |   202.867 |   4221.000 |   4221.000 |     0.000
   2866,   |   4221.000 |   4460.450 |   234.889 |   4221.000 |   4221.000 |     0.000
   2867,   |   4221.000 |   4498.910 |   242.057 |   4221.000 |   4221.000 |     0.000
   2868,   |   4221.000 |   4457.950 |   214.542 |   4221.000 |   4221.000 |     0.000
   2869,   |   4221.000 |   4470.230 |   229.080 |   4221.000 |   4221.000 |     0.000
   2870,   |   4221.000 |   4447.470 |   215.042 |   4221.000 |   4221.000 |     0.000
   2871,   |   4221.000 |   4482.090 |   238.194 |   4221.000 |   4221.000 |     0.000
   2872,   |   4221.000 |   4445.150 |   226.029 |   4221.000 |   4221.000 |     0.000
   2873,   |   4221.000 |   4444.940 |   195.236 |   4221.000 |   4221.000 |     0.000
   2874,   |   4221.000 |   4487.910 |   224.573 |   4221.000 |   4221.000 |     0.000
   2875,   |   4221.000 |   4485.730 |   220.579 |   4221.000 |   4221.000 |     0.000
   2876,   |   4221.000 |   4476.710 |   205.420 |   4221.000 |   4221.000 |     0.000
   2877,   |   4221.000 |   4473.660 |   257.714 |   4221.000 |   4221.000 |     0.000
   2878,   |   4221.000 |   4501.520 |   277.782 |   4221.000 |   4221.000 |     0.000
   2879,   |   4221.000 |   4455.510 |   221.026 |   4221.000 |   4221.000 |     0.000
   2880,   |   4221.000 |   4459.640 |   231.134 |   4221.000 |   4221.000 |     0.000
   2881,   |   4221.000 |   4467.130 |   237.730 |   4221.000 |   4221.000 |     0.000
   2882,   |   4221.000 |   4474.400 |   220.448 |   4221.000 |   4221.000 |     0.000
   2883,   |   4221.000 |   4434.550 |   208.861 |   4221.000 |   4221.000 |     0.000
   2884,   |   4221.000 |   4464.010 |   262.866 |   4221.000 |   4221.000 |     0.000
   2885,   |   4221.000 |   4480.220 |   225.717 |   4221.000 |   4221.000 |     0.000
   2886,   |   4221.000 |   4512.880 |   288.662 |   4221.000 |   4221.000 |     0.000
   2887,   |   4221.000 |   4448.240 |   203.869 |   4221.000 |   4221.000 |     0.000
   2888,   |   4221.000 |   4452.670 |   222.635 |   4221.000 |   4221.000 |     0.000
   2889,   |   4221.000 |   4463.640 |   230.631 |   4221.000 |   4221.000 |     0.000
   2890,   |   4221.000 |   4445.930 |   204.566 |   4221.000 |   4221.000 |     0.000
   2891,   |   4221.000 |   4442.660 |   203.750 |   4221.000 |   4221.000 |     0.000
   2892,   |   4221.000 |   4427.620 |   214.260 |   4221.000 |   4221.000 |     0.000
   2893,   |   4221.000 |   4449.640 |   219.393 |   4221.000 |   4221.000 |     0.000
   2894,   |   4221.000 |   4469.990 |   220.205 |   4221.000 |   4221.000 |     0.000
   2895,   |   4221.000 |   4512.110 |   286.329 |   4221.000 |   4221.000 |     0.000
   2896,   |   4221.000 |   4465.560 |   258.604 |   4221.000 |   4221.000 |     0.000
   2897,   |   4221.000 |   4511.700 |   237.162 |   4221.000 |   4221.000 |     0.000
   2898,   |   4221.000 |   4527.360 |   278.285 |   4221.000 |   4221.000 |     0.000
   2899,   |   4221.000 |   4545.850 |   305.369 |   4221.000 |   4221.000 |     0.000
   2900,   |   4221.000 |   4503.240 |   239.630 |   4221.000 |   4221.000 |     0.000
   2901,   |   4221.000 |   4502.570 |   231.462 |   4221.000 |   4221.000 |     0.000
   2902,   |   4221.000 |   4463.440 |   216.866 |   4221.000 |   4221.000 |     0.000
   2903,   |   4221.000 |   4444.590 |   224.309 |   4221.000 |   4221.000 |     0.000
   2904,   |   4221.000 |   4443.590 |   204.233 |   4221.000 |   4221.000 |     0.000
   2905,   |   4221.000 |   4461.610 |   227.142 |   4221.000 |   4221.000 |     0.000
   2906,   |   4221.000 |   4445.660 |   234.065 |   4221.000 |   4221.000 |     0.000
   2907,   |   4221.000 |   4420.480 |   197.571 |   4221.000 |   4221.000 |     0.000
   2908,   |   4221.000 |   4477.330 |   231.122 |   4221.000 |   4221.000 |     0.000
   2909,   |   4221.000 |   4439.990 |   222.529 |   4221.000 |   4221.000 |     0.000
   2910,   |   4221.000 |   4411.580 |   200.436 |   4221.000 |   4221.000 |     0.000
   2911,   |   4221.000 |   4461.280 |   222.775 |   4221.000 |   4221.000 |     0.000
   2912,   |   4221.000 |   4452.750 |   200.310 |   4221.000 |   4221.000 |     0.000
   2913,   |   4221.000 |   4431.310 |   199.429 |   4221.000 |   4221.000 |     0.000
   2914,   |   4221.000 |   4461.220 |   222.877 |   4221.000 |   4221.000 |     0.000
   2915,   |   4221.000 |   4426.970 |   211.460 |   4221.000 |   4221.000 |     0.000
   2916,   |   4221.000 |   4462.580 |   207.422 |   4221.000 |   4221.000 |     0.000
   2917,   |   4221.000 |   4447.580 |   231.835 |   4221.000 |   4221.000 |     0.000
   2918,   |   4221.000 |   4451.770 |   207.904 |   4221.000 |   4221.000 |     0.000
   2919,   |   4221.000 |   4480.770 |   243.805 |   4221.000 |   4221.000 |     0.000
   2920,   |   4221.000 |   4441.160 |   226.857 |   4221.000 |   4221.000 |     0.000
   2921,   |   4221.000 |   4453.760 |   228.070 |   4221.000 |   4221.000 |     0.000
   2922,   |   4221.000 |   4442.700 |   215.463 |   4221.000 |   4221.000 |     0.000
   2923,   |   4221.000 |   4500.620 |   252.690 |   4221.000 |   4221.000 |     0.000
   2924,   |   4221.000 |   4478.440 |   210.609 |   4221.000 |   4221.000 |     0.000
   2925,   |   4221.000 |   4499.990 |   257.819 |   4221.000 |   4221.000 |     0.000
   2926,   |   4221.000 |   4458.040 |   221.112 |   4221.000 |   4221.000 |     0.000
   2927,   |   4221.000 |   4471.060 |   237.736 |   4221.000 |   4221.000 |     0.000
   2928,   |   4221.000 |   4445.440 |   216.016 |   4221.000 |   4221.000 |     0.000
   2929,   |   4221.000 |   4449.120 |   207.016 |   4221.000 |   4221.000 |     0.000
   2930,   |   4221.000 |   4463.700 |   230.321 |   4221.000 |   4221.000 |     0.000
   2931,   |   4221.000 |   4478.650 |   269.242 |   4221.000 |   4221.000 |     0.000
   2932,   |   4221.000 |   4467.120 |   261.483 |   4221.000 |   4221.000 |     0.000
   2933,   |   4221.000 |   4434.060 |   197.937 |   4221.000 |   4221.000 |     0.000
   2934,   |   4221.000 |   4443.080 |   261.443 |   4221.000 |   4221.000 |     0.000
   2935,   |   4221.000 |   4424.330 |   204.434 |   4221.000 |   4221.000 |     0.000
   2936,   |   4221.000 |   4460.950 |   207.441 |   4221.000 |   4221.000 |     0.000
   2937,   |   4221.000 |   4473.500 |   215.811 |   4221.000 |   4221.000 |     0.000
   2938,   |   4221.000 |   4494.650 |   232.193 |   4221.000 |   4221.000 |     0.000
   2939,   |   4221.000 |   4483.440 |   237.682 |   4221.000 |   4221.000 |     0.000
   2940,   |   4221.000 |   4491.100 |   221.580 |   4221.000 |   4221.000 |     0.000
   2941,   |   4221.000 |   4442.940 |   193.701 |   4221.000 |   4221.000 |     0.000
   2942,   |   4221.000 |   4459.460 |   239.981 |   4221.000 |   4221.000 |     0.000
   2943,   |   4221.000 |   4448.330 |   210.535 |   4221.000 |   4221.000 |     0.000
   2944,   |   4221.000 |   4428.440 |   210.678 |   4221.000 |   4221.000 |     0.000
   2945,   |   4221.000 |   4457.160 |   215.702 |   4221.000 |   4221.000 |     0.000
   2946,   |   4221.000 |   4462.290 |   232.753 |   4221.000 |   4221.000 |     0.000
   2947,   |   4221.000 |   4458.270 |   202.296 |   4221.000 |   4221.000 |     0.000
   2948,   |   4221.000 |   4464.400 |   219.883 |   4221.000 |   4221.000 |     0.000
   2949,   |   4221.000 |   4491.370 |   261.840 |   4221.000 |   4221.000 |     0.000
   2950,   |   4213.000 |   4456.150 |   225.071 |   4213.000 |   4213.000 |     0.000
   2951,   |   4213.000 |   4454.760 |   222.769 |   4213.000 |   4213.000 |     0.000
   2952,   |   4213.000 |   4469.120 |   243.283 |   4213.000 |   4213.000 |     0.000
   2953,   |   4213.000 |   4431.600 |   204.430 |   4213.000 |   4213.000 |     0.000
   2954,   |   4213.000 |   4451.390 |   233.772 |   4213.000 |   4213.000 |     0.000
   2955,   |   4213.000 |   4442.920 |   212.434 |   4213.000 |   4213.000 |     0.000
   2956,   |   4213.000 |   4457.510 |   209.813 |   4213.000 |   4213.000 |     0.000
   2957,   |   4213.000 |   4509.290 |   253.309 |   4213.000 |   4213.000 |     0.000
   2958,   |   4213.000 |   4488.000 |   237.446 |   4213.000 |   4213.000 |     0.000
   2959,   |   4213.000 |   4449.190 |   294.076 |   4213.000 |   4213.000 |     0.000
   2960,   |   4213.000 |   4414.170 |   195.223 |   4213.000 |   4213.000 |     0.000
   2961,   |   4213.000 |   4465.710 |   250.120 |   4213.000 |   4213.000 |     0.000
   2962,   |   4213.000 |   4459.710 |   232.066 |   4213.000 |   4213.000 |     0.000
   2963,   |   4213.000 |   4480.150 |   224.938 |   4213.000 |   4213.000 |     0.000
   2964,   |   4213.000 |   4438.660 |   199.813 |   4213.000 |   4213.000 |     0.000
   2965,   |   4213.000 |   4456.220 |   222.416 |   4213.000 |   4213.000 |     0.000
   2966,   |   4213.000 |   4446.110 |   244.331 |   4213.000 |   4213.000 |     0.000
   2967,   |   4213.000 |   4429.620 |   218.714 |   4213.000 |   4213.000 |     0.000
   2968,   |   4213.000 |   4406.600 |   210.600 |   4213.000 |   4213.000 |     0.000
   2969,   |   4213.000 |   4409.050 |   197.020 |   4213.000 |   4213.000 |     0.000
   2970,   |   4213.000 |   4419.740 |   208.790 |   4213.000 |   4213.000 |     0.000
   2971,   |   4213.000 |   4440.150 |   219.120 |   4213.000 |   4213.000 |     0.000
   2972,   |   4213.000 |   4424.610 |   206.380 |   4213.000 |   4213.000 |     0.000
   2973,   |   4213.000 |   4475.100 |   227.715 |   4213.000 |   4213.000 |     0.000
   2974,   |   4213.000 |   4449.820 |   237.101 |   4213.000 |   4213.000 |     0.000
   2975,   |   4213.000 |   4467.520 |   225.303 |   4213.000 |   4213.000 |     0.000
   2976,   |   4213.000 |   4434.250 |   204.760 |   4213.000 |   4213.000 |     0.000
   2977,   |   4213.000 |   4434.100 |   234.442 |   4213.000 |   4213.000 |     0.000
   2978,   |   4213.000 |   4432.960 |   209.267 |   4213.000 |   4213.000 |     0.000
   2979,   |   4213.000 |   4508.390 |   258.451 |   4213.000 |   4213.000 |     0.000
   2980,   |   4213.000 |   4483.360 |   266.246 |   4213.000 |   4213.000 |     0.000
   2981,   |   4213.000 |   4435.000 |   224.351 |   4213.000 |   4213.000 |     0.000
   2982,   |   4213.000 |   4425.860 |   197.838 |   4213.000 |   4213.000 |     0.000
   2983,   |   4213.000 |   4412.800 |   192.352 |   4213.000 |   4213.000 |     0.000
   2984,   |   4213.000 |   4486.760 |   224.359 |   4213.000 |   4213.000 |     0.000
   2985,   |   4213.000 |   4505.720 |   297.217 |   4213.000 |   4213.000 |     0.000
   2986,   |   4213.000 |   4459.510 |   244.391 |   4213.000 |   4213.000 |     0.000
   2987,   |   4213.000 |   4442.470 |   227.247 |   4213.000 |   4213.000 |     0.000
   2988,   |   4213.000 |   4451.970 |   218.774 |   4213.000 |   4213.000 |     0.000
   2989,   |   4213.000 |   4455.440 |   237.800 |   4213.000 |   4213.000 |     0.000
   2990,   |   4213.000 |   4451.050 |   195.429 |   4213.000 |   4213.000 |     0.000
   2991,   |   4213.000 |   4479.310 |   232.472 |   4213.000 |   4213.000 |     0.000
   2992,   |   4213.000 |   4477.710 |   222.075 |   4213.000 |   4213.000 |     0.000
   2993,   |   4213.000 |   4456.660 |   234.538 |   4213.000 |   4213.000 |     0.000
   2994,   |   4213.000 |   4455.510 |   231.557 |   4213.000 |   4213.000 |     0.000
   2995,   |   4213.000 |   4448.900 |   194.118 |   4213.000 |   4213.000 |     0.000
   2996,   |   4213.000 |   4445.620 |   213.735 |   4213.000 |   4213.000 |     0.000
   2997,   |   4213.000 |   4409.150 |   205.803 |   4213.000 |   4213.000 |     0.000
   2998,   |   4213.000 |   4443.930 |   216.714 |   4213.000 |   4213.000 |     0.000
   2999,   |   4213.000 |   4445.560 |   224.875 |   4213.000 |   4213.000 |     0.000
   3000,   |   4213.000 |   4446.370 |   238.728 |   4213.000 |   4213.000 |     0.000
   3001,   |   4213.000 |   4486.630 |   254.482 |   4213.000 |   4213.000 |     0.000
   3002,   |   4213.000 |   4461.070 |   247.587 |   4213.000 |   4213.000 |     0.000
   3003,   |   4213.000 |   4430.220 |   230.522 |   4213.000 |   4213.000 |     0.000
   3004,   |   4213.000 |   4441.130 |   199.319 |   4213.000 |   4213.000 |     0.000
   3005,   |   4213.000 |   4480.470 |   239.935 |   4213.000 |   4213.000 |     0.000
   3006,   |   4213.000 |   4416.410 |   208.643 |   4213.000 |   4213.000 |     0.000
   3007,   |   4213.000 |   4471.350 |   227.332 |   4213.000 |   4213.000 |     0.000
   3008,   |   4213.000 |   4417.960 |   182.031 |   4213.000 |   4213.000 |     0.000
   3009,   |   4213.000 |   4463.870 |   215.971 |   4213.000 |   4213.000 |     0.000
   3010,   |   4213.000 |   4429.300 |   209.828 |   4213.000 |   4213.000 |     0.000
   3011,   |   4213.000 |   4469.990 |   238.581 |   4213.000 |   4213.000 |     0.000
   3012,   |   4213.000 |   4471.540 |   246.724 |   4213.000 |   4213.000 |     0.000
   3013,   |   4213.000 |   4421.590 |   205.034 |   4213.000 |   4213.000 |     0.000
   3014,   |   4213.000 |   4453.590 |   220.873 |   4213.000 |   4213.000 |     0.000
   3015,   |   4213.000 |   4421.140 |   216.541 |   4213.000 |   4213.000 |     0.000
   3016,   |   4213.000 |   4400.830 |   212.063 |   4213.000 |   4213.000 |     0.000
   3017,   |   4213.000 |   4411.380 |   201.829 |   4213.000 |   4213.000 |     0.000
   3018,   |   4213.000 |   4474.640 |   221.704 |   4213.000 |   4213.000 |     0.000
   3019,   |   4213.000 |   4461.150 |   237.236 |   4213.000 |   4213.000 |     0.000
   3020,   |   4213.000 |   4442.290 |   200.433 |   4213.000 |   4213.000 |     0.000
   3021,   |   4213.000 |   4466.330 |   209.466 |   4213.000 |   4213.000 |     0.000
   3022,   |   4213.000 |   4435.190 |   228.002 |   4213.000 |   4213.000 |     0.000
   3023,   |   4213.000 |   4412.060 |   185.725 |   4213.000 |   4213.000 |     0.000
   3024,   |   4213.000 |   4451.660 |   202.746 |   4213.000 |   4213.000 |     0.000
   3025,   |   4213.000 |   4422.460 |   212.371 |   4213.000 |   4213.000 |     0.000
   3026,   |   4213.000 |   4446.850 |   228.737 |   4213.000 |   4213.000 |     0.000
   3027,   |   4213.000 |   4477.950 |   231.178 |   4213.000 |   4213.000 |     0.000
   3028,   |   4213.000 |   4425.930 |   203.369 |   4213.000 |   4213.000 |     0.000
   3029,   |   4213.000 |   4479.850 |   255.608 |   4213.000 |   4213.000 |     0.000
   3030,   |   4213.000 |   4440.260 |   210.758 |   4213.000 |   4213.000 |     0.000
   3031,   |   4208.000 |   4432.240 |   210.874 |   4208.000 |   4208.000 |     0.000
   3032,   |   4208.000 |   4461.380 |   266.719 |   4208.000 |   4208.000 |     0.000
   3033,   |   4208.000 |   4461.790 |   213.986 |   4208.000 |   4208.000 |     0.000
   3034,   |   4208.000 |   4476.280 |   264.338 |   4208.000 |   4208.000 |     0.000
   3035,   |   4208.000 |   4451.320 |   253.442 |   4208.000 |   4208.000 |     0.000
   3036,   |   4208.000 |   4465.380 |   215.767 |   4208.000 |   4208.000 |     0.000
   3037,   |   4208.000 |   4463.030 |   251.785 |   4208.000 |   4208.000 |     0.000
   3038,   |   4208.000 |   4454.150 |   213.573 |   4208.000 |   4208.000 |     0.000
   3039,   |   4208.000 |   4460.520 |   240.867 |   4208.000 |   4208.000 |     0.000
   3040,   |   4208.000 |   4443.750 |   191.994 |   4208.000 |   4208.000 |     0.000
   3041,   |   4208.000 |   4459.200 |   267.716 |   4208.000 |   4208.000 |     0.000
   3042,   |   4208.000 |   4455.860 |   240.589 |   4208.000 |   4208.000 |     0.000
   3043,   |   4208.000 |   4445.450 |   217.674 |   4208.000 |   4208.000 |     0.000
   3044,   |   4208.000 |   4430.350 |   208.574 |   4208.000 |   4208.000 |     0.000
   3045,   |   4208.000 |   4462.360 |   209.826 |   4208.000 |   4208.000 |     0.000
   3046,   |   4208.000 |   4444.820 |   221.681 |   4208.000 |   4208.000 |     0.000
   3047,   |   4208.000 |   4496.210 |   286.353 |   4208.000 |   4208.000 |     0.000
   3048,   |   4208.000 |   4424.680 |   210.092 |   4208.000 |   4208.000 |     0.000
   3049,   |   4208.000 |   4418.110 |   194.270 |   4208.000 |   4208.000 |     0.000
   3050,   |   4208.000 |   4439.780 |   222.838 |   4208.000 |   4208.000 |     0.000
   3051,   |   4208.000 |   4441.850 |   238.586 |   4208.000 |   4208.000 |     0.000
   3052,   |   4208.000 |   4428.730 |   216.564 |   4208.000 |   4208.000 |     0.000
   3053,   |   4208.000 |   4443.610 |   215.550 |   4208.000 |   4208.000 |     0.000
   3054,   |   4208.000 |   4472.780 |   222.034 |   4208.000 |   4208.000 |     0.000
   3055,   |   4208.000 |   4434.760 |   234.939 |   4208.000 |   4208.000 |     0.000
   3056,   |   4208.000 |   4425.220 |   201.667 |   4208.000 |   4208.000 |     0.000
   3057,   |   4208.000 |   4452.550 |   225.305 |   4208.000 |   4208.000 |     0.000
   3058,   |   4208.000 |   4449.110 |   217.023 |   4208.000 |   4208.000 |     0.000
   3059,   |   4208.000 |   4466.740 |   227.940 |   4208.000 |   4208.000 |     0.000
   3060,   |   4208.000 |   4472.400 |   226.736 |   4208.000 |   4208.000 |     0.000
   3061,   |   4208.000 |   4491.200 |   270.110 |   4208.000 |   4208.000 |     0.000
   3062,   |   4208.000 |   4482.170 |   250.620 |   4208.000 |   4208.000 |     0.000
   3063,   |   4208.000 |   4464.140 |   236.913 |   4208.000 |   4208.000 |     0.000
   3064,   |   4208.000 |   4513.630 |   276.917 |   4208.000 |   4208.000 |     0.000
   3065,   |   4208.000 |   4476.360 |   239.978 |   4208.000 |   4208.000 |     0.000
   3066,   |   4208.000 |   4435.930 |   212.113 |   4208.000 |   4208.000 |     0.000
   3067,   |   4208.000 |   4476.030 |   232.945 |   4208.000 |   4208.000 |     0.000
   3068,   |   4208.000 |   4435.470 |   249.849 |   4208.000 |   4208.000 |     0.000
   3069,   |   4208.000 |   4429.550 |   236.681 |   4208.000 |   4208.000 |     0.000
   3070,   |   4208.000 |   4452.690 |   226.331 |   4208.000 |   4208.000 |     0.000
   3071,   |   4208.000 |   4450.270 |   224.716 |   4208.000 |   4208.000 |     0.000
   3072,   |   4208.000 |   4472.320 |   247.566 |   4208.000 |   4208.000 |     0.000
   3073,   |   4208.000 |   4445.460 |   221.081 |   4208.000 |   4208.000 |     0.000
   3074,   |   4208.000 |   4443.800 |   220.634 |   4208.000 |   4208.000 |     0.000
   3075,   |   4208.000 |   4431.690 |   187.645 |   4208.000 |   4208.000 |     0.000
   3076,   |   4208.000 |   4443.940 |   252.818 |   4208.000 |   4208.000 |     0.000
   3077,   |   4208.000 |   4450.140 |   232.671 |   4208.000 |   4208.000 |     0.000
   3078,   |   4208.000 |   4478.110 |   244.200 |   4208.000 |   4208.000 |     0.000
   3079,   |   4208.000 |   4494.710 |   274.139 |   4208.000 |   4208.000 |     0.000
   3080,   |   4208.000 |   4454.690 |   246.915 |   4208.000 |   4208.000 |     0.000
   3081,   |   4208.000 |   4440.670 |   201.991 |   4208.000 |   4208.000 |     0.000
   3082,   |   4208.000 |   4426.390 |   216.334 |   4208.000 |   4208.000 |     0.000
   3083,   |   4208.000 |   4450.650 |   245.831 |   4208.000 |   4208.000 |     0.000
   3084,   |   4208.000 |   4434.480 |   247.750 |   4208.000 |   4208.000 |     0.000
   3085,   |   4208.000 |   4402.810 |   194.673 |   4208.000 |   4208.000 |     0.000
   3086,   |   4208.000 |   4452.960 |   234.477 |   4208.000 |   4208.000 |     0.000
   3087,   |   4208.000 |   4457.680 |   222.835 |   4208.000 |   4208.000 |     0.000
   3088,   |   4208.000 |   4461.720 |   226.761 |   4208.000 |   4208.000 |     0.000
   3089,   |   4208.000 |   4423.460 |   230.385 |   4208.000 |   4208.000 |     0.000
   3090,   |   4208.000 |   4428.540 |   198.998 |   4208.000 |   4208.000 |     0.000
   3091,   |   4208.000 |   4445.850 |   225.954 |   4208.000 |   4208.000 |     0.000
   3092,   |   4208.000 |   4473.920 |   259.856 |   4208.000 |   4208.000 |     0.000
   3093,   |   4208.000 |   4445.500 |   235.949 |   4208.000 |   4208.000 |     0.000
   3094,   |   4208.000 |   4450.180 |   227.327 |   4208.000 |   4208.000 |     0.000
   3095,   |   4208.000 |   4442.430 |   212.527 |   4208.000 |   4208.000 |     0.000
   3096,   |   4208.000 |   4408.110 |   210.513 |   4208.000 |   4208.000 |     0.000
   3097,   |   4208.000 |   4442.640 |   251.848 |   4208.000 |   4208.000 |     0.000
   3098,   |   4208.000 |   4469.160 |   219.526 |   4208.000 |   4208.000 |     0.000
   3099,   |   4208.000 |   4457.560 |   240.943 |   4208.000 |   4208.000 |     0.000
   3100,   |   4208.000 |   4446.750 |   243.648 |   4208.000 |   4208.000 |     0.000
   3101,   |   4208.000 |   4474.710 |   209.649 |   4208.000 |   4208.000 |     0.000
   3102,   |   4208.000 |   4549.130 |   345.911 |   4208.000 |   4208.000 |     0.000
   3103,   |   4208.000 |   4449.720 |   194.935 |   4208.000 |   4208.000 |     0.000
   3104,   |   4208.000 |   4465.720 |   248.524 |   4208.000 |   4208.000 |     0.000
   3105,   |   4208.000 |   4443.430 |   244.714 |   4208.000 |   4208.000 |     0.000
   3106,   |   4208.000 |   4408.310 |   202.503 |   4208.000 |   4208.000 |     0.000
   3107,   |   4208.000 |   4419.280 |   202.804 |   4208.000 |   4208.000 |     0.000
   3108,   |   4208.000 |   4427.020 |   217.866 |   4208.000 |   4208.000 |     0.000
   3109,   |   4208.000 |   4465.030 |   241.072 |   4208.000 |   4208.000 |     0.000
   3110,   |   4208.000 |   4412.260 |   225.961 |   4208.000 |   4208.000 |     0.000
   3111,   |   4208.000 |   4430.570 |   213.549 |   4208.000 |   4208.000 |     0.000
   3112,   |   4208.000 |   4409.560 |   189.098 |   4208.000 |   4208.000 |     0.000
   3113,   |   4208.000 |   4450.760 |   214.256 |   4208.000 |   4208.000 |     0.000
   3114,   |   4208.000 |   4432.210 |   225.840 |   4208.000 |   4208.000 |     0.000
   3115,   |   4208.000 |   4455.940 |   219.629 |   4208.000 |   4208.000 |     0.000
   3116,   |   4208.000 |   4428.810 |   190.759 |   4208.000 |   4208.000 |     0.000
   3117,   |   4208.000 |   4460.600 |   232.882 |   4208.000 |   4208.000 |     0.000
   3118,   |   4208.000 |   4428.650 |   197.838 |   4208.000 |   4208.000 |     0.000
   3119,   |   4208.000 |   4436.440 |   215.999 |   4208.000 |   4208.000 |     0.000
   3120,   |   4208.000 |   4460.550 |   207.893 |   4208.000 |   4208.000 |     0.000
   3121,   |   4208.000 |   4479.680 |   262.352 |   4208.000 |   4208.000 |     0.000
   3122,   |   4208.000 |   4476.050 |   224.240 |   4208.000 |   4208.000 |     0.000
   3123,   |   4208.000 |   4409.090 |   195.617 |   4208.000 |   4208.000 |     0.000
   3124,   |   4208.000 |   4475.940 |   217.513 |   4208.000 |   4208.000 |     0.000
   3125,   |   4208.000 |   4500.300 |   273.849 |   4208.000 |   4208.000 |     0.000
   3126,   |   4208.000 |   4479.550 |   249.552 |   4208.000 |   4208.000 |     0.000
   3127,   |   4208.000 |   4488.800 |   213.673 |   4208.000 |   4208.000 |     0.000
   3128,   |   4208.000 |   4505.110 |   318.572 |   4208.000 |   4208.000 |     0.000
   3129,   |   4208.000 |   4426.980 |   203.582 |   4208.000 |   4208.000 |     0.000
   3130,   |   4208.000 |   4473.740 |   231.966 |   4208.000 |   4208.000 |     0.000
   3131,   |   4208.000 |   4454.430 |   212.770 |   4208.000 |   4208.000 |     0.000
   3132,   |   4208.000 |   4448.730 |   234.184 |   4208.000 |   4208.000 |     0.000
   3133,   |   4208.000 |   4440.130 |   216.691 |   4208.000 |   4208.000 |     0.000
   3134,   |   4208.000 |   4469.420 |   232.360 |   4208.000 |   4208.000 |     0.000
   3135,   |   4208.000 |   4455.360 |   226.145 |   4208.000 |   4208.000 |     0.000
   3136,   |   4208.000 |   4428.270 |   213.283 |   4208.000 |   4208.000 |     0.000
   3137,   |   4208.000 |   4442.440 |   194.753 |   4208.000 |   4208.000 |     0.000
   3138,   |   4208.000 |   4486.290 |   260.564 |   4208.000 |   4208.000 |     0.000
   3139,   |   4208.000 |   4471.570 |   266.443 |   4208.000 |   4208.000 |     0.000
   3140,   |   4208.000 |   4417.070 |   192.651 |   4208.000 |   4208.000 |     0.000
   3141,   |   4208.000 |   4475.320 |   235.599 |   4208.000 |   4208.000 |     0.000
   3142,   |   4208.000 |   4394.180 |   202.874 |   4208.000 |   4208.000 |     0.000
   3143,   |   4208.000 |   4423.100 |   225.610 |   4208.000 |   4208.000 |     0.000
   3144,   |   4208.000 |   4436.240 |   228.608 |   4208.000 |   4208.000 |     0.000
   3145,   |   4208.000 |   4449.760 |   240.512 |   4208.000 |   4208.000 |     0.000
   3146,   |   4208.000 |   4431.350 |   209.985 |   4208.000 |   4208.000 |     0.000
   3147,   |   4204.000 |   4458.800 |   207.641 |   4204.000 |   4204.000 |     0.000
   3148,   |   4204.000 |   4508.520 |   309.473 |   4204.000 |   4204.000 |     0.000
   3149,   |   4204.000 |   4485.280 |   250.221 |   4204.000 |   4204.000 |     0.000
   3150,   |   4204.000 |   4526.000 |   386.621 |   4204.000 |   4204.000 |     0.000
   3151,   |   4204.000 |   4672.830 |   468.339 |   4204.000 |   4204.000 |     0.000
   3152,   |   4204.000 |   4609.780 |   387.681 |   4204.000 |   4204.000 |     0.000
   3153,   |   4204.000 |   4673.690 |   433.320 |   4204.000 |   4204.000 |     0.000
   3154,   |   4204.000 |   4606.230 |   460.502 |   4204.000 |   4204.000 |     0.000
   3155,   |   4204.000 |   4517.500 |   333.716 |   4204.000 |   4204.000 |     0.000
   3156,   |   4204.000 |   4510.520 |   306.958 |   4204.000 |   4204.000 |     0.000
   3157,   |   4204.000 |   4444.080 |   211.003 |   4204.000 |   4204.000 |     0.000
   3158,   |   4204.000 |   4462.690 |   223.805 |   4204.000 |   4204.000 |     0.000
   3159,   |   4204.000 |   4506.700 |   281.851 |   4204.000 |   4204.000 |     0.000
   3160,   |   4204.000 |   4439.600 |   225.400 |   4204.000 |   4204.000 |     0.000
   3161,   |   4204.000 |   4481.320 |   236.440 |   4204.000 |   4204.000 |     0.000
   3162,   |   4204.000 |   4460.940 |   236.259 |   4204.000 |   4204.000 |     0.000
   3163,   |   4204.000 |   4417.760 |   203.260 |   4204.000 |   4204.000 |     0.000
   3164,   |   4204.000 |   4437.210 |   222.953 |   4204.000 |   4204.000 |     0.000
   3165,   |   4204.000 |   4404.650 |   195.933 |   4204.000 |   4204.000 |     0.000
   3166,   |   4204.000 |   4403.380 |   182.464 |   4204.000 |   4204.000 |     0.000
   3167,   |   4204.000 |   4483.920 |   242.362 |   4204.000 |   4204.000 |     0.000
   3168,   |   4204.000 |   4523.970 |   315.291 |   4204.000 |   4204.000 |     0.000
   3169,   |   4204.000 |   4467.700 |   328.726 |   4204.000 |   4204.000 |     0.000
   3170,   |   4204.000 |   4428.300 |   202.696 |   4204.000 |   4204.000 |     0.000
   3171,   |   4204.000 |   4461.990 |   235.981 |   4204.000 |   4204.000 |     0.000
   3172,   |   4204.000 |   4464.170 |   217.140 |   4204.000 |   4204.000 |     0.000
   3173,   |   4204.000 |   4442.270 |   209.812 |   4204.000 |   4204.000 |     0.000
   3174,   |   4204.000 |   4444.310 |   208.084 |   4204.000 |   4204.000 |     0.000
   3175,   |   4204.000 |   4404.990 |   210.469 |   4204.000 |   4204.000 |     0.000
   3176,   |   4204.000 |   4460.060 |   257.296 |   4204.000 |   4204.000 |     0.000
   3177,   |   4204.000 |   4441.520 |   201.572 |   4204.000 |   4204.000 |     0.000
   3178,   |   4204.000 |   4515.600 |   349.456 |   4204.000 |   4204.000 |     0.000
   3179,   |   4204.000 |   4424.420 |   204.312 |   4204.000 |   4204.000 |     0.000
   3180,   |   4204.000 |   4428.290 |   240.740 |   4204.000 |   4204.000 |     0.000
   3181,   |   4204.000 |   4448.280 |   227.794 |   4204.000 |   4204.000 |     0.000
   3182,   |   4204.000 |   4422.240 |   216.721 |   4204.000 |   4204.000 |     0.000
   3183,   |   4204.000 |   4417.260 |   211.427 |   4204.000 |   4204.000 |     0.000
   3184,   |   4204.000 |   4469.420 |   257.559 |   4204.000 |   4204.000 |     0.000
   3185,   |   4204.000 |   4476.400 |   231.633 |   4204.000 |   4204.000 |     0.000
   3186,   |   4204.000 |   4463.920 |   228.133 |   4204.000 |   4204.000 |     0.000
   3187,   |   4204.000 |   4479.100 |   274.680 |   4204.000 |   4204.000 |     0.000
   3188,   |   4204.000 |   4468.480 |   282.762 |   4204.000 |   4204.000 |     0.000
   3189,   |   4204.000 |   4466.860 |   235.858 |   4204.000 |   4204.000 |     0.000
   3190,   |   4204.000 |   4426.990 |   213.754 |   4204.000 |   4204.000 |     0.000
   3191,   |   4204.000 |   4477.390 |   248.870 |   4204.000 |   4204.000 |     0.000
   3192,   |   4204.000 |   4444.190 |   268.452 |   4204.000 |   4204.000 |     0.000
   3193,   |   4204.000 |   4438.460 |   213.903 |   4204.000 |   4204.000 |     0.000
   3194,   |   4204.000 |   4437.620 |   230.916 |   4204.000 |   4204.000 |     0.000
   3195,   |   4204.000 |   4479.510 |   233.758 |   4204.000 |   4204.000 |     0.000
   3196,   |   4204.000 |   4447.160 |   223.554 |   4204.000 |   4204.000 |     0.000
   3197,   |   4204.000 |   4437.660 |   218.573 |   4204.000 |   4204.000 |     0.000
   3198,   |   4204.000 |   4488.940 |   262.758 |   4204.000 |   4204.000 |     0.000
   3199,   |   4204.000 |   4487.990 |   251.722 |   4204.000 |   4204.000 |     0.000
   3200,   |   4204.000 |   4467.740 |   243.318 |   4204.000 |   4204.000 |     0.000
   3201,   |   4204.000 |   4489.490 |   238.985 |   4204.000 |   4204.000 |     0.000
   3202,   |   4204.000 |   4437.120 |   244.644 |   4204.000 |   4204.000 |     0.000
   3203,   |   4204.000 |   4417.280 |   226.498 |   4204.000 |   4204.000 |     0.000
   3204,   |   4204.000 |   4452.840 |   265.284 |   4204.000 |   4204.000 |     0.000
   3205,   |   4204.000 |   4424.080 |   238.580 |   4204.000 |   4204.000 |     0.000
   3206,   |   4204.000 |   4408.120 |   212.395 |   4204.000 |   4204.000 |     0.000
   3207,   |   4204.000 |   4433.150 |   228.056 |   4204.000 |   4204.000 |     0.000
   3208,   |   4204.000 |   4406.940 |   203.301 |   4204.000 |   4204.000 |     0.000
   3209,   |   4204.000 |   4450.880 |   204.187 |   4204.000 |   4204.000 |     0.000
   3210,   |   4204.000 |   4452.550 |   257.276 |   4204.000 |   4204.000 |     0.000
   3211,   |   4204.000 |   4424.530 |   204.720 |   4204.000 |   4204.000 |     0.000
   3212,   |   4204.000 |   4469.700 |   225.004 |   4204.000 |   4204.000 |     0.000
   3213,   |   4204.000 |   4535.560 |   347.520 |   4204.000 |   4204.000 |     0.000
   3214,   |   4204.000 |   4478.490 |   240.603 |   4204.000 |   4204.000 |     0.000
   3215,   |   4204.000 |   4440.490 |   232.159 |   4204.000 |   4204.000 |     0.000
   3216,   |   4204.000 |   4444.030 |   218.336 |   4204.000 |   4204.000 |     0.000
   3217,   |   4204.000 |   4531.960 |   334.997 |   4204.000 |   4204.000 |     0.000
   3218,   |   4204.000 |   4509.870 |   276.809 |   4204.000 |   4204.000 |     0.000
   3219,   |   4204.000 |   4440.290 |   221.954 |   4204.000 |   4204.000 |     0.000
   3220,   |   4204.000 |   4490.670 |   278.056 |   4204.000 |   4204.000 |     0.000
   3221,   |   4204.000 |   4447.300 |   230.854 |   4204.000 |   4204.000 |     0.000
   3222,   |   4204.000 |   4452.760 |   199.135 |   4204.000 |   4204.000 |     0.000
   3223,   |   4204.000 |   4433.950 |   247.944 |   4204.000 |   4204.000 |     0.000
   3224,   |   4204.000 |   4457.450 |   194.310 |   4204.000 |   4204.000 |     0.000
   3225,   |   4204.000 |   4447.800 |   247.589 |   4204.000 |   4204.000 |     0.000
   3226,   |   4204.000 |   4418.510 |   249.955 |   4204.000 |   4204.000 |     0.000
   3227,   |   4204.000 |   4446.160 |   230.198 |   4204.000 |   4204.000 |     0.000
   3228,   |   4204.000 |   4428.830 |   227.223 |   4204.000 |   4204.000 |     0.000
   3229,   |   4204.000 |   4420.230 |   212.920 |   4204.000 |   4204.000 |     0.000
   3230,   |   4204.000 |   4489.450 |   257.794 |   4204.000 |   4204.000 |     0.000
   3231,   |   4204.000 |   4449.000 |   218.671 |   4204.000 |   4204.000 |     0.000
   3232,   |   4204.000 |   4419.870 |   204.179 |   4204.000 |   4204.000 |     0.000
   3233,   |   4204.000 |   4414.160 |   185.928 |   4204.000 |   4204.000 |     0.000
   3234,   |   4204.000 |   4450.810 |   238.379 |   4204.000 |   4204.000 |     0.000
   3235,   |   4204.000 |   4400.650 |   191.359 |   4204.000 |   4204.000 |     0.000
   3236,   |   4204.000 |   4432.780 |   223.228 |   4204.000 |   4204.000 |     0.000
   3237,   |   4204.000 |   4445.110 |   222.153 |   4204.000 |   4204.000 |     0.000
   3238,   |   4204.000 |   4458.830 |   215.252 |   4204.000 |   4204.000 |     0.000
   3239,   |   4204.000 |   4466.900 |   251.819 |   4204.000 |   4204.000 |     0.000
   3240,   |   4204.000 |   4455.720 |   261.809 |   4204.000 |   4204.000 |     0.000
   3241,   |   4204.000 |   4471.540 |   297.799 |   4204.000 |   4204.000 |     0.000
   3242,   |   4204.000 |   4470.130 |   251.697 |   4204.000 |   4204.000 |     0.000
   3243,   |   4204.000 |   4464.820 |   266.839 |   4204.000 |   4204.000 |     0.000
   3244,   |   4204.000 |   4458.310 |   219.594 |   4204.000 |   4204.000 |     0.000
   3245,   |   4204.000 |   4415.170 |   219.071 |   4204.000 |   4204.000 |     0.000
   3246,   |   4204.000 |   4435.610 |   222.004 |   4204.000 |   4204.000 |     0.000
   3247,   |   4204.000 |   4455.740 |   232.936 |   4204.000 |   4204.000 |     0.000
   3248,   |   4204.000 |   4456.770 |   228.270 |   4204.000 |   4204.000 |     0.000
   3249,   |   4204.000 |   4424.870 |   212.262 |   4204.000 |   4204.000 |     0.000
   3250,   |   4204.000 |   4404.470 |   188.782 |   4204.000 |   4204.000 |     0.000
   3251,   |   4204.000 |   4443.620 |   217.980 |   4204.000 |   4204.000 |     0.000
   3252,   |   4204.000 |   4441.550 |   212.917 |   4204.000 |   4204.000 |     0.000
   3253,   |   4204.000 |   4479.150 |   253.247 |   4204.000 |   4204.000 |     0.000
   3254,   |   4204.000 |   4445.890 |   223.634 |   4204.000 |   4204.000 |     0.000
   3255,   |   4204.000 |   4432.020 |   220.337 |   4204.000 |   4204.000 |     0.000
   3256,   |   4204.000 |   4439.610 |   242.316 |   4204.000 |   4204.000 |     0.000
   3257,   |   4204.000 |   4453.810 |   225.115 |   4204.000 |   4204.000 |     0.000
   3258,   |   4204.000 |   4473.270 |   254.568 |   4204.000 |   4204.000 |     0.000
   3259,   |   4204.000 |   4435.310 |   209.156 |   4204.000 |   4204.000 |     0.000
   3260,   |   4204.000 |   4462.910 |   230.419 |   4204.000 |   4204.000 |     0.000
   3261,   |   4204.000 |   4432.140 |   208.314 |   4204.000 |   4204.000 |     0.000
   3262,   |   4204.000 |   4432.200 |   231.738 |   4204.000 |   4204.000 |     0.000
   3263,   |   4204.000 |   4403.870 |   229.666 |   4204.000 |   4204.000 |     0.000
   3264,   |   4204.000 |   4421.560 |   217.502 |   4204.000 |   4204.000 |     0.000
   3265,   |   4204.000 |   4449.800 |   239.815 |   4204.000 |   4204.000 |     0.000
   3266,   |   4204.000 |   4422.360 |   226.738 |   4204.000 |   4204.000 |     0.000
   3267,   |   4204.000 |   4440.350 |   212.005 |   4204.000 |   4204.000 |     0.000
   3268,   |   4204.000 |   4437.310 |   214.368 |   4204.000 |   4204.000 |     0.000
   3269,   |   4204.000 |   4435.740 |   206.169 |   4204.000 |   4204.000 |     0.000
   3270,   |   4199.000 |   4442.380 |   221.809 |   4199.000 |   4199.000 |     0.000
   3271,   |   4199.000 |   4547.030 |   306.634 |   4199.000 |   4199.000 |     0.000
   3272,   |   4199.000 |   4544.210 |   408.192 |   4199.000 |   4199.000 |     0.000
   3273,   |   4199.000 |   4539.950 |   349.261 |   4199.000 |   4199.000 |     0.000
   3274,   |   4199.000 |   4581.760 |   347.465 |   4199.000 |   4199.000 |     0.000
   3275,   |   4199.000 |   4616.010 |   413.436 |   4199.000 |   4199.000 |     0.000
   3276,   |   4199.000 |   4633.810 |   402.147 |   4199.000 |   4199.000 |     0.000
   3277,   |   4199.000 |   4640.690 |   417.554 |   4199.000 |   4199.000 |     0.000
   3278,   |   4199.000 |   4537.860 |   359.828 |   4199.000 |   4199.000 |     0.000
   3279,   |   4199.000 |   4583.730 |   381.193 |   4199.000 |   4199.000 |     0.000
   3280,   |   4199.000 |   4481.950 |   311.507 |   4199.000 |   4199.000 |     0.000
   3281,   |   4199.000 |   4419.330 |   215.646 |   4199.000 |   4199.000 |     0.000
   3282,   |   4199.000 |   4432.480 |   210.603 |   4199.000 |   4199.000 |     0.000
   3283,   |   4199.000 |   4478.100 |   283.262 |   4199.000 |   4199.000 |     0.000
   3284,   |   4199.000 |   4427.810 |   206.564 |   4199.000 |   4199.000 |     0.000
   3285,   |   4199.000 |   4475.360 |   248.378 |   4199.000 |   4199.000 |     0.000
   3286,   |   4199.000 |   4474.670 |   240.147 |   4199.000 |   4199.000 |     0.000
   3287,   |   4199.000 |   4431.420 |   207.822 |   4199.000 |   4199.000 |     0.000
   3288,   |   4199.000 |   4450.210 |   242.791 |   4199.000 |   4199.000 |     0.000
   3289,   |   4199.000 |   4434.800 |   217.597 |   4199.000 |   4199.000 |     0.000
   3290,   |   4199.000 |   4448.920 |   260.651 |   4199.000 |   4199.000 |     0.000
   3291,   |   4199.000 |   4413.740 |   197.819 |   4199.000 |   4199.000 |     0.000
   3292,   |   4199.000 |   4417.560 |   237.753 |   4199.000 |   4199.000 |     0.000
   3293,   |   4199.000 |   4422.940 |   201.575 |   4199.000 |   4199.000 |     0.000
   3294,   |   4199.000 |   4422.160 |   239.729 |   4199.000 |   4199.000 |     0.000
   3295,   |   4199.000 |   4450.660 |   241.134 |   4199.000 |   4199.000 |     0.000
   3296,   |   4199.000 |   4404.110 |   206.389 |   4199.000 |   4199.000 |     0.000
   3297,   |   4199.000 |   4390.270 |   208.387 |   4199.000 |   4199.000 |     0.000
   3298,   |   4199.000 |   4437.770 |   225.899 |   4199.000 |   4199.000 |     0.000
   3299,   |   4199.000 |   4431.900 |   224.958 |   4199.000 |   4199.000 |     0.000
   3300,   |   4199.000 |   4472.770 |   256.290 |   4199.000 |   4199.000 |     0.000
   3301,   |   4199.000 |   4428.450 |   235.907 |   4199.000 |   4199.000 |     0.000
   3302,   |   4199.000 |   4486.470 |   243.029 |   4199.000 |   4199.000 |     0.000
   3303,   |   4199.000 |   4443.450 |   225.771 |   4199.000 |   4199.000 |     0.000
   3304,   |   4199.000 |   4427.070 |   223.721 |   4199.000 |   4199.000 |     0.000
   3305,   |   4199.000 |   4407.010 |   200.420 |   4199.000 |   4199.000 |     0.000
   3306,   |   4199.000 |   4438.040 |   200.733 |   4199.000 |   4199.000 |     0.000
   3307,   |   4199.000 |   4404.130 |   222.701 |   4199.000 |   4199.000 |     0.000
   3308,   |   4199.000 |   4415.560 |   208.887 |   4199.000 |   4199.000 |     0.000
   3309,   |   4199.000 |   4454.980 |   211.933 |   4199.000 |   4199.000 |     0.000
   3310,   |   4199.000 |   4454.320 |   245.098 |   4199.000 |   4199.000 |     0.000
   3311,   |   4199.000 |   4421.770 |   211.018 |   4199.000 |   4199.000 |     0.000
   3312,   |   4199.000 |   4404.500 |   220.015 |   4199.000 |   4199.000 |     0.000
   3313,   |   4199.000 |   4409.210 |   227.203 |   4199.000 |   4199.000 |     0.000
   3314,   |   4199.000 |   4435.100 |   235.328 |   4199.000 |   4199.000 |     0.000
   3315,   |   4199.000 |   4426.280 |   212.145 |   4199.000 |   4199.000 |     0.000
   3316,   |   4199.000 |   4473.680 |   222.499 |   4199.000 |   4199.000 |     0.000
   3317,   |   4199.000 |   4418.690 |   229.448 |   4199.000 |   4199.000 |     0.000
   3318,   |   4199.000 |   4454.700 |   257.540 |   4199.000 |   4199.000 |     0.000
   3319,   |   4199.000 |   4459.880 |   262.985 |   4199.000 |   4199.000 |     0.000
   3320,   |   4199.000 |   4444.360 |   211.622 |   4199.000 |   4199.000 |     0.000
   3321,   |   4199.000 |   4432.380 |   216.549 |   4199.000 |   4199.000 |     0.000
   3322,   |   4199.000 |   4410.750 |   226.565 |   4199.000 |   4199.000 |     0.000
   3323,   |   4199.000 |   4463.050 |   231.410 |   4199.000 |   4199.000 |     0.000
   3324,   |   4199.000 |   4449.570 |   220.000 |   4199.000 |   4199.000 |     0.000
   3325,   |   4199.000 |   4418.520 |   214.941 |   4199.000 |   4199.000 |     0.000
   3326,   |   4199.000 |   4457.190 |   219.863 |   4199.000 |   4199.000 |     0.000
   3327,   |   4199.000 |   4463.280 |   201.878 |   4199.000 |   4199.000 |     0.000
   3328,   |   4199.000 |   4397.340 |   201.174 |   4199.000 |   4199.000 |     0.000
   3329,   |   4199.000 |   4432.880 |   203.519 |   4199.000 |   4199.000 |     0.000
   3330,   |   4199.000 |   4410.900 |   262.283 |   4199.000 |   4199.000 |     0.000
   3331,   |   4199.000 |   4411.530 |   214.559 |   4199.000 |   4199.000 |     0.000
   3332,   |   4199.000 |   4469.370 |   261.692 |   4199.000 |   4199.000 |     0.000
   3333,   |   4199.000 |   4428.080 |   214.148 |   4199.000 |   4199.000 |     0.000
   3334,   |   4199.000 |   4449.550 |   225.555 |   4199.000 |   4199.000 |     0.000
   3335,   |   4199.000 |   4435.760 |   210.776 |   4199.000 |   4199.000 |     0.000
   3336,   |   4199.000 |   4471.620 |   282.533 |   4199.000 |   4199.000 |     0.000
   3337,   |   4199.000 |   4426.570 |   235.422 |   4199.000 |   4199.000 |     0.000
   3338,   |   4199.000 |   4429.290 |   212.496 |   4199.000 |   4199.000 |     0.000
   3339,   |   4199.000 |   4445.120 |   209.174 |   4199.000 |   4199.000 |     0.000
   3340,   |   4199.000 |   4500.420 |   286.040 |   4199.000 |   4199.000 |     0.000
   3341,   |   4199.000 |   4470.620 |   273.738 |   4199.000 |   4199.000 |     0.000
   3342,   |   4199.000 |   4440.880 |   207.476 |   4199.000 |   4199.000 |     0.000
   3343,   |   4199.000 |   4447.350 |   238.872 |   4199.000 |   4199.000 |     0.000
   3344,   |   4198.000 |   4472.830 |   242.937 |   4198.000 |   4198.000 |     0.000
   3345,   |   4198.000 |   4412.830 |   227.777 |   4198.000 |   4198.000 |     0.000
   3346,   |   4198.000 |   4423.820 |   195.520 |   4198.000 |   4198.000 |     0.000
   3347,   |   4198.000 |   4428.750 |   224.425 |   4198.000 |   4198.000 |     0.000
   3348,   |   4198.000 |   4439.600 |   252.177 |   4198.000 |   4198.000 |     0.000
   3349,   |   4198.000 |   4436.920 |   209.582 |   4198.000 |   4198.000 |     0.000
   3350,   |   4198.000 |   4432.430 |   214.325 |   4198.000 |   4198.000 |     0.000
   3351,   |   4198.000 |   4434.540 |   236.459 |   4198.000 |   4198.000 |     0.000
   3352,   |   4198.000 |   4393.480 |   210.834 |   4198.000 |   4198.000 |     0.000
   3353,   |   4198.000 |   4423.630 |   195.787 |   4198.000 |   4198.000 |     0.000
   3354,   |   4198.000 |   4414.130 |   218.972 |   4198.000 |   4198.000 |     0.000
   3355,   |   4198.000 |   4435.640 |   225.657 |   4198.000 |   4198.000 |     0.000
   3356,   |   4198.000 |   4402.480 |   205.940 |   4198.000 |   4198.000 |     0.000
   3357,   |   4198.000 |   4441.370 |   224.946 |   4198.000 |   4198.000 |     0.000
   3358,   |   4198.000 |   4473.410 |   247.021 |   4198.000 |   4198.000 |     0.000
   3359,   |   4198.000 |   4480.840 |   291.882 |   4198.000 |   4198.000 |     0.000
   3360,   |   4198.000 |   4447.080 |   235.623 |   4198.000 |   4198.000 |     0.000
   3361,   |   4198.000 |   4397.110 |   182.121 |   4198.000 |   4198.000 |     0.000
   3362,   |   4198.000 |   4458.180 |   259.666 |   4198.000 |   4198.000 |     0.000
   3363,   |   4198.000 |   4437.650 |   223.728 |   4198.000 |   4198.000 |     0.000
   3364,   |   4198.000 |   4448.470 |   240.767 |   4198.000 |   4198.000 |     0.000
   3365,   |   4198.000 |   4425.850 |   213.036 |   4198.000 |   4198.000 |     0.000
   3366,   |   4198.000 |   4429.080 |   210.986 |   4198.000 |   4198.000 |     0.000
   3367,   |   4198.000 |   4454.930 |   225.873 |   4198.000 |   4198.000 |     0.000
   3368,   |   4198.000 |   4450.480 |   199.551 |   4198.000 |   4198.000 |     0.000
   3369,   |   4198.000 |   4469.520 |   272.114 |   4198.000 |   4198.000 |     0.000
   3370,   |   4198.000 |   4472.920 |   241.176 |   4198.000 |   4198.000 |     0.000
   3371,   |   4198.000 |   4469.760 |   216.652 |   4198.000 |   4198.000 |     0.000
   3372,   |   4198.000 |   4395.580 |   204.144 |   4198.000 |   4198.000 |     0.000
   3373,   |   4198.000 |   4396.800 |   222.178 |   4198.000 |   4198.000 |     0.000
   3374,   |   4198.000 |   4431.050 |   217.706 |   4198.000 |   4198.000 |     0.000
   3375,   |   4198.000 |   4465.600 |   219.762 |   4198.000 |   4198.000 |     0.000
   3376,   |   4198.000 |   4475.860 |   238.070 |   4198.000 |   4198.000 |     0.000
   3377,   |   4198.000 |   4428.430 |   222.654 |   4198.000 |   4198.000 |     0.000
   3378,   |   4198.000 |   4494.190 |   266.856 |   4198.000 |   4198.000 |     0.000
   3379,   |   4198.000 |   4483.120 |   211.466 |   4198.000 |   4198.000 |     0.000
   3380,   |   4198.000 |   4443.220 |   237.018 |   4198.000 |   4198.000 |     0.000
   3381,   |   4198.000 |   4480.880 |   249.941 |   4198.000 |   4198.000 |     0.000
   3382,   |   4198.000 |   4449.910 |   249.504 |   4198.000 |   4198.000 |     0.000
   3383,   |   4198.000 |   4438.270 |   229.917 |   4198.000 |   4198.000 |     0.000
   3384,   |   4198.000 |   4444.940 |   245.406 |   4198.000 |   4198.000 |     0.000
   3385,   |   4198.000 |   4477.710 |   238.615 |   4198.000 |   4198.000 |     0.000
   3386,   |   4198.000 |   4434.960 |   271.251 |   4198.000 |   4198.000 |     0.000
   3387,   |   4198.000 |   4435.170 |   213.537 |   4198.000 |   4198.000 |     0.000
   3388,   |   4198.000 |   4454.100 |   207.998 |   4198.000 |   4198.000 |     0.000
   3389,   |   4198.000 |   4410.790 |   224.917 |   4198.000 |   4198.000 |     0.000
   3390,   |   4198.000 |   4393.720 |   218.731 |   4198.000 |   4198.000 |     0.000
   3391,   |   4198.000 |   4419.430 |   226.387 |   4198.000 |   4198.000 |     0.000
   3392,   |   4198.000 |   4428.270 |   199.685 |   4198.000 |   4198.000 |     0.000
   3393,   |   4198.000 |   4485.080 |   271.919 |   4198.000 |   4198.000 |     0.000
   3394,   |   4198.000 |   4445.500 |   216.117 |   4198.000 |   4198.000 |     0.000
   3395,   |   4198.000 |   4469.660 |   245.378 |   4198.000 |   4198.000 |     0.000
   3396,   |   4198.000 |   4439.750 |   220.908 |   4198.000 |   4198.000 |     0.000
   3397,   |   4198.000 |   4427.070 |   230.116 |   4198.000 |   4198.000 |     0.000
   3398,   |   4198.000 |   4438.960 |   222.385 |   4198.000 |   4198.000 |     0.000
   3399,   |   4198.000 |   4434.380 |   216.445 |   4198.000 |   4198.000 |     0.000
   3400,   |   4198.000 |   4427.640 |   222.439 |   4198.000 |   4198.000 |     0.000
   3401,   |   4198.000 |   4433.580 |   219.082 |   4198.000 |   4198.000 |     0.000
   3402,   |   4198.000 |   4469.880 |   219.472 |   4198.000 |   4198.000 |     0.000
   3403,   |   4198.000 |   4472.890 |   236.240 |   4198.000 |   4198.000 |     0.000
   3404,   |   4198.000 |   4452.650 |   224.231 |   4198.000 |   4198.000 |     0.000
   3405,   |   4198.000 |   4422.790 |   226.528 |   4198.000 |   4198.000 |     0.000
   3406,   |   4198.000 |   4447.250 |   224.026 |   4198.000 |   4198.000 |     0.000
   3407,   |   4198.000 |   4468.560 |   253.580 |   4198.000 |   4198.000 |     0.000
   3408,   |   4198.000 |   4427.190 |   205.949 |   4198.000 |   4198.000 |     0.000
   3409,   |   4198.000 |   4448.370 |   248.277 |   4198.000 |   4198.000 |     0.000
   3410,   |   4198.000 |   4453.120 |   246.665 |   4198.000 |   4198.000 |     0.000
   3411,   |   4198.000 |   4451.410 |   238.005 |   4198.000 |   4198.000 |     0.000
   3412,   |   4198.000 |   4471.840 |   238.529 |   4198.000 |   4198.000 |     0.000
   3413,   |   4198.000 |   4461.390 |   241.520 |   4198.000 |   4198.000 |     0.000
   3414,   |   4198.000 |   4406.660 |   248.250 |   4198.000 |   4198.000 |     0.000
   3415,   |   4198.000 |   4418.000 |   217.957 |   4198.000 |   4198.000 |     0.000
   3416,   |   4198.000 |   4423.120 |   218.773 |   4198.000 |   4198.000 |     0.000
   3417,   |   4198.000 |   4467.450 |   208.224 |   4198.000 |   4198.000 |     0.000
   3418,   |   4198.000 |   4468.410 |   281.115 |   4198.000 |   4198.000 |     0.000
   3419,   |   4198.000 |   4452.960 |   212.782 |   4198.000 |   4198.000 |     0.000
   3420,   |   4198.000 |   4473.970 |   253.082 |   4198.000 |   4198.000 |     0.000
   3421,   |   4198.000 |   4420.790 |   200.845 |   4198.000 |   4198.000 |     0.000
   3422,   |   4198.000 |   4459.810 |   257.057 |   4198.000 |   4198.000 |     0.000
   3423,   |   4198.000 |   4424.660 |   204.575 |   4198.000 |   4198.000 |     0.000
   3424,   |   4198.000 |   4454.720 |   255.540 |   4198.000 |   4198.000 |     0.000
   3425,   |   4198.000 |   4461.950 |   212.711 |   4198.000 |   4198.000 |     0.000
   3426,   |   4198.000 |   4432.510 |   224.071 |   4198.000 |   4198.000 |     0.000
   3427,   |   4198.000 |   4419.880 |   211.395 |   4198.000 |   4198.000 |     0.000
   3428,   |   4198.000 |   4444.320 |   218.953 |   4198.000 |   4198.000 |     0.000
   3429,   |   4198.000 |   4480.780 |   252.332 |   4198.000 |   4198.000 |     0.000
   3430,   |   4198.000 |   4465.970 |   250.837 |   4198.000 |   4198.000 |     0.000
   3431,   |   4198.000 |   4431.490 |   230.503 |   4198.000 |   4198.000 |     0.000
   3432,   |   4198.000 |   4424.180 |   189.750 |   4198.000 |   4198.000 |     0.000
   3433,   |   4198.000 |   4486.500 |   257.637 |   4198.000 |   4198.000 |     0.000
   3434,   |   4198.000 |   4467.520 |   227.257 |   4198.000 |   4198.000 |     0.000
   3435,   |   4198.000 |   4488.380 |   250.161 |   4198.000 |   4198.000 |     0.000
   3436,   |   4198.000 |   4450.490 |   240.125 |   4198.000 |   4198.000 |     0.000
   3437,   |   4198.000 |   4447.130 |   211.821 |   4198.000 |   4198.000 |     0.000
   3438,   |   4198.000 |   4475.290 |   281.268 |   4198.000 |   4198.000 |     0.000
   3439,   |   4198.000 |   4454.000 |   240.219 |   4198.000 |   4198.000 |     0.000
   3440,   |   4198.000 |   4435.000 |   241.204 |   4198.000 |   4198.000 |     0.000
   3441,   |   4198.000 |   4437.670 |   204.753 |   4198.000 |   4198.000 |     0.000
   3442,   |   4198.000 |   4406.570 |   204.221 |   4198.000 |   4198.000 |     0.000
   3443,   |   4198.000 |   4438.010 |   210.705 |   4198.000 |   4198.000 |     0.000
   3444,   |   4198.000 |   4465.120 |   243.006 |   4198.000 |   4198.000 |     0.000
   3445,   |   4198.000 |   4426.140 |   219.820 |   4198.000 |   4198.000 |     0.000
   3446,   |   4198.000 |   4405.920 |   189.506 |   4198.000 |   4198.000 |     0.000
   3447,   |   4198.000 |   4441.200 |   215.588 |   4198.000 |   4198.000 |     0.000
   3448,   |   4198.000 |   4415.920 |   226.211 |   4198.000 |   4198.000 |     0.000
   3449,   |   4198.000 |   4411.590 |   196.971 |   4198.000 |   4198.000 |     0.000
   3450,   |   4198.000 |   4468.910 |   243.082 |   4198.000 |   4198.000 |     0.000
   3451,   |   4198.000 |   4445.690 |   216.711 |   4198.000 |   4198.000 |     0.000
   3452,   |   4198.000 |   4429.200 |   253.393 |   4198.000 |   4198.000 |     0.000
   3453,   |   4198.000 |   4430.000 |   215.839 |   4198.000 |   4198.000 |     0.000
   3454,   |   4198.000 |   4414.910 |   213.180 |   4198.000 |   4198.000 |     0.000
   3455,   |   4198.000 |   4440.750 |   233.228 |   4198.000 |   4198.000 |     0.000
   3456,   |   4198.000 |   4447.500 |   236.390 |   4198.000 |   4198.000 |     0.000
   3457,   |   4198.000 |   4432.240 |   230.009 |   4198.000 |   4198.000 |     0.000
   3458,   |   4198.000 |   4435.980 |   204.523 |   4198.000 |   4198.000 |     0.000
   3459,   |   4198.000 |   4418.330 |   200.195 |   4198.000 |   4198.000 |     0.000
   3460,   |   4198.000 |   4434.820 |   203.193 |   4198.000 |   4198.000 |     0.000
   3461,   |   4198.000 |   4442.070 |   226.465 |   4198.000 |   4198.000 |     0.000
   3462,   |   4198.000 |   4454.270 |   220.833 |   4198.000 |   4198.000 |     0.000
   3463,   |   4198.000 |   4491.100 |   313.993 |   4198.000 |   4198.000 |     0.000
   3464,   |   4198.000 |   4409.450 |   190.224 |   4198.000 |   4198.000 |     0.000
   3465,   |   4198.000 |   4413.080 |   235.333 |   4198.000 |   4198.000 |     0.000
   3466,   |   4198.000 |   4436.960 |   215.614 |   4198.000 |   4198.000 |     0.000
   3467,   |   4198.000 |   4464.980 |   234.731 |   4198.000 |   4198.000 |     0.000
   3468,   |   4198.000 |   4454.480 |   249.682 |   4198.000 |   4198.000 |     0.000
   3469,   |   4198.000 |   4454.500 |   220.112 |   4198.000 |   4198.000 |     0.000
   3470,   |   4198.000 |   4476.440 |   236.322 |   4198.000 |   4198.000 |     0.000
   3471,   |   4198.000 |   4479.420 |   235.483 |   4198.000 |   4198.000 |     0.000
   3472,   |   4198.000 |   4438.940 |   231.918 |   4198.000 |   4198.000 |     0.000
   3473,   |   4198.000 |   4473.520 |   233.059 |   4198.000 |   4198.000 |     0.000
   3474,   |   4198.000 |   4452.140 |   245.879 |   4198.000 |   4198.000 |     0.000
   3475,   |   4198.000 |   4423.870 |   199.409 |   4198.000 |   4198.000 |     0.000
   3476,   |   4198.000 |   4389.470 |   212.820 |   4198.000 |   4198.000 |     0.000
   3477,   |   4198.000 |   4426.260 |   225.154 |   4198.000 |   4198.000 |     0.000
   3478,   |   4198.000 |   4449.950 |   224.417 |   4198.000 |   4198.000 |     0.000
   3479,   |   4198.000 |   4445.300 |   255.743 |   4198.000 |   4198.000 |     0.000
   3480,   |   4198.000 |   4439.270 |   212.719 |   4198.000 |   4198.000 |     0.000
   3481,   |   4198.000 |   4413.710 |   197.785 |   4198.000 |   4198.000 |     0.000
   3482,   |   4198.000 |   4414.260 |   203.409 |   4198.000 |   4198.000 |     0.000
   3483,   |   4198.000 |   4445.320 |   208.137 |   4198.000 |   4198.000 |     0.000
   3484,   |   4198.000 |   4434.880 |   224.036 |   4198.000 |   4198.000 |     0.000
   3485,   |   4198.000 |   4420.990 |   219.140 |   4198.000 |   4198.000 |     0.000
   3486,   |   4198.000 |   4396.400 |   211.167 |   4198.000 |   4198.000 |     0.000
   3487,   |   4198.000 |   4437.440 |   232.390 |   4198.000 |   4198.000 |     0.000
   3488,   |   4198.000 |   4426.820 |   218.683 |   4198.000 |   4198.000 |     0.000
   3489,   |   4198.000 |   4445.620 |   242.901 |   4198.000 |   4198.000 |     0.000
   3490,   |   4198.000 |   4447.640 |   210.970 |   4198.000 |   4198.000 |     0.000
   3491,   |   4198.000 |   4433.620 |   226.621 |   4198.000 |   4198.000 |     0.000
   3492,   |   4198.000 |   4441.690 |   231.028 |   4198.000 |   4198.000 |     0.000
   3493,   |   4198.000 |   4419.270 |   203.536 |   4198.000 |   4198.000 |     0.000
   3494,   |   4198.000 |   4430.320 |   233.630 |   4198.000 |   4198.000 |     0.000
   3495,   |   4198.000 |   4409.120 |   191.582 |   4198.000 |   4198.000 |     0.000
   3496,   |   4198.000 |   4491.490 |   280.767 |   4198.000 |   4198.000 |     0.000
   3497,   |   4198.000 |   4442.530 |   256.255 |   4198.000 |   4198.000 |     0.000
   3498,   |   4198.000 |   4426.500 |   201.987 |   4198.000 |   4198.000 |     0.000
   3499,   |   4198.000 |   4470.710 |   255.298 |   4198.000 |   4198.000 |     0.000
   3500,   |   4198.000 |   4462.510 |   214.205 |   4198.000 |   4198.000 |     0.000
   3501,   |   4198.000 |   4461.350 |   256.374 |   4198.000 |   4198.000 |     0.000
   3502,   |   4198.000 |   4420.880 |   212.643 |   4198.000 |   4198.000 |     0.000
   3503,   |   4198.000 |   4471.170 |   243.467 |   4198.000 |   4198.000 |     0.000
   3504,   |   4198.000 |   4489.900 |   264.689 |   4198.000 |   4198.000 |     0.000
   3505,   |   4198.000 |   4397.170 |   219.727 |   4198.000 |   4198.000 |     0.000
   3506,   |   4198.000 |   4432.890 |   220.084 |   4198.000 |   4198.000 |     0.000
   3507,   |   4198.000 |   4469.820 |   226.195 |   4198.000 |   4198.000 |     0.000
   3508,   |   4198.000 |   4455.730 |   226.492 |   4198.000 |   4198.000 |     0.000
   3509,   |   4198.000 |   4434.500 |   204.432 |   4198.000 |   4198.000 |     0.000
   3510,   |   4198.000 |   4414.010 |   226.867 |   4198.000 |   4198.000 |     0.000
   3511,   |   4198.000 |   4377.850 |   203.152 |   4198.000 |   4198.000 |     0.000
   3512,   |   4198.000 |   4421.270 |   226.959 |   4198.000 |   4198.000 |     0.000
   3513,   |   4198.000 |   4436.160 |   229.679 |   4198.000 |   4198.000 |     0.000
   3514,   |   4198.000 |   4427.670 |   202.010 |   4198.000 |   4198.000 |     0.000
   3515,   |   4198.000 |   4446.170 |   247.118 |   4198.000 |   4198.000 |     0.000
   3516,   |   4198.000 |   4413.700 |   217.517 |   4198.000 |   4198.000 |     0.000
   3517,   |   4198.000 |   4461.480 |   227.427 |   4198.000 |   4198.000 |     0.000
   3518,   |   4198.000 |   4421.160 |   198.446 |   4198.000 |   4198.000 |     0.000
   3519,   |   4198.000 |   4434.410 |   225.346 |   4198.000 |   4198.000 |     0.000
   3520,   |   4198.000 |   4444.310 |   236.138 |   4198.000 |   4198.000 |     0.000
   3521,   |   4198.000 |   4420.870 |   204.551 |   4198.000 |   4198.000 |     0.000
   3522,   |   4198.000 |   4461.850 |   268.954 |   4198.000 |   4198.000 |     0.000
   3523,   |   4198.000 |   4474.920 |   224.669 |   4198.000 |   4198.000 |     0.000
   3524,   |   4198.000 |   4466.380 |   268.236 |   4198.000 |   4198.000 |     0.000
   3525,   |   4198.000 |   4419.250 |   208.270 |   4198.000 |   4198.000 |     0.000
   3526,   |   4198.000 |   4440.730 |   208.942 |   4198.000 |   4198.000 |     0.000
   3527,   |   4198.000 |   4424.680 |   220.891 |   4198.000 |   4198.000 |     0.000
   3528,   |   4198.000 |   4437.150 |   221.125 |   4198.000 |   4198.000 |     0.000
   3529,   |   4198.000 |   4396.220 |   202.188 |   4198.000 |   4198.000 |     0.000
   3530,   |   4198.000 |   4427.540 |   192.547 |   4198.000 |   4198.000 |     0.000
   3531,   |   4198.000 |   4454.130 |   228.504 |   4198.000 |   4198.000 |     0.000
   3532,   |   4198.000 |   4449.010 |   224.522 |   4198.000 |   4198.000 |     0.000
   3533,   |   4198.000 |   4459.350 |   253.935 |   4198.000 |   4198.000 |     0.000
   3534,   |   4198.000 |   4462.280 |   219.873 |   4198.000 |   4198.000 |     0.000
   3535,   |   4198.000 |   4454.060 |   222.493 |   4198.000 |   4198.000 |     0.000
   3536,   |   4198.000 |   4469.190 |   267.386 |   4198.000 |   4198.000 |     0.000
   3537,   |   4198.000 |   4487.940 |   245.861 |   4198.000 |   4198.000 |     0.000
   3538,   |   4198.000 |   4451.290 |   232.267 |   4198.000 |   4198.000 |     0.000
   3539,   |   4198.000 |   4476.730 |   238.446 |   4198.000 |   4198.000 |     0.000
   3540,   |   4198.000 |   4436.140 |   229.436 |   4198.000 |   4198.000 |     0.000
   3541,   |   4198.000 |   4459.670 |   222.087 |   4198.000 |   4198.000 |     0.000
   3542,   |   4198.000 |   4435.800 |   226.471 |   4198.000 |   4198.000 |     0.000
   3543,   |   4198.000 |   4430.970 |   200.795 |   4198.000 |   4198.000 |     0.000
   3544,   |   4198.000 |   4522.250 |   283.530 |   4198.000 |   4198.000 |     0.000
   3545,   |   4198.000 |   4420.000 |   230.342 |   4198.000 |   4198.000 |     0.000
   3546,   |   4198.000 |   4380.540 |   188.093 |   4198.000 |   4198.000 |     0.000
   3547,   |   4198.000 |   4449.690 |   232.195 |   4198.000 |   4198.000 |     0.000
   3548,   |   4198.000 |   4447.020 |   229.274 |   4198.000 |   4198.000 |     0.000
   3549,   |   4198.000 |   4422.630 |   255.356 |   4198.000 |   4198.000 |     0.000
   3550,   |   4198.000 |   4448.840 |   207.705 |   4198.000 |   4198.000 |     0.000
   3551,   |   4198.000 |   4439.100 |   245.072 |   4198.000 |   4198.000 |     0.000
   3552,   |   4198.000 |   4435.400 |   188.848 |   4198.000 |   4198.000 |     0.000
   3553,   |   4198.000 |   4458.920 |   260.865 |   4198.000 |   4198.000 |     0.000
   3554,   |   4198.000 |   4474.850 |   282.536 |   4198.000 |   4198.000 |     0.000
   3555,   |   4198.000 |   4465.840 |   227.295 |   4198.000 |   4198.000 |     0.000
   3556,   |   4198.000 |   4420.360 |   195.500 |   4198.000 |   4198.000 |     0.000
   3557,   |   4198.000 |   4462.480 |   216.657 |   4198.000 |   4198.000 |     0.000
   3558,   |   4198.000 |   4435.340 |   210.452 |   4198.000 |   4198.000 |     0.000
   3559,   |   4198.000 |   4428.980 |   217.849 |   4198.000 |   4198.000 |     0.000
   3560,   |   4198.000 |   4439.720 |   251.539 |   4198.000 |   4198.000 |     0.000
   3561,   |   4198.000 |   4453.750 |   225.847 |   4198.000 |   4198.000 |     0.000
   3562,   |   4198.000 |   4373.040 |   191.294 |   4198.000 |   4198.000 |     0.000
   3563,   |   4198.000 |   4431.010 |   204.460 |   4198.000 |   4198.000 |     0.000
   3564,   |   4198.000 |   4401.710 |   217.887 |   4198.000 |   4198.000 |     0.000
   3565,   |   4198.000 |   4397.580 |   199.181 |   4198.000 |   4198.000 |     0.000
   3566,   |   4198.000 |   4463.400 |   219.597 |   4198.000 |   4198.000 |     0.000
   3567,   |   4198.000 |   4452.200 |   244.437 |   4198.000 |   4198.000 |     0.000
   3568,   |   4198.000 |   4402.580 |   205.047 |   4198.000 |   4198.000 |     0.000
   3569,   |   4198.000 |   4416.610 |   192.196 |   4198.000 |   4198.000 |     0.000
   3570,   |   4198.000 |   4506.180 |   257.436 |   4198.000 |   4198.000 |     0.000
   3571,   |   4198.000 |   4463.730 |   242.543 |   4198.000 |   4198.000 |     0.000
   3572,   |   4198.000 |   4449.750 |   223.702 |   4198.000 |   4198.000 |     0.000
   3573,   |   4198.000 |   4466.210 |   256.436 |   4198.000 |   4198.000 |     0.000
   3574,   |   4198.000 |   4415.720 |   213.743 |   4198.000 |   4198.000 |     0.000
   3575,   |   4198.000 |   4456.170 |   222.789 |   4198.000 |   4198.000 |     0.000
   3576,   |   4198.000 |   4433.040 |   209.523 |   4198.000 |   4198.000 |     0.000
   3577,   |   4198.000 |   4456.580 |   302.678 |   4198.000 |   4198.000 |     0.000
   3578,   |   4198.000 |   4442.020 |   211.242 |   4198.000 |   4198.000 |     0.000
   3579,   |   4198.000 |   4471.730 |   315.875 |   4198.000 |   4198.000 |     0.000
   3580,   |   4198.000 |   4402.980 |   217.035 |   4198.000 |   4198.000 |     0.000
   3581,   |   4198.000 |   4418.840 |   209.286 |   4198.000 |   4198.000 |     0.000
   3582,   |   4198.000 |   4416.150 |   207.273 |   4198.000 |   4198.000 |     0.000
   3583,   |   4198.000 |   4427.960 |   228.330 |   4198.000 |   4198.000 |     0.000
   3584,   |   4198.000 |   4434.800 |   194.967 |   4198.000 |   4198.000 |     0.000
   3585,   |   4198.000 |   4441.750 |   251.782 |   4198.000 |   4198.000 |     0.000
   3586,   |   4198.000 |   4419.350 |   229.331 |   4198.000 |   4198.000 |     0.000
   3587,   |   4198.000 |   4437.070 |   228.541 |   4198.000 |   4198.000 |     0.000
   3588,   |   4198.000 |   4410.780 |   225.959 |   4198.000 |   4198.000 |     0.000
   3589,   |   4198.000 |   4436.350 |   234.942 |   4198.000 |   4198.000 |     0.000
   3590,   |   4198.000 |   4438.400 |   213.671 |   4198.000 |   4198.000 |     0.000
   3591,   |   4198.000 |   4461.890 |   241.426 |   4198.000 |   4198.000 |     0.000
   3592,   |   4198.000 |   4419.750 |   215.322 |   4198.000 |   4198.000 |     0.000
   3593,   |   4198.000 |   4442.720 |   233.723 |   4198.000 |   4198.000 |     0.000
   3594,   |   4198.000 |   4423.210 |   224.852 |   4198.000 |   4198.000 |     0.000
   3595,   |   4198.000 |   4417.640 |   199.935 |   4198.000 |   4198.000 |     0.000
   3596,   |   4198.000 |   4479.790 |   240.402 |   4198.000 |   4198.000 |     0.000
   3597,   |   4198.000 |   4457.040 |   219.223 |   4198.000 |   4198.000 |     0.000
   3598,   |   4198.000 |   4454.840 |   216.069 |   4198.000 |   4198.000 |     0.000
   3599,   |   4198.000 |   4427.920 |   250.947 |   4198.000 |   4198.000 |     0.000
   3600,   |   4198.000 |   4457.910 |   234.212 |   4198.000 |   4198.000 |     0.000
   3601,   |   4198.000 |   4445.830 |   205.535 |   4198.000 |   4198.000 |     0.000
   3602,   |   4198.000 |   4419.700 |   223.118 |   4198.000 |   4198.000 |     0.000
   3603,   |   4198.000 |   4432.990 |   220.776 |   4198.000 |   4198.000 |     0.000
   3604,   |   4198.000 |   4485.280 |   268.447 |   4198.000 |   4198.000 |     0.000
   3605,   |   4198.000 |   4483.200 |   231.933 |   4198.000 |   4198.000 |     0.000
   3606,   |   4198.000 |   4477.370 |   200.827 |   4198.000 |   4198.000 |     0.000
   3607,   |   4198.000 |   4469.670 |   277.688 |   4198.000 |   4198.000 |     0.000
   3608,   |   4198.000 |   4408.250 |   207.210 |   4198.000 |   4198.000 |     0.000
   3609,   |   4198.000 |   4445.300 |   209.558 |   4198.000 |   4198.000 |     0.000
   3610,   |   4198.000 |   4472.180 |   241.815 |   4198.000 |   4198.000 |     0.000
   3611,   |   4198.000 |   4473.650 |   238.157 |   4198.000 |   4198.000 |     0.000
   3612,   |   4198.000 |   4445.630 |   234.392 |   4198.000 |   4198.000 |     0.000
   3613,   |   4198.000 |   4487.340 |   237.000 |   4198.000 |   4198.000 |     0.000
   3614,   |   4198.000 |   4480.190 |   285.328 |   4198.000 |   4198.000 |     0.000
   3615,   |   4198.000 |   4443.420 |   210.844 |   4198.000 |   4198.000 |     0.000
   3616,   |   4198.000 |   4443.050 |   285.042 |   4198.000 |   4198.000 |     0.000
   3617,   |   4198.000 |   4412.910 |   214.343 |   4198.000 |   4198.000 |     0.000
   3618,   |   4198.000 |   4413.160 |   230.505 |   4198.000 |   4198.000 |     0.000
   3619,   |   4198.000 |   4445.990 |   198.675 |   4198.000 |   4198.000 |     0.000
   3620,   |   4198.000 |   4445.640 |   263.744 |   4198.000 |   4198.000 |     0.000
   3621,   |   4198.000 |   4421.670 |   194.110 |   4198.000 |   4198.000 |     0.000
   3622,   |   4198.000 |   4432.570 |   226.331 |   4198.000 |   4198.000 |     0.000
   3623,   |   4198.000 |   4424.390 |   229.365 |   4198.000 |   4198.000 |     0.000
   3624,   |   4198.000 |   4478.830 |   239.891 |   4198.000 |   4198.000 |     0.000
   3625,   |   4198.000 |   4479.090 |   263.367 |   4198.000 |   4198.000 |     0.000
   3626,   |   4198.000 |   4451.450 |   215.366 |   4198.000 |   4198.000 |     0.000
   3627,   |   4198.000 |   4444.320 |   219.601 |   4198.000 |   4198.000 |     0.000
   3628,   |   4198.000 |   4449.490 |   264.972 |   4198.000 |   4198.000 |     0.000
   3629,   |   4198.000 |   4460.400 |   207.395 |   4198.000 |   4198.000 |     0.000
   3630,   |   4198.000 |   4463.090 |   215.107 |   4198.000 |   4198.000 |     0.000
   3631,   |   4198.000 |   4485.330 |   338.122 |   4198.000 |   4198.000 |     0.000
   3632,   |   4198.000 |   4426.750 |   209.764 |   4198.000 |   4198.000 |     0.000
   3633,   |   4198.000 |   4410.760 |   197.714 |   4198.000 |   4198.000 |     0.000
   3634,   |   4198.000 |   4408.430 |   232.561 |   4198.000 |   4198.000 |     0.000
   3635,   |   4198.000 |   4402.610 |   199.654 |   4198.000 |   4198.000 |     0.000
   3636,   |   4198.000 |   4414.820 |   190.758 |   4198.000 |   4198.000 |     0.000
   3637,   |   4198.000 |   4432.840 |   209.616 |   4198.000 |   4198.000 |     0.000
   3638,   |   4198.000 |   4467.750 |   243.902 |   4198.000 |   4198.000 |     0.000
   3639,   |   4198.000 |   4441.690 |   244.802 |   4198.000 |   4198.000 |     0.000
   3640,   |   4198.000 |   4402.450 |   196.959 |   4198.000 |   4198.000 |     0.000
   3641,   |   4198.000 |   4456.270 |   208.223 |   4198.000 |   4198.000 |     0.000
   3642,   |   4198.000 |   4430.060 |   192.224 |   4198.000 |   4198.000 |     0.000
   3643,   |   4198.000 |   4504.460 |   355.252 |   4198.000 |   4198.000 |     0.000
   3644,   |   4198.000 |   4442.220 |   222.381 |   4198.000 |   4198.000 |     0.000
   3645,   |   4198.000 |   4433.930 |   191.368 |   4198.000 |   4198.000 |     0.000
   3646,   |   4198.000 |   4424.850 |   219.353 |   4198.000 |   4198.000 |     0.000
   3647,   |   4198.000 |   4441.300 |   240.168 |   4198.000 |   4198.000 |     0.000
   3648,   |   4198.000 |   4424.480 |   222.360 |   4198.000 |   4198.000 |     0.000
   3649,   |   4198.000 |   4416.310 |   214.550 |   4198.000 |   4198.000 |     0.000
   3650,   |   4198.000 |   4442.640 |   225.455 |   4198.000 |   4198.000 |     0.000
   3651,   |   4198.000 |   4449.430 |   201.886 |   4198.000 |   4198.000 |     0.000
   3652,   |   4198.000 |   4460.660 |   293.458 |   4198.000 |   4198.000 |     0.000
   3653,   |   4198.000 |   4453.390 |   235.752 |   4198.000 |   4198.000 |     0.000
   3654,   |   4198.000 |   4454.350 |   238.180 |   4198.000 |   4198.000 |     0.000
   3655,   |   4198.000 |   4428.770 |   206.056 |   4198.000 |   4198.000 |     0.000
   3656,   |   4198.000 |   4391.720 |   182.388 |   4198.000 |   4198.000 |     0.000
   3657,   |   4198.000 |   4430.840 |   231.624 |   4198.000 |   4198.000 |     0.000
   3658,   |   4198.000 |   4450.280 |   227.614 |   4198.000 |   4198.000 |     0.000
   3659,   |   4198.000 |   4451.730 |   226.969 |   4198.000 |   4198.000 |     0.000
   3660,   |   4198.000 |   4445.630 |   242.261 |   4198.000 |   4198.000 |     0.000
   3661,   |   4198.000 |   4419.790 |   211.225 |   4198.000 |   4198.000 |     0.000
   3662,   |   4198.000 |   4452.610 |   211.684 |   4198.000 |   4198.000 |     0.000
   3663,   |   4198.000 |   4458.650 |   252.000 |   4198.000 |   4198.000 |     0.000
   3664,   |   4198.000 |   4446.310 |   229.493 |   4198.000 |   4198.000 |     0.000
   3665,   |   4198.000 |   4445.500 |   221.894 |   4198.000 |   4198.000 |     0.000
   3666,   |   4198.000 |   4449.090 |   242.706 |   4198.000 |   4198.000 |     0.000
   3667,   |   4198.000 |   4444.070 |   230.029 |   4198.000 |   4198.000 |     0.000
   3668,   |   4198.000 |   4494.210 |   260.573 |   4198.000 |   4198.000 |     0.000
   3669,   |   4198.000 |   4411.690 |   211.945 |   4198.000 |   4198.000 |     0.000
   3670,   |   4198.000 |   4424.770 |   206.966 |   4198.000 |   4198.000 |     0.000
   3671,   |   4198.000 |   4419.560 |   216.898 |   4198.000 |   4198.000 |     0.000
   3672,   |   4198.000 |   4421.360 |   191.088 |   4198.000 |   4198.000 |     0.000
   3673,   |   4198.000 |   4443.150 |   232.622 |   4198.000 |   4198.000 |     0.000
   3674,   |   4198.000 |   4453.400 |   262.056 |   4198.000 |   4198.000 |     0.000
   3675,   |   4198.000 |   4509.260 |   275.169 |   4198.000 |   4198.000 |     0.000
   3676,   |   4198.000 |   4493.920 |   240.888 |   4198.000 |   4198.000 |     0.000
   3677,   |   4198.000 |   4463.870 |   286.464 |   4198.000 |   4198.000 |     0.000
   3678,   |   4198.000 |   4437.400 |   208.042 |   4198.000 |   4198.000 |     0.000
   3679,   |   4198.000 |   4436.000 |   237.572 |   4198.000 |   4198.000 |     0.000
   3680,   |   4198.000 |   4453.570 |   216.900 |   4198.000 |   4198.000 |     0.000
   3681,   |   4198.000 |   4462.550 |   230.595 |   4198.000 |   4198.000 |     0.000
   3682,   |   4198.000 |   4423.090 |   214.144 |   4198.000 |   4198.000 |     0.000
   3683,   |   4198.000 |   4436.450 |   229.335 |   4198.000 |   4198.000 |     0.000
   3684,   |   4198.000 |   4414.230 |   193.266 |   4198.000 |   4198.000 |     0.000
   3685,   |   4198.000 |   4398.080 |   210.560 |   4198.000 |   4198.000 |     0.000
   3686,   |   4198.000 |   4452.080 |   224.268 |   4198.000 |   4198.000 |     0.000
   3687,   |   4198.000 |   4415.060 |   213.646 |   4198.000 |   4198.000 |     0.000
   3688,   |   4198.000 |   4484.430 |   253.321 |   4198.000 |   4198.000 |     0.000
   3689,   |   4198.000 |   4513.680 |   283.715 |   4198.000 |   4198.000 |     0.000
   3690,   |   4198.000 |   4509.720 |   278.443 |   4198.000 |   4198.000 |     0.000
   3691,   |   4198.000 |   4511.010 |   297.384 |   4198.000 |   4198.000 |     0.000
   3692,   |   4198.000 |   4425.140 |   208.430 |   4198.000 |   4198.000 |     0.000
   3693,   |   4198.000 |   4458.060 |   228.278 |   4198.000 |   4198.000 |     0.000
   3694,   |   4198.000 |   4458.040 |   236.976 |   4198.000 |   4198.000 |     0.000
   3695,   |   4198.000 |   4424.130 |   220.243 |   4198.000 |   4198.000 |     0.000
   3696,   |   4198.000 |   4400.980 |   221.063 |   4198.000 |   4198.000 |     0.000
   3697,   |   4198.000 |   4421.230 |   234.440 |   4198.000 |   4198.000 |     0.000
   3698,   |   4198.000 |   4444.740 |   229.100 |   4198.000 |   4198.000 |     0.000
   3699,   |   4198.000 |   4430.740 |   216.131 |   4198.000 |   4198.000 |     0.000
   3700,   |   4198.000 |   4407.910 |   228.815 |   4198.000 |   4198.000 |     0.000
   3701,   |   4198.000 |   4404.570 |   210.518 |   4198.000 |   4198.000 |     0.000
   3702,   |   4198.000 |   4430.240 |   210.479 |   4198.000 |   4198.000 |     0.000
   3703,   |   4198.000 |   4406.960 |   219.723 |   4198.000 |   4198.000 |     0.000
   3704,   |   4198.000 |   4421.960 |   215.277 |   4198.000 |   4198.000 |     0.000
   3705,   |   4198.000 |   4414.640 |   223.061 |   4198.000 |   4198.000 |     0.000
   3706,   |   4198.000 |   4409.040 |   215.197 |   4198.000 |   4198.000 |     0.000
   3707,   |   4198.000 |   4441.600 |   215.824 |   4198.000 |   4198.000 |     0.000
   3708,   |   4198.000 |   4466.390 |   231.862 |   4198.000 |   4198.000 |     0.000
   3709,   |   4198.000 |   4473.130 |   250.925 |   4198.000 |   4198.000 |     0.000
   3710,   |   4198.000 |   4489.430 |   272.924 |   4198.000 |   4198.000 |     0.000
   3711,   |   4198.000 |   4448.120 |   223.752 |   4198.000 |   4198.000 |     0.000
   3712,   |   4198.000 |   4443.720 |   259.301 |   4198.000 |   4198.000 |     0.000
   3713,   |   4198.000 |   4394.900 |   195.550 |   4198.000 |   4198.000 |     0.000
   3714,   |   4198.000 |   4428.720 |   211.838 |   4198.000 |   4198.000 |     0.000
   3715,   |   4198.000 |   4422.680 |   243.780 |   4198.000 |   4198.000 |     0.000
   3716,   |   4198.000 |   4462.740 |   242.281 |   4198.000 |   4198.000 |     0.000
   3717,   |   4198.000 |   4405.600 |   197.679 |   4198.000 |   4198.000 |     0.000
   3718,   |   4198.000 |   4406.270 |   218.888 |   4198.000 |   4198.000 |     0.000
   3719,   |   4198.000 |   4420.570 |   222.483 |   4198.000 |   4198.000 |     0.000
   3720,   |   4198.000 |   4449.270 |   217.541 |   4198.000 |   4198.000 |     0.000
   3721,   |   4198.000 |   4422.460 |   246.644 |   4198.000 |   4198.000 |     0.000
   3722,   |   4198.000 |   4434.720 |   218.473 |   4198.000 |   4198.000 |     0.000
   3723,   |   4198.000 |   4465.160 |   203.446 |   4198.000 |   4198.000 |     0.000
   3724,   |   4198.000 |   4459.240 |   224.926 |   4198.000 |   4198.000 |     0.000
   3725,   |   4198.000 |   4424.560 |   243.103 |   4198.000 |   4198.000 |     0.000
   3726,   |   4198.000 |   4448.460 |   244.346 |   4198.000 |   4198.000 |     0.000
   3727,   |   4198.000 |   4434.730 |   225.967 |   4198.000 |   4198.000 |     0.000
   3728,   |   4198.000 |   4419.940 |   204.662 |   4198.000 |   4198.000 |     0.000
   3729,   |   4198.000 |   4441.060 |   228.744 |   4198.000 |   4198.000 |     0.000
   3730,   |   4198.000 |   4459.250 |   209.518 |   4198.000 |   4198.000 |     0.000
   3731,   |   4198.000 |   4489.460 |   245.641 |   4198.000 |   4198.000 |     0.000
   3732,   |   4198.000 |   4546.610 |   382.482 |   4198.000 |   4198.000 |     0.000
   3733,   |   4198.000 |   4485.450 |   234.004 |   4198.000 |   4198.000 |     0.000
   3734,   |   4198.000 |   4468.720 |   222.193 |   4198.000 |   4198.000 |     0.000
   3735,   |   4198.000 |   4444.010 |   225.664 |   4198.000 |   4198.000 |     0.000
   3736,   |   4198.000 |   4458.680 |   219.477 |   4198.000 |   4198.000 |     0.000
   3737,   |   4198.000 |   4403.010 |   220.319 |   4198.000 |   4198.000 |     0.000
   3738,   |   4198.000 |   4395.910 |   220.796 |   4198.000 |   4198.000 |     0.000
   3739,   |   4198.000 |   4431.400 |   212.987 |   4198.000 |   4198.000 |     0.000
   3740,   |   4198.000 |   4454.380 |   224.619 |   4198.000 |   4198.000 |     0.000
   3741,   |   4198.000 |   4462.480 |   294.902 |   4198.000 |   4198.000 |     0.000
   3742,   |   4198.000 |   4415.570 |   219.262 |   4198.000 |   4198.000 |     0.000
   3743,   |   4198.000 |   4439.670 |   205.485 |   4198.000 |   4198.000 |     0.000
   3744,   |   4198.000 |   4429.730 |   206.338 |   4198.000 |   4198.000 |     0.000
   3745,   |   4198.000 |   4438.010 |   204.084 |   4198.000 |   4198.000 |     0.000
   3746,   |   4198.000 |   4440.650 |   224.384 |   4198.000 |   4198.000 |     0.000
   3747,   |   4198.000 |   4455.460 |   241.966 |   4198.000 |   4198.000 |     0.000
   3748,   |   4198.000 |   4417.120 |   212.753 |   4198.000 |   4198.000 |     0.000
   3749,   |   4198.000 |   4421.680 |   211.081 |   4198.000 |   4198.000 |     0.000
   3750,   |   4198.000 |   4405.500 |   209.113 |   4198.000 |   4198.000 |     0.000
   3751,   |   4198.000 |   4416.220 |   217.809 |   4198.000 |   4198.000 |     0.000
   3752,   |   4198.000 |   4414.720 |   247.168 |   4198.000 |   4198.000 |     0.000
   3753,   |   4198.000 |   4413.270 |   214.063 |   4198.000 |   4198.000 |     0.000
   3754,   |   4198.000 |   4496.270 |   273.165 |   4198.000 |   4198.000 |     0.000
   3755,   |   4198.000 |   4453.740 |   248.014 |   4198.000 |   4198.000 |     0.000
   3756,   |   4198.000 |   4436.810 |   215.805 |   4198.000 |   4198.000 |     0.000
   3757,   |   4198.000 |   4455.820 |   218.828 |   4198.000 |   4198.000 |     0.000
   3758,   |   4198.000 |   4449.560 |   231.311 |   4198.000 |   4198.000 |     0.000
   3759,   |   4198.000 |   4426.910 |   216.246 |   4198.000 |   4198.000 |     0.000
   3760,   |   4198.000 |   4420.250 |   203.326 |   4198.000 |   4198.000 |     0.000
   3761,   |   4198.000 |   4447.570 |   210.446 |   4198.000 |   4198.000 |     0.000
   3762,   |   4198.000 |   4437.950 |   223.101 |   4198.000 |   4198.000 |     0.000
   3763,   |   4198.000 |   4440.690 |   200.954 |   4198.000 |   4198.000 |     0.000
   3764,   |   4198.000 |   4426.450 |   211.801 |   4198.000 |   4198.000 |     0.000
   3765,   |   4198.000 |   4383.780 |   180.781 |   4198.000 |   4198.000 |     0.000
   3766,   |   4198.000 |   4438.210 |   204.490 |   4198.000 |   4198.000 |     0.000
   3767,   |   4198.000 |   4458.930 |   217.090 |   4198.000 |   4198.000 |     0.000
   3768,   |   4198.000 |   4449.250 |   240.026 |   4198.000 |   4198.000 |     0.000
   3769,   |   4198.000 |   4442.060 |   251.227 |   4198.000 |   4198.000 |     0.000
   3770,   |   4198.000 |   4436.200 |   230.319 |   4198.000 |   4198.000 |     0.000
   3771,   |   4198.000 |   4414.610 |   221.502 |   4198.000 |   4198.000 |     0.000
   3772,   |   4198.000 |   4435.380 |   232.097 |   4198.000 |   4198.000 |     0.000
   3773,   |   4198.000 |   4507.930 |   239.262 |   4198.000 |   4198.000 |     0.000
   3774,   |   4198.000 |   4448.470 |   231.527 |   4198.000 |   4198.000 |     0.000
   3775,   |   4198.000 |   4387.240 |   191.681 |   4198.000 |   4198.000 |     0.000
   3776,   |   4198.000 |   4424.140 |   219.498 |   4198.000 |   4198.000 |     0.000
   3777,   |   4198.000 |   4484.280 |   297.530 |   4198.000 |   4198.000 |     0.000
   3778,   |   4198.000 |   4398.280 |   194.268 |   4198.000 |   4198.000 |     0.000
   3779,   |   4198.000 |   4451.710 |   260.256 |   4198.000 |   4198.000 |     0.000
   3780,   |   4198.000 |   4480.380 |   231.952 |   4198.000 |   4198.000 |     0.000
   3781,   |   4198.000 |   4448.810 |   225.099 |   4198.000 |   4198.000 |     0.000
   3782,   |   4198.000 |   4459.850 |   229.610 |   4198.000 |   4198.000 |     0.000
   3783,   |   4198.000 |   4510.070 |   252.052 |   4198.000 |   4198.000 |     0.000
   3784,   |   4198.000 |   4427.480 |   214.204 |   4198.000 |   4198.000 |     0.000
   3785,   |   4198.000 |   4412.040 |   212.333 |   4198.000 |   4198.000 |     0.000
   3786,   |   4198.000 |   4447.860 |   228.658 |   4198.000 |   4198.000 |     0.000
   3787,   |   4198.000 |   4442.180 |   219.171 |   4198.000 |   4198.000 |     0.000
   3788,   |   4198.000 |   4479.720 |   306.300 |   4198.000 |   4198.000 |     0.000
   3789,   |   4198.000 |   4453.650 |   245.408 |   4198.000 |   4198.000 |     0.000
   3790,   |   4198.000 |   4432.280 |   248.679 |   4198.000 |   4198.000 |     0.000
   3791,   |   4198.000 |   4481.800 |   254.434 |   4198.000 |   4198.000 |     0.000
   3792,   |   4198.000 |   4492.480 |   322.661 |   4198.000 |   4198.000 |     0.000
   3793,   |   4198.000 |   4423.990 |   265.036 |   4198.000 |   4198.000 |     0.000
   3794,   |   4198.000 |   4415.280 |   208.543 |   4198.000 |   4198.000 |     0.000
   3795,   |   4198.000 |   4436.210 |   210.838 |   4198.000 |   4198.000 |     0.000
   3796,   |   4198.000 |   4440.880 |   231.156 |   4198.000 |   4198.000 |     0.000
   3797,   |   4198.000 |   4405.140 |   209.419 |   4198.000 |   4198.000 |     0.000
   3798,   |   4198.000 |   4435.470 |   211.053 |   4198.000 |   4198.000 |     0.000
   3799,   |   4198.000 |   4413.100 |   224.268 |   4198.000 |   4198.000 |     0.000
   3800,   |   4198.000 |   4416.910 |   197.033 |   4198.000 |   4198.000 |     0.000
   3801,   |   4198.000 |   4433.410 |   229.436 |   4198.000 |   4198.000 |     0.000
   3802,   |   4198.000 |   4438.650 |   202.079 |   4198.000 |   4198.000 |     0.000
   3803,   |   4198.000 |   4464.790 |   251.744 |   4198.000 |   4198.000 |     0.000
   3804,   |   4198.000 |   4471.400 |   248.120 |   4198.000 |   4198.000 |     0.000
   3805,   |   4198.000 |   4502.410 |   246.313 |   4198.000 |   4198.000 |     0.000
   3806,   |   4198.000 |   4469.050 |   264.586 |   4198.000 |   4198.000 |     0.000
   3807,   |   4198.000 |   4402.320 |   204.938 |   4198.000 |   4198.000 |     0.000
   3808,   |   4198.000 |   4418.410 |   211.855 |   4198.000 |   4198.000 |     0.000
   3809,   |   4198.000 |   4432.930 |   218.464 |   4198.000 |   4198.000 |     0.000
   3810,   |   4198.000 |   4400.340 |   180.377 |   4198.000 |   4198.000 |     0.000
   3811,   |   4198.000 |   4395.720 |   196.303 |   4198.000 |   4198.000 |     0.000
   3812,   |   4198.000 |   4446.410 |   203.482 |   4198.000 |   4198.000 |     0.000
   3813,   |   4198.000 |   4445.530 |   226.443 |   4198.000 |   4198.000 |     0.000
   3814,   |   4198.000 |   4427.070 |   208.871 |   4198.000 |   4198.000 |     0.000
   3815,   |   4198.000 |   4434.570 |   216.993 |   4198.000 |   4198.000 |     0.000
   3816,   |   4198.000 |   4471.000 |   269.813 |   4198.000 |   4198.000 |     0.000
   3817,   |   4198.000 |   4436.680 |   224.652 |   4198.000 |   4198.000 |     0.000
   3818,   |   4198.000 |   4429.420 |   224.014 |   4198.000 |   4198.000 |     0.000
   3819,   |   4198.000 |   4430.740 |   242.229 |   4198.000 |   4198.000 |     0.000
   3820,   |   4198.000 |   4432.060 |   194.815 |   4198.000 |   4198.000 |     0.000
   3821,   |   4198.000 |   4476.520 |   246.441 |   4198.000 |   4198.000 |     0.000
   3822,   |   4198.000 |   4463.140 |   265.982 |   4198.000 |   4198.000 |     0.000
   3823,   |   4198.000 |   4446.630 |   233.926 |   4198.000 |   4198.000 |     0.000
   3824,   |   4198.000 |   4452.510 |   226.574 |   4198.000 |   4198.000 |     0.000
   3825,   |   4198.000 |   4464.430 |   254.359 |   4198.000 |   4198.000 |     0.000
   3826,   |   4198.000 |   4563.160 |   358.560 |   4198.000 |   4198.000 |     0.000
   3827,   |   4198.000 |   4461.980 |   274.199 |   4198.000 |   4198.000 |     0.000
   3828,   |   4198.000 |   4498.650 |   274.752 |   4198.000 |   4198.000 |     0.000
   3829,   |   4198.000 |   4467.380 |   223.093 |   4198.000 |   4198.000 |     0.000
   3830,   |   4198.000 |   4490.760 |   253.098 |   4198.000 |   4198.000 |     0.000
   3831,   |   4198.000 |   4474.720 |   283.137 |   4198.000 |   4198.000 |     0.000
   3832,   |   4198.000 |   4450.380 |   221.349 |   4198.000 |   4198.000 |     0.000
   3833,   |   4198.000 |   4444.950 |   208.835 |   4198.000 |   4198.000 |     0.000
   3834,   |   4198.000 |   4449.640 |   228.013 |   4198.000 |   4198.000 |     0.000
   3835,   |   4198.000 |   4464.950 |   263.145 |   4198.000 |   4198.000 |     0.000
   3836,   |   4198.000 |   4481.040 |   277.774 |   4198.000 |   4198.000 |     0.000
   3837,   |   4198.000 |   4451.730 |   221.172 |   4198.000 |   4198.000 |     0.000
   3838,   |   4198.000 |   4462.810 |   246.998 |   4198.000 |   4198.000 |     0.000
   3839,   |   4198.000 |   4436.030 |   253.044 |   4198.000 |   4198.000 |     0.000
   3840,   |   4198.000 |   4405.970 |   214.228 |   4198.000 |   4198.000 |     0.000
   3841,   |   4198.000 |   4437.420 |   228.707 |   4198.000 |   4198.000 |     0.000
   3842,   |   4198.000 |   4423.470 |   214.493 |   4198.000 |   4198.000 |     0.000
   3843,   |   4198.000 |   4428.190 |   206.430 |   4198.000 |   4198.000 |     0.000
   3844,   |   4198.000 |   4415.550 |   221.725 |   4198.000 |   4198.000 |     0.000
   3845,   |   4198.000 |   4463.390 |   243.587 |   4198.000 |   4198.000 |     0.000
   3846,   |   4198.000 |   4456.000 |   225.638 |   4198.000 |   4198.000 |     0.000
   3847,   |   4198.000 |   4447.080 |   234.060 |   4198.000 |   4198.000 |     0.000
   3848,   |   4198.000 |   4456.020 |   210.474 |   4198.000 |   4198.000 |     0.000
   3849,   |   4198.000 |   4499.880 |   235.226 |   4198.000 |   4198.000 |     0.000
   3850,   |   4198.000 |   4428.270 |   234.424 |   4198.000 |   4198.000 |     0.000
   3851,   |   4198.000 |   4429.830 |   220.872 |   4198.000 |   4198.000 |     0.000
   3852,   |   4198.000 |   4410.560 |   211.438 |   4198.000 |   4198.000 |     0.000
   3853,   |   4198.000 |   4492.020 |   268.348 |   4198.000 |   4198.000 |     0.000
   3854,   |   4198.000 |   4453.100 |   230.391 |   4198.000 |   4198.000 |     0.000
   3855,   |   4198.000 |   4430.310 |   226.379 |   4198.000 |   4198.000 |     0.000
   3856,   |   4198.000 |   4453.300 |   262.712 |   4198.000 |   4198.000 |     0.000
   3857,   |   4198.000 |   4435.140 |   221.133 |   4198.000 |   4198.000 |     0.000
   3858,   |   4198.000 |   4443.930 |   210.122 |   4198.000 |   4198.000 |     0.000
   3859,   |   4198.000 |   4440.010 |   203.341 |   4198.000 |   4198.000 |     0.000
   3860,   |   4198.000 |   4438.710 |   241.142 |   4198.000 |   4198.000 |     0.000
   3861,   |   4198.000 |   4451.640 |   237.817 |   4198.000 |   4198.000 |     0.000
   3862,   |   4198.000 |   4429.160 |   226.217 |   4198.000 |   4198.000 |     0.000
   3863,   |   4198.000 |   4456.150 |   222.670 |   4198.000 |   4198.000 |     0.000
   3864,   |   4198.000 |   4456.640 |   254.712 |   4198.000 |   4198.000 |     0.000
   3865,   |   4198.000 |   4464.560 |   224.175 |   4198.000 |   4198.000 |     0.000
   3866,   |   4198.000 |   4437.730 |   231.378 |   4198.000 |   4198.000 |     0.000
   3867,   |   4198.000 |   4411.440 |   207.344 |   4198.000 |   4198.000 |     0.000
   3868,   |   4198.000 |   4433.930 |   235.725 |   4198.000 |   4198.000 |     0.000
   3869,   |   4198.000 |   4445.240 |   238.974 |   4198.000 |   4198.000 |     0.000
   3870,   |   4198.000 |   4459.710 |   262.744 |   4198.000 |   4198.000 |     0.000
   3871,   |   4198.000 |   4401.290 |   209.006 |   4198.000 |   4198.000 |     0.000
   3872,   |   4198.000 |   4416.300 |   218.972 |   4198.000 |   4198.000 |     0.000
   3873,   |   4198.000 |   4415.940 |   215.997 |   4198.000 |   4198.000 |     0.000
   3874,   |   4198.000 |   4412.210 |   197.190 |   4198.000 |   4198.000 |     0.000
   3875,   |   4198.000 |   4462.400 |   239.488 |   4198.000 |   4198.000 |     0.000
   3876,   |   4198.000 |   4414.800 |   218.667 |   4198.000 |   4198.000 |     0.000
   3877,   |   4198.000 |   4433.140 |   221.046 |   4198.000 |   4198.000 |     0.000
   3878,   |   4198.000 |   4439.900 |   228.095 |   4198.000 |   4198.000 |     0.000
   3879,   |   4198.000 |   4433.080 |   194.568 |   4198.000 |   4198.000 |     0.000
   3880,   |   4198.000 |   4424.320 |   209.120 |   4198.000 |   4198.000 |     0.000
   3881,   |   4198.000 |   4417.060 |   199.445 |   4198.000 |   4198.000 |     0.000
   3882,   |   4198.000 |   4432.250 |   258.214 |   4198.000 |   4198.000 |     0.000
   3883,   |   4198.000 |   4388.130 |   198.558 |   4198.000 |   4198.000 |     0.000
   3884,   |   4198.000 |   4385.700 |   201.487 |   4198.000 |   4198.000 |     0.000
   3885,   |   4198.000 |   4423.100 |   218.803 |   4198.000 |   4198.000 |     0.000
   3886,   |   4198.000 |   4450.710 |   214.083 |   4198.000 |   4198.000 |     0.000
   3887,   |   4198.000 |   4454.600 |   256.654 |   4198.000 |   4198.000 |     0.000
   3888,   |   4198.000 |   4412.170 |   218.681 |   4198.000 |   4198.000 |     0.000
   3889,   |   4198.000 |   4410.780 |   212.140 |   4198.000 |   4198.000 |     0.000
   3890,   |   4198.000 |   4435.330 |   187.472 |   4198.000 |   4198.000 |     0.000
   3891,   |   4198.000 |   4476.160 |   257.781 |   4198.000 |   4198.000 |     0.000
   3892,   |   4198.000 |   4413.580 |   220.281 |   4198.000 |   4198.000 |     0.000
   3893,   |   4198.000 |   4390.240 |   195.962 |   4198.000 |   4198.000 |     0.000
   3894,   |   4198.000 |   4421.820 |   191.968 |   4198.000 |   4198.000 |     0.000
   3895,   |   4198.000 |   4472.440 |   214.281 |   4198.000 |   4198.000 |     0.000
   3896,   |   4198.000 |   4429.750 |   236.971 |   4198.000 |   4198.000 |     0.000
   3897,   |   4198.000 |   4397.170 |   204.992 |   4198.000 |   4198.000 |     0.000
   3898,   |   4198.000 |   4427.090 |   233.156 |   4198.000 |   4198.000 |     0.000
   3899,   |   4198.000 |   4450.950 |   240.966 |   4198.000 |   4198.000 |     0.000
   3900,   |   4198.000 |   4430.480 |   238.059 |   4198.000 |   4198.000 |     0.000
   3901,   |   4198.000 |   4458.880 |   233.444 |   4198.000 |   4198.000 |     0.000
   3902,   |   4198.000 |   4433.440 |   234.904 |   4198.000 |   4198.000 |     0.000
   3903,   |   4198.000 |   4407.910 |   191.621 |   4198.000 |   4198.000 |     0.000
   3904,   |   4198.000 |   4481.500 |   289.102 |   4198.000 |   4198.000 |     0.000
   3905,   |   4198.000 |   4450.200 |   227.271 |   4198.000 |   4198.000 |     0.000
   3906,   |   4198.000 |   4455.180 |   244.571 |   4198.000 |   4198.000 |     0.000
   3907,   |   4198.000 |   4409.310 |   223.971 |   4198.000 |   4198.000 |     0.000
   3908,   |   4198.000 |   4454.060 |   210.608 |   4198.000 |   4198.000 |     0.000
   3909,   |   4198.000 |   4471.240 |   236.057 |   4198.000 |   4198.000 |     0.000
   3910,   |   4198.000 |   4417.520 |   208.652 |   4198.000 |   4198.000 |     0.000
   3911,   |   4198.000 |   4431.630 |   230.650 |   4198.000 |   4198.000 |     0.000
   3912,   |   4198.000 |   4414.360 |   211.746 |   4198.000 |   4198.000 |     0.000
   3913,   |   4198.000 |   4446.260 |   223.564 |   4198.000 |   4198.000 |     0.000
   3914,   |   4198.000 |   4394.840 |   200.083 |   4198.000 |   4198.000 |     0.000
   3915,   |   4198.000 |   4458.750 |   215.619 |   4198.000 |   4198.000 |     0.000
   3916,   |   4198.000 |   4465.740 |   241.629 |   4198.000 |   4198.000 |     0.000
   3917,   |   4198.000 |   4451.800 |   209.594 |   4198.000 |   4198.000 |     0.000
   3918,   |   4198.000 |   4451.040 |   228.466 |   4198.000 |   4198.000 |     0.000
   3919,   |   4198.000 |   4422.240 |   198.541 |   4198.000 |   4198.000 |     0.000
   3920,   |   4198.000 |   4461.090 |   250.588 |   4198.000 |   4198.000 |     0.000
   3921,   |   4198.000 |   4478.940 |   267.112 |   4198.000 |   4198.000 |     0.000
   3922,   |   4198.000 |   4443.690 |   214.486 |   4198.000 |   4198.000 |     0.000
   3923,   |   4198.000 |   4407.660 |   226.767 |   4198.000 |   4198.000 |     0.000
   3924,   |   4198.000 |   4425.690 |   201.579 |   4198.000 |   4198.000 |     0.000
   3925,   |   4198.000 |   4462.210 |   213.241 |   4198.000 |   4198.000 |     0.000
   3926,   |   4198.000 |   4443.070 |   212.530 |   4198.000 |   4198.000 |     0.000
   3927,   |   4198.000 |   4455.390 |   255.716 |   4198.000 |   4198.000 |     0.000
   3928,   |   4198.000 |   4457.190 |   213.113 |   4198.000 |   4198.000 |     0.000
   3929,   |   4198.000 |   4452.660 |   221.728 |   4198.000 |   4198.000 |     0.000
   3930,   |   4198.000 |   4419.200 |   236.785 |   4198.000 |   4198.000 |     0.000
   3931,   |   4198.000 |   4466.840 |   235.956 |   4198.000 |   4198.000 |     0.000
   3932,   |   4198.000 |   4429.440 |   228.713 |   4198.000 |   4198.000 |     0.000
   3933,   |   4198.000 |   4400.270 |   201.126 |   4198.000 |   4198.000 |     0.000
   3934,   |   4198.000 |   4423.180 |   225.676 |   4198.000 |   4198.000 |     0.000
   3935,   |   4198.000 |   4479.860 |   213.608 |   4198.000 |   4198.000 |     0.000
   3936,   |   4198.000 |   4431.030 |   249.386 |   4198.000 |   4198.000 |     0.000
   3937,   |   4198.000 |   4384.160 |   203.407 |   4198.000 |   4198.000 |     0.000
   3938,   |   4198.000 |   4418.910 |   203.259 |   4198.000 |   4198.000 |     0.000
   3939,   |   4198.000 |   4411.920 |   199.037 |   4198.000 |   4198.000 |     0.000
   3940,   |   4198.000 |   4404.750 |   211.391 |   4198.000 |   4198.000 |     0.000
   3941,   |   4198.000 |   4442.840 |   245.740 |   4198.000 |   4198.000 |     0.000
   3942,   |   4198.000 |   4423.960 |   218.734 |   4198.000 |   4198.000 |     0.000
   3943,   |   4198.000 |   4487.360 |   207.318 |   4198.000 |   4198.000 |     0.000
   3944,   |   4198.000 |   4442.320 |   220.257 |   4198.000 |   4198.000 |     0.000
   3945,   |   4198.000 |   4445.230 |   208.355 |   4198.000 |   4198.000 |     0.000
   3946,   |   4198.000 |   4454.970 |   256.427 |   4198.000 |   4198.000 |     0.000
   3947,   |   4198.000 |   4479.500 |   225.994 |   4198.000 |   4198.000 |     0.000
   3948,   |   4198.000 |   4449.960 |   262.726 |   4198.000 |   4198.000 |     0.000
   3949,   |   4198.000 |   4429.250 |   218.223 |   4198.000 |   4198.000 |     0.000
   3950,   |   4198.000 |   4420.960 |   213.029 |   4198.000 |   4198.000 |     0.000
   3951,   |   4198.000 |   4367.210 |   211.415 |   4198.000 |   4198.000 |     0.000
   3952,   |   4198.000 |   4386.170 |   215.000 |   4198.000 |   4198.000 |     0.000
   3953,   |   4198.000 |   4415.990 |   217.427 |   4198.000 |   4198.000 |     0.000
   3954,   |   4198.000 |   4421.080 |   217.320 |   4198.000 |   4198.000 |     0.000
   3955,   |   4198.000 |   4409.510 |   195.319 |   4198.000 |   4198.000 |     0.000
   3956,   |   4198.000 |   4433.200 |   264.803 |   4198.000 |   4198.000 |     0.000
   3957,   |   4198.000 |   4407.430 |   217.449 |   4198.000 |   4198.000 |     0.000
   3958,   |   4198.000 |   4425.400 |   231.823 |   4198.000 |   4198.000 |     0.000
   3959,   |   4198.000 |   4393.760 |   207.279 |   4198.000 |   4198.000 |     0.000
   3960,   |   4198.000 |   4445.570 |   236.273 |   4198.000 |   4198.000 |     0.000
   3961,   |   4198.000 |   4405.280 |   225.388 |   4198.000 |   4198.000 |     0.000
   3962,   |   4198.000 |   4455.120 |   219.864 |   4198.000 |   4198.000 |     0.000
   3963,   |   4198.000 |   4406.700 |   206.349 |   4198.000 |   4198.000 |     0.000
   3964,   |   4198.000 |   4464.050 |   241.058 |   4198.000 |   4198.000 |     0.000
   3965,   |   4198.000 |   4416.310 |   223.226 |   4198.000 |   4198.000 |     0.000
   3966,   |   4198.000 |   4416.280 |   192.550 |   4198.000 |   4198.000 |     0.000
   3967,   |   4198.000 |   4414.990 |   206.355 |   4198.000 |   4198.000 |     0.000
   3968,   |   4198.000 |   4436.450 |   215.895 |   4198.000 |   4198.000 |     0.000
   3969,   |   4198.000 |   4437.650 |   232.780 |   4198.000 |   4198.000 |     0.000
   3970,   |   4198.000 |   4450.560 |   233.730 |   4198.000 |   4198.000 |     0.000
   3971,   |   4198.000 |   4448.040 |   287.225 |   4198.000 |   4198.000 |     0.000
   3972,   |   4198.000 |   4439.820 |   236.721 |   4198.000 |   4198.000 |     0.000
   3973,   |   4198.000 |   4431.170 |   226.462 |   4198.000 |   4198.000 |     0.000
   3974,   |   4198.000 |   4437.620 |   218.507 |   4198.000 |   4198.000 |     0.000
   3975,   |   4198.000 |   4445.610 |   273.158 |   4198.000 |   4198.000 |     0.000
   3976,   |   4198.000 |   4402.150 |   200.382 |   4198.000 |   4198.000 |     0.000
   3977,   |   4198.000 |   4438.140 |   236.684 |   4198.000 |   4198.000 |     0.000
   3978,   |   4198.000 |   4444.470 |   205.990 |   4198.000 |   4198.000 |     0.000
   3979,   |   4198.000 |   4437.260 |   242.272 |   4198.000 |   4198.000 |     0.000
   3980,   |   4198.000 |   4428.030 |   234.081 |   4198.000 |   4198.000 |     0.000
   3981,   |   4198.000 |   4393.200 |   201.984 |   4198.000 |   4198.000 |     0.000
   3982,   |   4198.000 |   4404.160 |   186.181 |   4198.000 |   4198.000 |     0.000
   3983,   |   4198.000 |   4464.740 |   224.043 |   4198.000 |   4198.000 |     0.000
   3984,   |   4198.000 |   4448.690 |   210.918 |   4198.000 |   4198.000 |     0.000
   3985,   |   4198.000 |   4446.970 |   220.824 |   4198.000 |   4198.000 |     0.000
   3986,   |   4198.000 |   4438.980 |   205.585 |   4198.000 |   4198.000 |     0.000
   3987,   |   4198.000 |   4470.440 |   240.728 |   4198.000 |   4198.000 |     0.000
   3988,   |   4198.000 |   4466.190 |   270.172 |   4198.000 |   4198.000 |     0.000
   3989,   |   4198.000 |   4440.600 |   247.743 |   4198.000 |   4198.000 |     0.000
   3990,   |   4198.000 |   4400.220 |   183.744 |   4198.000 |   4198.000 |     0.000
   3991,   |   4198.000 |   4469.570 |   256.474 |   4198.000 |   4198.000 |     0.000
   3992,   |   4198.000 |   4436.800 |   207.638 |   4198.000 |   4198.000 |     0.000
   3993,   |   4198.000 |   4398.750 |   200.256 |   4198.000 |   4198.000 |     0.000
   3994,   |   4198.000 |   4398.990 |   229.907 |   4198.000 |   4198.000 |     0.000
   3995,   |   4198.000 |   4423.380 |   239.171 |   4198.000 |   4198.000 |     0.000
   3996,   |   4198.000 |   4443.820 |   228.222 |   4198.000 |   4198.000 |     0.000
   3997,   |   4198.000 |   4447.790 |   222.847 |   4198.000 |   4198.000 |     0.000
   3998,   |   4198.000 |   4440.250 |   224.642 |   4198.000 |   4198.000 |     0.000
   3999,   |   4198.000 |   4397.770 |   208.428 |   4198.000 |   4198.000 |     0.000
   4000,   |   4198.000 |   4420.860 |   198.003 |   4198.000 |   4198.000 |     0.000
   4001,   |   4198.000 |   4444.170 |   216.191 |   4198.000 |   4198.000 |     0.000
   4002,   |   4198.000 |   4465.730 |   226.094 |   4198.000 |   4198.000 |     0.000
   4003,   |   4198.000 |   4417.300 |   208.880 |   4198.000 |   4198.000 |     0.000
   4004,   |   4198.000 |   4418.840 |   231.041 |   4198.000 |   4198.000 |     0.000
   4005,   |   4198.000 |   4414.350 |   195.080 |   4198.000 |   4198.000 |     0.000
   4006,   |   4198.000 |   4440.330 |   214.645 |   4198.000 |   4198.000 |     0.000
   4007,   |   4198.000 |   4436.410 |   228.952 |   4198.000 |   4198.000 |     0.000
   4008,   |   4198.000 |   4433.470 |   219.417 |   4198.000 |   4198.000 |     0.000
   4009,   |   4198.000 |   4450.120 |   243.310 |   4198.000 |   4198.000 |     0.000
   4010,   |   4198.000 |   4457.980 |   228.982 |   4198.000 |   4198.000 |     0.000
   4011,   |   4198.000 |   4411.280 |   208.325 |   4198.000 |   4198.000 |     0.000
   4012,   |   4198.000 |   4429.980 |   207.480 |   4198.000 |   4198.000 |     0.000
   4013,   |   4198.000 |   4438.670 |   214.250 |   4198.000 |   4198.000 |     0.000
   4014,   |   4198.000 |   4422.490 |   224.383 |   4198.000 |   4198.000 |     0.000
   4015,   |   4198.000 |   4413.180 |   203.237 |   4198.000 |   4198.000 |     0.000
   4016,   |   4198.000 |   4414.220 |   206.169 |   4198.000 |   4198.000 |     0.000
   4017,   |   4198.000 |   4434.770 |   234.560 |   4198.000 |   4198.000 |     0.000
   4018,   |   4198.000 |   4475.420 |   312.045 |   4198.000 |   4198.000 |     0.000
   4019,   |   4198.000 |   4459.950 |   259.479 |   4198.000 |   4198.000 |     0.000
   4020,   |   4198.000 |   4430.650 |   228.551 |   4198.000 |   4198.000 |     0.000
   4021,   |   4198.000 |   4392.420 |   207.015 |   4198.000 |   4198.000 |     0.000
   4022,   |   4198.000 |   4444.540 |   222.254 |   4198.000 |   4198.000 |     0.000
   4023,   |   4198.000 |   4431.100 |   204.960 |   4198.000 |   4198.000 |     0.000
   4024,   |   4198.000 |   4432.280 |   227.880 |   4198.000 |   4198.000 |     0.000
   4025,   |   4198.000 |   4432.580 |   232.937 |   4198.000 |   4198.000 |     0.000
   4026,   |   4198.000 |   4435.760 |   243.544 |   4198.000 |   4198.000 |     0.000
   4027,   |   4198.000 |   4416.500 |   206.305 |   4198.000 |   4198.000 |     0.000
   4028,   |   4198.000 |   4500.960 |   239.069 |   4198.000 |   4198.000 |     0.000
   4029,   |   4198.000 |   4475.830 |   215.197 |   4198.000 |   4198.000 |     0.000
   4030,   |   4198.000 |   4390.130 |   203.248 |   4198.000 |   4198.000 |     0.000
   4031,   |   4198.000 |   4416.990 |   237.247 |   4198.000 |   4198.000 |     0.000
   4032,   |   4198.000 |   4440.660 |   215.448 |   4198.000 |   4198.000 |     0.000
   4033,   |   4198.000 |   4443.990 |   207.146 |   4198.000 |   4198.000 |     0.000
   4034,   |   4198.000 |   4453.380 |   222.715 |   4198.000 |   4198.000 |     0.000
   4035,   |   4198.000 |   4432.140 |   221.446 |   4198.000 |   4198.000 |     0.000
   4036,   |   4198.000 |   4425.630 |   227.511 |   4198.000 |   4198.000 |     0.000
   4037,   |   4198.000 |   4395.960 |   195.667 |   4198.000 |   4198.000 |     0.000
   4038,   |   4198.000 |   4421.180 |   211.082 |   4198.000 |   4198.000 |     0.000
   4039,   |   4198.000 |   4452.800 |   241.520 |   4198.000 |   4198.000 |     0.000
   4040,   |   4198.000 |   4463.860 |   255.355 |   4198.000 |   4198.000 |     0.000
   4041,   |   4198.000 |   4414.790 |   219.505 |   4198.000 |   4198.000 |     0.000
   4042,   |   4198.000 |   4433.330 |   200.771 |   4198.000 |   4198.000 |     0.000
   4043,   |   4198.000 |   4469.530 |   253.853 |   4198.000 |   4198.000 |     0.000
   4044,   |   4198.000 |   4441.710 |   241.700 |   4198.000 |   4198.000 |     0.000
   4045,   |   4198.000 |   4431.540 |   227.175 |   4198.000 |   4198.000 |     0.000
   4046,   |   4198.000 |   4404.150 |   225.381 |   4198.000 |   4198.000 |     0.000
   4047,   |   4198.000 |   4444.380 |   229.091 |   4198.000 |   4198.000 |     0.000
   4048,   |   4198.000 |   4430.300 |   202.153 |   4198.000 |   4198.000 |     0.000
   4049,   |   4198.000 |   4476.750 |   243.434 |   4198.000 |   4198.000 |     0.000
   4050,   |   4198.000 |   4481.730 |   279.218 |   4198.000 |   4198.000 |     0.000
   4051,   |   4198.000 |   4453.070 |   216.406 |   4198.000 |   4198.000 |     0.000
   4052,   |   4198.000 |   4449.290 |   220.314 |   4198.000 |   4198.000 |     0.000
   4053,   |   4198.000 |   4413.220 |   217.714 |   4198.000 |   4198.000 |     0.000
   4054,   |   4198.000 |   4435.920 |   200.462 |   4198.000 |   4198.000 |     0.000
   4055,   |   4198.000 |   4427.400 |   205.322 |   4198.000 |   4198.000 |     0.000
   4056,   |   4198.000 |   4453.930 |   256.635 |   4198.000 |   4198.000 |     0.000
   4057,   |   4198.000 |   4432.810 |   227.053 |   4198.000 |   4198.000 |     0.000
   4058,   |   4198.000 |   4403.460 |   211.335 |   4198.000 |   4198.000 |     0.000
   4059,   |   4198.000 |   4446.180 |   229.798 |   4198.000 |   4198.000 |     0.000
   4060,   |   4198.000 |   4413.950 |   224.046 |   4198.000 |   4198.000 |     0.000
   4061,   |   4198.000 |   4441.310 |   209.514 |   4198.000 |   4198.000 |     0.000
   4062,   |   4198.000 |   4419.610 |   216.325 |   4198.000 |   4198.000 |     0.000
   4063,   |   4198.000 |   4412.410 |   223.495 |   4198.000 |   4198.000 |     0.000
   4064,   |   4198.000 |   4399.580 |   200.984 |   4198.000 |   4198.000 |     0.000
   4065,   |   4198.000 |   4432.680 |   293.054 |   4198.000 |   4198.000 |     0.000
   4066,   |   4198.000 |   4431.050 |   221.173 |   4198.000 |   4198.000 |     0.000
   4067,   |   4198.000 |   4455.780 |   229.276 |   4198.000 |   4198.000 |     0.000
   4068,   |   4198.000 |   4440.460 |   239.292 |   4198.000 |   4198.000 |     0.000
   4069,   |   4198.000 |   4448.510 |   228.044 |   4198.000 |   4198.000 |     0.000
   4070,   |   4198.000 |   4410.180 |   196.016 |   4198.000 |   4198.000 |     0.000
   4071,   |   4198.000 |   4453.360 |   209.003 |   4198.000 |   4198.000 |     0.000
   4072,   |   4198.000 |   4434.360 |   245.741 |   4198.000 |   4198.000 |     0.000
   4073,   |   4198.000 |   4453.280 |   248.915 |   4198.000 |   4198.000 |     0.000
   4074,   |   4198.000 |   4443.110 |   210.243 |   4198.000 |   4198.000 |     0.000
   4075,   |   4198.000 |   4439.610 |   205.968 |   4198.000 |   4198.000 |     0.000
   4076,   |   4198.000 |   4485.380 |   249.171 |   4198.000 |   4198.000 |     0.000
   4077,   |   4198.000 |   4407.820 |   205.808 |   4198.000 |   4198.000 |     0.000
   4078,   |   4198.000 |   4469.050 |   245.679 |   4198.000 |   4198.000 |     0.000
   4079,   |   4198.000 |   4400.420 |   181.540 |   4198.000 |   4198.000 |     0.000
   4080,   |   4198.000 |   4428.890 |   220.803 |   4198.000 |   4198.000 |     0.000
   4081,   |   4198.000 |   4462.310 |   301.784 |   4198.000 |   4198.000 |     0.000
   4082,   |   4198.000 |   4447.930 |   218.094 |   4198.000 |   4198.000 |     0.000
   4083,   |   4198.000 |   4397.260 |   199.624 |   4198.000 |   4198.000 |     0.000
   4084,   |   4198.000 |   4466.940 |   249.975 |   4198.000 |   4198.000 |     0.000
   4085,   |   4198.000 |   4439.170 |   196.715 |   4198.000 |   4198.000 |     0.000
   4086,   |   4198.000 |   4416.450 |   223.484 |   4198.000 |   4198.000 |     0.000
   4087,   |   4198.000 |   4432.380 |   209.475 |   4198.000 |   4198.000 |     0.000
   4088,   |   4198.000 |   4453.210 |   222.945 |   4198.000 |   4198.000 |     0.000
   4089,   |   4198.000 |   4456.910 |   227.053 |   4198.000 |   4198.000 |     0.000
   4090,   |   4198.000 |   4403.410 |   214.855 |   4198.000 |   4198.000 |     0.000
   4091,   |   4198.000 |   4409.480 |   222.769 |   4198.000 |   4198.000 |     0.000
   4092,   |   4198.000 |   4453.640 |   205.133 |   4198.000 |   4198.000 |     0.000
   4093,   |   4198.000 |   4460.610 |   227.234 |   4198.000 |   4198.000 |     0.000
   4094,   |   4198.000 |   4437.480 |   251.768 |   4198.000 |   4198.000 |     0.000
   4095,   |   4198.000 |   4441.550 |   233.959 |   4198.000 |   4198.000 |     0.000
   4096,   |   4198.000 |   4429.480 |   219.830 |   4198.000 |   4198.000 |     0.000
   4097,   |   4198.000 |   4454.490 |   258.541 |   4198.000 |   4198.000 |     0.000
   4098,   |   4198.000 |   4483.920 |   234.033 |   4198.000 |   4198.000 |     0.000
   4099,   |   4198.000 |   4493.010 |   267.080 |   4198.000 |   4198.000 |     0.000
   4100,   |   4198.000 |   4448.090 |   208.180 |   4198.000 |   4198.000 |     0.000
   4101,   |   4198.000 |   4435.070 |   240.166 |   4198.000 |   4198.000 |     0.000
   4102,   |   4198.000 |   4403.410 |   218.465 |   4198.000 |   4198.000 |     0.000
   4103,   |   4198.000 |   4418.210 |   207.970 |   4198.000 |   4198.000 |     0.000
   4104,   |   4198.000 |   4423.490 |   217.198 |   4198.000 |   4198.000 |     0.000
   4105,   |   4198.000 |   4390.500 |   200.163 |   4198.000 |   4198.000 |     0.000
   4106,   |   4198.000 |   4397.240 |   188.665 |   4198.000 |   4198.000 |     0.000
   4107,   |   4198.000 |   4387.070 |   201.813 |   4198.000 |   4198.000 |     0.000
   4108,   |   4198.000 |   4436.800 |   214.185 |   4198.000 |   4198.000 |     0.000
   4109,   |   4198.000 |   4424.920 |   212.398 |   4198.000 |   4198.000 |     0.000
   4110,   |   4198.000 |   4421.830 |   198.782 |   4198.000 |   4198.000 |     0.000
   4111,   |   4198.000 |   4407.550 |   206.601 |   4198.000 |   4198.000 |     0.000
   4112,   |   4198.000 |   4440.100 |   225.169 |   4198.000 |   4198.000 |     0.000
   4113,   |   4198.000 |   4457.780 |   264.363 |   4198.000 |   4198.000 |     0.000
   4114,   |   4198.000 |   4422.360 |   215.953 |   4198.000 |   4198.000 |     0.000
   4115,   |   4198.000 |   4464.410 |   205.746 |   4198.000 |   4198.000 |     0.000
   4116,   |   4198.000 |   4423.100 |   215.095 |   4198.000 |   4198.000 |     0.000
   4117,   |   4198.000 |   4382.360 |   191.915 |   4198.000 |   4198.000 |     0.000
   4118,   |   4198.000 |   4412.580 |   209.055 |   4198.000 |   4198.000 |     0.000
   4119,   |   4198.000 |   4431.730 |   233.158 |   4198.000 |   4198.000 |     0.000
   4120,   |   4198.000 |   4422.330 |   208.714 |   4198.000 |   4198.000 |     0.000
   4121,   |   4198.000 |   4447.250 |   211.731 |   4198.000 |   4198.000 |     0.000
   4122,   |   4198.000 |   4426.020 |   233.616 |   4198.000 |   4198.000 |     0.000
   4123,   |   4198.000 |   4405.090 |   211.463 |   4198.000 |   4198.000 |     0.000
   4124,   |   4198.000 |   4449.550 |   213.239 |   4198.000 |   4198.000 |     0.000
   4125,   |   4198.000 |   4479.650 |   230.926 |   4198.000 |   4198.000 |     0.000
   4126,   |   4198.000 |   4467.040 |   318.123 |   4198.000 |   4198.000 |     0.000
   4127,   |   4198.000 |   4461.210 |   253.864 |   4198.000 |   4198.000 |     0.000
   4128,   |   4198.000 |   4467.190 |   232.149 |   4198.000 |   4198.000 |     0.000
   4129,   |   4198.000 |   4473.740 |   279.211 |   4198.000 |   4198.000 |     0.000
   4130,   |   4198.000 |   4440.630 |   251.285 |   4198.000 |   4198.000 |     0.000
   4131,   |   4198.000 |   4417.570 |   216.528 |   4198.000 |   4198.000 |     0.000
   4132,   |   4198.000 |   4419.370 |   205.233 |   4198.000 |   4198.000 |     0.000
   4133,   |   4198.000 |   4412.010 |   201.295 |   4198.000 |   4198.000 |     0.000
   4134,   |   4198.000 |   4428.040 |   223.287 |   4198.000 |   4198.000 |     0.000
   4135,   |   4198.000 |   4426.910 |   213.654 |   4198.000 |   4198.000 |     0.000
   4136,   |   4198.000 |   4415.650 |   203.724 |   4198.000 |   4198.000 |     0.000
   4137,   |   4198.000 |   4416.800 |   206.720 |   4198.000 |   4198.000 |     0.000
   4138,   |   4198.000 |   4459.870 |   228.523 |   4198.000 |   4198.000 |     0.000
   4139,   |   4198.000 |   4432.170 |   216.206 |   4198.000 |   4198.000 |     0.000
   4140,   |   4198.000 |   4440.700 |   210.722 |   4198.000 |   4198.000 |     0.000
   4141,   |   4198.000 |   4424.170 |   218.742 |   4198.000 |   4198.000 |     0.000
   4142,   |   4198.000 |   4438.780 |   240.074 |   4198.000 |   4198.000 |     0.000
   4143,   |   4198.000 |   4433.580 |   218.060 |   4198.000 |   4198.000 |     0.000
   4144,   |   4198.000 |   4414.430 |   232.929 |   4198.000 |   4198.000 |     0.000
   4145,   |   4198.000 |   4425.640 |   215.403 |   4198.000 |   4198.000 |     0.000
   4146,   |   4198.000 |   4454.190 |   278.191 |   4198.000 |   4198.000 |     0.000
   4147,   |   4198.000 |   4421.870 |   222.817 |   4198.000 |   4198.000 |     0.000
   4148,   |   4198.000 |   4436.560 |   236.953 |   4198.000 |   4198.000 |     0.000
   4149,   |   4198.000 |   4412.060 |   188.607 |   4198.000 |   4198.000 |     0.000
   4150,   |   4198.000 |   4465.690 |   226.863 |   4198.000 |   4198.000 |     0.000
   4151,   |   4198.000 |   4441.950 |   221.555 |   4198.000 |   4198.000 |     0.000
   4152,   |   4198.000 |   4457.870 |   267.905 |   4198.000 |   4198.000 |     0.000
   4153,   |   4198.000 |   4443.250 |   202.683 |   4198.000 |   4198.000 |     0.000
   4154,   |   4198.000 |   4414.170 |   216.060 |   4198.000 |   4198.000 |     0.000
   4155,   |   4198.000 |   4430.320 |   220.990 |   4198.000 |   4198.000 |     0.000
   4156,   |   4198.000 |   4427.970 |   202.369 |   4198.000 |   4198.000 |     0.000
   4157,   |   4198.000 |   4433.320 |   234.355 |   4198.000 |   4198.000 |     0.000
   4158,   |   4198.000 |   4466.680 |   267.317 |   4198.000 |   4198.000 |     0.000
   4159,   |   4198.000 |   4467.840 |   211.303 |   4198.000 |   4198.000 |     0.000
   4160,   |   4198.000 |   4478.030 |   230.459 |   4198.000 |   4198.000 |     0.000
   4161,   |   4198.000 |   4418.370 |   222.887 |   4198.000 |   4198.000 |     0.000
   4162,   |   4198.000 |   4435.800 |   214.604 |   4198.000 |   4198.000 |     0.000
   4163,   |   4198.000 |   4437.080 |   208.953 |   4198.000 |   4198.000 |     0.000
   4164,   |   4198.000 |   4454.100 |   238.085 |   4198.000 |   4198.000 |     0.000
   4165,   |   4198.000 |   4399.550 |   213.142 |   4198.000 |   4198.000 |     0.000
   4166,   |   4198.000 |   4460.730 |   231.177 |   4198.000 |   4198.000 |     0.000
   4167,   |   4198.000 |   4409.780 |   223.958 |   4198.000 |   4198.000 |     0.000
   4168,   |   4198.000 |   4441.060 |   212.192 |   4198.000 |   4198.000 |     0.000
   4169,   |   4198.000 |   4447.970 |   249.860 |   4198.000 |   4198.000 |     0.000
   4170,   |   4198.000 |   4430.750 |   207.268 |   4198.000 |   4198.000 |     0.000
   4171,   |   4198.000 |   4397.490 |   210.961 |   4198.000 |   4198.000 |     0.000
   4172,   |   4198.000 |   4448.790 |   224.505 |   4198.000 |   4198.000 |     0.000
   4173,   |   4198.000 |   4459.970 |   245.005 |   4198.000 |   4198.000 |     0.000
   4174,   |   4198.000 |   4412.640 |   209.240 |   4198.000 |   4198.000 |     0.000
   4175,   |   4198.000 |   4443.510 |   230.948 |   4198.000 |   4198.000 |     0.000
   4176,   |   4198.000 |   4465.610 |   249.021 |   4198.000 |   4198.000 |     0.000
   4177,   |   4198.000 |   4480.170 |   253.844 |   4198.000 |   4198.000 |     0.000
   4178,   |   4198.000 |   4493.550 |   242.091 |   4198.000 |   4198.000 |     0.000
   4179,   |   4198.000 |   4456.880 |   262.544 |   4198.000 |   4198.000 |     0.000
   4180,   |   4198.000 |   4459.430 |   235.525 |   4198.000 |   4198.000 |     0.000
   4181,   |   4198.000 |   4540.880 |   322.615 |   4198.000 |   4198.000 |     0.000
   4182,   |   4198.000 |   4475.470 |   247.213 |   4198.000 |   4198.000 |     0.000
   4183,   |   4198.000 |   4442.640 |   239.262 |   4198.000 |   4198.000 |     0.000
   4184,   |   4198.000 |   4419.590 |   224.971 |   4198.000 |   4198.000 |     0.000
   4185,   |   4198.000 |   4414.360 |   225.469 |   4198.000 |   4198.000 |     0.000
   4186,   |   4198.000 |   4451.590 |   214.787 |   4198.000 |   4198.000 |     0.000
   4187,   |   4198.000 |   4525.310 |   336.287 |   4198.000 |   4198.000 |     0.000
   4188,   |   4198.000 |   4483.460 |   251.736 |   4198.000 |   4198.000 |     0.000
   4189,   |   4198.000 |   4480.040 |   248.450 |   4198.000 |   4198.000 |     0.000
   4190,   |   4198.000 |   4429.780 |   228.551 |   4198.000 |   4198.000 |     0.000
   4191,   |   4198.000 |   4433.390 |   215.204 |   4198.000 |   4198.000 |     0.000
   4192,   |   4198.000 |   4445.210 |   230.846 |   4198.000 |   4198.000 |     0.000
   4193,   |   4198.000 |   4427.350 |   225.276 |   4198.000 |   4198.000 |     0.000
   4194,   |   4192.000 |   4439.710 |   191.266 |   4192.000 |   4192.000 |     0.000
   4195,   |   4192.000 |   4453.400 |   243.546 |   4192.000 |   4192.000 |     0.000
   4196,   |   4192.000 |   4501.940 |   270.128 |   4192.000 |   4192.000 |     0.000
   4197,   |   4192.000 |   4522.010 |   271.828 |   4192.000 |   4192.000 |     0.000
   4198,   |   4192.000 |   4514.190 |   268.256 |   4192.000 |   4192.000 |     0.000
   4199,   |   4192.000 |   4501.120 |   260.669 |   4192.000 |   4192.000 |     0.000
   4200,   |   4192.000 |   4480.780 |   284.233 |   4192.000 |   4192.000 |     0.000
   4201,   |   4192.000 |   4407.360 |   227.603 |   4192.000 |   4192.000 |     0.000
   4202,   |   4192.000 |   4446.580 |   232.453 |   4192.000 |   4192.000 |     0.000
   4203,   |   4192.000 |   4413.990 |   235.654 |   4192.000 |   4192.000 |     0.000
   4204,   |   4192.000 |   4450.180 |   252.285 |   4192.000 |   4192.000 |     0.000
   4205,   |   4192.000 |   4430.500 |   216.528 |   4192.000 |   4192.000 |     0.000
   4206,   |   4192.000 |   4420.870 |   228.069 |   4192.000 |   4192.000 |     0.000
   4207,   |   4192.000 |   4411.050 |   227.295 |   4192.000 |   4192.000 |     0.000
   4208,   |   4192.000 |   4396.810 |   203.494 |   4192.000 |   4192.000 |     0.000
   4209,   |   4192.000 |   4421.910 |   204.311 |   4192.000 |   4192.000 |     0.000
   4210,   |   4192.000 |   4422.820 |   238.652 |   4192.000 |   4192.000 |     0.000
   4211,   |   4192.000 |   4445.230 |   253.027 |   4192.000 |   4192.000 |     0.000
   4212,   |   4192.000 |   4429.710 |   212.719 |   4192.000 |   4192.000 |     0.000
   4213,   |   4192.000 |   4427.430 |   204.882 |   4192.000 |   4192.000 |     0.000
   4214,   |   4192.000 |   4484.820 |   259.340 |   4192.000 |   4192.000 |     0.000
   4215,   |   4192.000 |   4454.220 |   261.227 |   4192.000 |   4192.000 |     0.000
   4216,   |   4192.000 |   4409.640 |   224.372 |   4192.000 |   4192.000 |     0.000
   4217,   |   4192.000 |   4406.770 |   211.313 |   4192.000 |   4192.000 |     0.000
   4218,   |   4192.000 |   4421.690 |   207.647 |   4192.000 |   4192.000 |     0.000
   4219,   |   4192.000 |   4439.900 |   209.510 |   4192.000 |   4192.000 |     0.000
   4220,   |   4192.000 |   4450.040 |   214.156 |   4192.000 |   4192.000 |     0.000
   4221,   |   4192.000 |   4439.220 |   249.778 |   4192.000 |   4192.000 |     0.000
   4222,   |   4192.000 |   4400.570 |   199.730 |   4192.000 |   4192.000 |     0.000
   4223,   |   4192.000 |   4467.360 |   239.935 |   4192.000 |   4192.000 |     0.000
   4224,   |   4192.000 |   4489.450 |   251.909 |   4192.000 |   4192.000 |     0.000
   4225,   |   4192.000 |   4434.660 |   216.595 |   4192.000 |   4192.000 |     0.000
   4226,   |   4192.000 |   4419.290 |   221.542 |   4192.000 |   4192.000 |     0.000
   4227,   |   4192.000 |   4423.000 |   225.882 |   4192.000 |   4192.000 |     0.000
   4228,   |   4192.000 |   4394.640 |   190.534 |   4192.000 |   4192.000 |     0.000
   4229,   |   4192.000 |   4424.900 |   209.462 |   4192.000 |   4192.000 |     0.000
   4230,   |   4192.000 |   4413.900 |   230.179 |   4192.000 |   4192.000 |     0.000
   4231,   |   4192.000 |   4410.160 |   219.653 |   4192.000 |   4192.000 |     0.000
   4232,   |   4192.000 |   4442.880 |   226.300 |   4192.000 |   4192.000 |     0.000
   4233,   |   4192.000 |   4412.350 |   210.377 |   4192.000 |   4192.000 |     0.000
   4234,   |   4192.000 |   4434.680 |   211.297 |   4192.000 |   4192.000 |     0.000
   4235,   |   4192.000 |   4399.000 |   197.626 |   4192.000 |   4192.000 |     0.000
   4236,   |   4192.000 |   4456.350 |   221.500 |   4192.000 |   4192.000 |     0.000
   4237,   |   4192.000 |   4438.230 |   210.398 |   4192.000 |   4192.000 |     0.000
   4238,   |   4192.000 |   4421.520 |   210.113 |   4192.000 |   4192.000 |     0.000
   4239,   |   4192.000 |   4484.550 |   225.876 |   4192.000 |   4192.000 |     0.000
   4240,   |   4192.000 |   4495.030 |   298.359 |   4192.000 |   4192.000 |     0.000
   4241,   |   4192.000 |   4431.810 |   257.101 |   4192.000 |   4192.000 |     0.000
   4242,   |   4192.000 |   4410.720 |   196.527 |   4192.000 |   4192.000 |     0.000
   4243,   |   4192.000 |   4399.380 |   233.123 |   4192.000 |   4192.000 |     0.000
   4244,   |   4192.000 |   4404.310 |   195.842 |   4192.000 |   4192.000 |     0.000
   4245,   |   4192.000 |   4459.450 |   233.764 |   4192.000 |   4192.000 |     0.000
   4246,   |   4192.000 |   4417.540 |   206.784 |   4192.000 |   4192.000 |     0.000
   4247,   |   4192.000 |   4485.250 |   267.597 |   4192.000 |   4192.000 |     0.000
   4248,   |   4192.000 |   4412.880 |   200.552 |   4192.000 |   4192.000 |     0.000
   4249,   |   4192.000 |   4399.360 |   191.715 |   4192.000 |   4192.000 |     0.000
   4250,   |   4192.000 |   4446.070 |   303.229 |   4192.000 |   4192.000 |     0.000
   4251,   |   4192.000 |   4404.560 |   228.211 |   4192.000 |   4192.000 |     0.000
   4252,   |   4192.000 |   4391.660 |   236.772 |   4192.000 |   4192.000 |     0.000
   4253,   |   4192.000 |   4415.760 |   203.464 |   4192.000 |   4192.000 |     0.000
   4254,   |   4192.000 |   4415.500 |   244.255 |   4192.000 |   4192.000 |     0.000
   4255,   |   4192.000 |   4419.500 |   224.864 |   4192.000 |   4192.000 |     0.000
   4256,   |   4192.000 |   4471.240 |   231.465 |   4192.000 |   4192.000 |     0.000
   4257,   |   4192.000 |   4439.790 |   235.440 |   4192.000 |   4192.000 |     0.000
   4258,   |   4192.000 |   4415.960 |   217.937 |   4192.000 |   4192.000 |     0.000
   4259,   |   4192.000 |   4432.290 |   218.439 |   4192.000 |   4192.000 |     0.000
   4260,   |   4192.000 |   4411.610 |   190.653 |   4192.000 |   4192.000 |     0.000
   4261,   |   4192.000 |   4434.120 |   240.553 |   4192.000 |   4192.000 |     0.000
   4262,   |   4192.000 |   4412.730 |   208.526 |   4192.000 |   4192.000 |     0.000
   4263,   |   4192.000 |   4441.070 |   227.245 |   4192.000 |   4192.000 |     0.000
   4264,   |   4192.000 |   4419.740 |   214.397 |   4192.000 |   4192.000 |     0.000
   4265,   |   4192.000 |   4427.790 |   193.813 |   4192.000 |   4192.000 |     0.000
   4266,   |   4192.000 |   4439.080 |   207.975 |   4192.000 |   4192.000 |     0.000
   4267,   |   4192.000 |   4480.600 |   240.304 |   4192.000 |   4192.000 |     0.000
   4268,   |   4192.000 |   4441.730 |   243.806 |   4192.000 |   4192.000 |     0.000
   4269,   |   4192.000 |   4422.150 |   265.698 |   4192.000 |   4192.000 |     0.000
   4270,   |   4192.000 |   4417.850 |   218.853 |   4192.000 |   4192.000 |     0.000
   4271,   |   4192.000 |   4434.810 |   204.670 |   4192.000 |   4192.000 |     0.000
   4272,   |   4192.000 |   4423.380 |   216.950 |   4192.000 |   4192.000 |     0.000
   4273,   |   4192.000 |   4476.510 |   278.143 |   4192.000 |   4192.000 |     0.000
   4274,   |   4192.000 |   4425.120 |   205.541 |   4192.000 |   4192.000 |     0.000
   4275,   |   4192.000 |   4450.680 |   261.475 |   4192.000 |   4192.000 |     0.000
   4276,   |   4192.000 |   4431.050 |   226.379 |   4192.000 |   4192.000 |     0.000
   4277,   |   4192.000 |   4471.780 |   276.746 |   4192.000 |   4192.000 |     0.000
   4278,   |   4192.000 |   4410.950 |   216.489 |   4192.000 |   4192.000 |     0.000
   4279,   |   4192.000 |   4412.250 |   209.690 |   4192.000 |   4192.000 |     0.000
   4280,   |   4192.000 |   4407.990 |   221.682 |   4192.000 |   4192.000 |     0.000
   4281,   |   4192.000 |   4432.550 |   221.182 |   4192.000 |   4192.000 |     0.000
   4282,   |   4192.000 |   4419.090 |   207.139 |   4192.000 |   4192.000 |     0.000
   4283,   |   4192.000 |   4416.520 |   229.988 |   4192.000 |   4192.000 |     0.000
   4284,   |   4192.000 |   4379.070 |   206.069 |   4192.000 |   4192.000 |     0.000
   4285,   |   4192.000 |   4452.330 |   229.478 |   4192.000 |   4192.000 |     0.000
   4286,   |   4192.000 |   4456.500 |   228.655 |   4192.000 |   4192.000 |     0.000
   4287,   |   4192.000 |   4415.200 |   217.319 |   4192.000 |   4192.000 |     0.000
   4288,   |   4192.000 |   4414.540 |   218.742 |   4192.000 |   4192.000 |     0.000
   4289,   |   4192.000 |   4410.660 |   214.488 |   4192.000 |   4192.000 |     0.000
   4290,   |   4192.000 |   4459.790 |   236.445 |   4192.000 |   4192.000 |     0.000
   4291,   |   4192.000 |   4465.620 |   254.200 |   4192.000 |   4192.000 |     0.000
   4292,   |   4192.000 |   4420.290 |   208.999 |   4192.000 |   4192.000 |     0.000
   4293,   |   4192.000 |   4408.410 |   215.567 |   4192.000 |   4192.000 |     0.000
   4294,   |   4192.000 |   4495.850 |   324.276 |   4192.000 |   4192.000 |     0.000
   4295,   |   4192.000 |   4431.550 |   197.276 |   4192.000 |   4192.000 |     0.000
   4296,   |   4192.000 |   4456.280 |   215.279 |   4192.000 |   4192.000 |     0.000
   4297,   |   4192.000 |   4457.170 |   234.320 |   4192.000 |   4192.000 |     0.000
   4298,   |   4192.000 |   4441.690 |   255.450 |   4192.000 |   4192.000 |     0.000
   4299,   |   4192.000 |   4460.290 |   240.649 |   4192.000 |   4192.000 |     0.000
   4300,   |   4192.000 |   4432.400 |   222.485 |   4192.000 |   4192.000 |     0.000
   4301,   |   4192.000 |   4438.640 |   217.707 |   4192.000 |   4192.000 |     0.000
   4302,   |   4192.000 |   4431.300 |   218.340 |   4192.000 |   4192.000 |     0.000
   4303,   |   4192.000 |   4477.400 |   282.237 |   4192.000 |   4192.000 |     0.000
   4304,   |   4192.000 |   4457.160 |   263.764 |   4192.000 |   4192.000 |     0.000
   4305,   |   4192.000 |   4402.000 |   203.512 |   4192.000 |   4192.000 |     0.000
   4306,   |   4192.000 |   4441.650 |   226.782 |   4192.000 |   4192.000 |     0.000
   4307,   |   4192.000 |   4468.330 |   256.350 |   4192.000 |   4192.000 |     0.000
   4308,   |   4192.000 |   4432.510 |   226.263 |   4192.000 |   4192.000 |     0.000
   4309,   |   4192.000 |   4419.970 |   225.985 |   4192.000 |   4192.000 |     0.000
   4310,   |   4192.000 |   4416.110 |   227.084 |   4192.000 |   4192.000 |     0.000
   4311,   |   4192.000 |   4444.670 |   242.331 |   4192.000 |   4192.000 |     0.000
   4312,   |   4192.000 |   4417.570 |   228.795 |   4192.000 |   4192.000 |     0.000
   4313,   |   4192.000 |   4433.780 |   242.754 |   4192.000 |   4192.000 |     0.000
   4314,   |   4192.000 |   4398.220 |   206.072 |   4192.000 |   4192.000 |     0.000
   4315,   |   4192.000 |   4453.230 |   226.140 |   4192.000 |   4192.000 |     0.000
   4316,   |   4192.000 |   4401.610 |   236.716 |   4192.000 |   4192.000 |     0.000
   4317,   |   4192.000 |   4415.580 |   203.727 |   4192.000 |   4192.000 |     0.000
   4318,   |   4192.000 |   4406.000 |   211.408 |   4192.000 |   4192.000 |     0.000
   4319,   |   4192.000 |   4459.160 |   213.653 |   4192.000 |   4192.000 |     0.000
   4320,   |   4192.000 |   4442.460 |   228.438 |   4192.000 |   4192.000 |     0.000
   4321,   |   4192.000 |   4414.380 |   221.712 |   4192.000 |   4192.000 |     0.000
   4322,   |   4192.000 |   4433.020 |   220.801 |   4192.000 |   4192.000 |     0.000
   4323,   |   4192.000 |   4462.530 |   259.571 |   4192.000 |   4192.000 |     0.000
   4324,   |   4192.000 |   4428.910 |   243.583 |   4192.000 |   4192.000 |     0.000
   4325,   |   4192.000 |   4419.240 |   222.694 |   4192.000 |   4192.000 |     0.000
   4326,   |   4192.000 |   4426.970 |   236.568 |   4192.000 |   4192.000 |     0.000
   4327,   |   4192.000 |   4447.010 |   207.223 |   4192.000 |   4192.000 |     0.000
   4328,   |   4192.000 |   4441.990 |   238.856 |   4192.000 |   4192.000 |     0.000
   4329,   |   4192.000 |   4430.700 |   239.214 |   4192.000 |   4192.000 |     0.000
   4330,   |   4192.000 |   4407.630 |   219.297 |   4192.000 |   4192.000 |     0.000
   4331,   |   4192.000 |   4414.580 |   202.474 |   4192.000 |   4192.000 |     0.000
   4332,   |   4192.000 |   4434.810 |   235.237 |   4192.000 |   4192.000 |     0.000
   4333,   |   4192.000 |   4449.630 |   280.100 |   4192.000 |   4192.000 |     0.000
   4334,   |   4192.000 |   4470.030 |   253.720 |   4192.000 |   4192.000 |     0.000
   4335,   |   4192.000 |   4460.440 |   256.327 |   4192.000 |   4192.000 |     0.000
   4336,   |   4192.000 |   4463.360 |   260.901 |   4192.000 |   4192.000 |     0.000
   4337,   |   4192.000 |   4386.460 |   215.914 |   4192.000 |   4192.000 |     0.000
   4338,   |   4192.000 |   4403.460 |   190.569 |   4192.000 |   4192.000 |     0.000
   4339,   |   4192.000 |   4425.060 |   218.186 |   4192.000 |   4192.000 |     0.000
   4340,   |   4192.000 |   4468.740 |   225.093 |   4192.000 |   4192.000 |     0.000
   4341,   |   4192.000 |   4450.530 |   227.571 |   4192.000 |   4192.000 |     0.000
   4342,   |   4192.000 |   4405.210 |   217.165 |   4192.000 |   4192.000 |     0.000
   4343,   |   4192.000 |   4393.950 |   210.335 |   4192.000 |   4192.000 |     0.000
   4344,   |   4192.000 |   4438.440 |   211.891 |   4192.000 |   4192.000 |     0.000
   4345,   |   4192.000 |   4461.360 |   222.237 |   4192.000 |   4192.000 |     0.000
   4346,   |   4192.000 |   4456.580 |   230.199 |   4192.000 |   4192.000 |     0.000
   4347,   |   4192.000 |   4432.090 |   240.334 |   4192.000 |   4192.000 |     0.000
   4348,   |   4192.000 |   4394.280 |   213.303 |   4192.000 |   4192.000 |     0.000
   4349,   |   4192.000 |   4424.980 |   219.116 |   4192.000 |   4192.000 |     0.000
   4350,   |   4192.000 |   4375.980 |   193.497 |   4192.000 |   4192.000 |     0.000
   4351,   |   4192.000 |   4469.250 |   227.949 |   4192.000 |   4192.000 |     0.000
   4352,   |   4192.000 |   4432.920 |   212.616 |   4192.000 |   4192.000 |     0.000
   4353,   |   4192.000 |   4450.530 |   259.094 |   4192.000 |   4192.000 |     0.000
   4354,   |   4192.000 |   4469.690 |   290.082 |   4192.000 |   4192.000 |     0.000
   4355,   |   4192.000 |   4420.090 |   238.443 |   4192.000 |   4192.000 |     0.000
   4356,   |   4192.000 |   4452.460 |   207.940 |   4192.000 |   4192.000 |     0.000
   4357,   |   4192.000 |   4498.260 |   386.211 |   4192.000 |   4192.000 |     0.000
   4358,   |   4192.000 |   4459.500 |   247.305 |   4192.000 |   4192.000 |     0.000
   4359,   |   4192.000 |   4391.840 |   194.528 |   4192.000 |   4192.000 |     0.000
   4360,   |   4192.000 |   4417.440 |   226.700 |   4192.000 |   4192.000 |     0.000
   4361,   |   4192.000 |   4419.790 |   204.712 |   4192.000 |   4192.000 |     0.000
   4362,   |   4192.000 |   4370.130 |   198.990 |   4192.000 |   4192.000 |     0.000
   4363,   |   4192.000 |   4397.690 |   199.643 |   4192.000 |   4192.000 |     0.000
   4364,   |   4192.000 |   4380.360 |   203.338 |   4192.000 |   4192.000 |     0.000
   4365,   |   4192.000 |   4423.360 |   205.535 |   4192.000 |   4192.000 |     0.000
   4366,   |   4192.000 |   4441.100 |   222.409 |   4192.000 |   4192.000 |     0.000
   4367,   |   4192.000 |   4413.420 |   265.043 |   4192.000 |   4192.000 |     0.000
   4368,   |   4192.000 |   4414.160 |   196.552 |   4192.000 |   4192.000 |     0.000
   4369,   |   4192.000 |   4390.210 |   202.038 |   4192.000 |   4192.000 |     0.000
   4370,   |   4192.000 |   4425.880 |   209.170 |   4192.000 |   4192.000 |     0.000
   4371,   |   4192.000 |   4432.960 |   226.555 |   4192.000 |   4192.000 |     0.000
   4372,   |   4192.000 |   4454.120 |   218.379 |   4192.000 |   4192.000 |     0.000
   4373,   |   4192.000 |   4414.380 |   247.794 |   4192.000 |   4192.000 |     0.000
   4374,   |   4192.000 |   4438.700 |   225.418 |   4192.000 |   4192.000 |     0.000
   4375,   |   4192.000 |   4413.380 |   209.461 |   4192.000 |   4192.000 |     0.000
   4376,   |   4192.000 |   4414.180 |   227.292 |   4192.000 |   4192.000 |     0.000
   4377,   |   4192.000 |   4451.890 |   218.689 |   4192.000 |   4192.000 |     0.000
   4378,   |   4192.000 |   4407.890 |   210.271 |   4192.000 |   4192.000 |     0.000
   4379,   |   4192.000 |   4420.890 |   206.126 |   4192.000 |   4192.000 |     0.000
   4380,   |   4192.000 |   4374.900 |   191.954 |   4192.000 |   4192.000 |     0.000
   4381,   |   4192.000 |   4387.630 |   218.323 |   4192.000 |   4192.000 |     0.000
   4382,   |   4192.000 |   4412.100 |   200.980 |   4192.000 |   4192.000 |     0.000
   4383,   |   4192.000 |   4426.370 |   227.215 |   4192.000 |   4192.000 |     0.000
   4384,   |   4192.000 |   4447.200 |   223.762 |   4192.000 |   4192.000 |     0.000
   4385,   |   4192.000 |   4449.650 |   233.383 |   4192.000 |   4192.000 |     0.000
   4386,   |   4192.000 |   4431.970 |   214.284 |   4192.000 |   4192.000 |     0.000
   4387,   |   4192.000 |   4488.010 |   231.207 |   4192.000 |   4192.000 |     0.000
   4388,   |   4156.000 |   4444.220 |   246.835 |   4156.000 |   4156.000 |     0.000
   4389,   |   4156.000 |   4440.580 |   248.119 |   4156.000 |   4156.000 |     0.000
   4390,   |   4156.000 |   4443.000 |   262.146 |   4156.000 |   4156.000 |     0.000
   4391,   |   4156.000 |   4547.940 |   390.305 |   4156.000 |   4156.000 |     0.000
   4392,   |   4156.000 |   4490.240 |   328.482 |   4156.000 |   4156.000 |     0.000
   4393,   |   4156.000 |   4436.510 |   220.828 |   4156.000 |   4156.000 |     0.000
   4394,   |   4156.000 |   4411.800 |   224.846 |   4156.000 |   4156.000 |     0.000
   4395,   |   4156.000 |   4361.290 |   196.320 |   4156.000 |   4156.000 |     0.000
   4396,   |   4156.000 |   4411.500 |   224.992 |   4156.000 |   4156.000 |     0.000
   4397,   |   4156.000 |   4377.530 |   213.468 |   4156.000 |   4156.000 |     0.000
   4398,   |   4156.000 |   4392.710 |   214.138 |   4156.000 |   4156.000 |     0.000
   4399,   |   4156.000 |   4423.550 |   221.650 |   4156.000 |   4156.000 |     0.000
   4400,   |   4156.000 |   4432.890 |   251.124 |   4156.000 |   4156.000 |     0.000
   4401,   |   4156.000 |   4358.480 |   190.664 |   4156.000 |   4156.000 |     0.000
   4402,   |   4156.000 |   4403.140 |   218.429 |   4156.000 |   4156.000 |     0.000
   4403,   |   4156.000 |   4361.230 |   219.445 |   4156.000 |   4156.000 |     0.000
   4404,   |   4156.000 |   4376.580 |   211.785 |   4156.000 |   4156.000 |     0.000
   4405,   |   4156.000 |   4375.790 |   236.710 |   4156.000 |   4156.000 |     0.000
   4406,   |   4156.000 |   4375.940 |   234.554 |   4156.000 |   4156.000 |     0.000
   4407,   |   4156.000 |   4359.080 |   199.327 |   4156.000 |   4156.000 |     0.000
   4408,   |   4156.000 |   4426.460 |   215.856 |   4156.000 |   4156.000 |     0.000
   4409,   |   4156.000 |   4438.770 |   267.330 |   4156.000 |   4156.000 |     0.000
   4410,   |   4156.000 |   4381.230 |   225.735 |   4156.000 |   4156.000 |     0.000
   4411,   |   4156.000 |   4463.560 |   223.174 |   4156.000 |   4156.000 |     0.000
   4412,   |   4156.000 |   4419.490 |   301.311 |   4156.000 |   4156.000 |     0.000
   4413,   |   4156.000 |   4354.870 |   179.235 |   4156.000 |   4156.000 |     0.000
   4414,   |   4156.000 |   4415.700 |   271.764 |   4156.000 |   4156.000 |     0.000
   4415,   |   4156.000 |   4401.210 |   238.885 |   4156.000 |   4156.000 |     0.000
   4416,   |   4156.000 |   4397.170 |   217.046 |   4156.000 |   4156.000 |     0.000
   4417,   |   4156.000 |   4413.260 |   258.553 |   4156.000 |   4156.000 |     0.000
   4418,   |   4156.000 |   4389.570 |   218.136 |   4156.000 |   4156.000 |     0.000
   4419,   |   4156.000 |   4400.520 |   238.492 |   4156.000 |   4156.000 |     0.000
   4420,   |   4156.000 |   4358.820 |   218.249 |   4156.000 |   4156.000 |     0.000
   4421,   |   4156.000 |   4343.610 |   212.091 |   4156.000 |   4156.000 |     0.000
   4422,   |   4156.000 |   4386.170 |   226.597 |   4156.000 |   4156.000 |     0.000
   4423,   |   4156.000 |   4396.060 |   229.810 |   4156.000 |   4156.000 |     0.000
   4424,   |   4156.000 |   4382.230 |   241.614 |   4156.000 |   4156.000 |     0.000
   4425,   |   4156.000 |   4398.520 |   239.083 |   4156.000 |   4156.000 |     0.000
   4426,   |   4156.000 |   4344.560 |   220.128 |   4156.000 |   4156.000 |     0.000
   4427,   |   4156.000 |   4396.590 |   238.099 |   4156.000 |   4156.000 |     0.000
   4428,   |   4156.000 |   4373.000 |   214.784 |   4156.000 |   4156.000 |     0.000
   4429,   |   4156.000 |   4413.480 |   242.599 |   4156.000 |   4156.000 |     0.000
   4430,   |   4156.000 |   4405.400 |   216.926 |   4156.000 |   4156.000 |     0.000
   4431,   |   4156.000 |   4364.310 |   200.248 |   4156.000 |   4156.000 |     0.000
   4432,   |   4156.000 |   4389.030 |   221.048 |   4156.000 |   4156.000 |     0.000
   4433,   |   4156.000 |   4428.360 |   232.353 |   4156.000 |   4156.000 |     0.000
   4434,   |   4156.000 |   4397.540 |   232.574 |   4156.000 |   4156.000 |     0.000
   4435,   |   4156.000 |   4401.130 |   232.240 |   4156.000 |   4156.000 |     0.000
   4436,   |   4156.000 |   4373.420 |   209.208 |   4156.000 |   4156.000 |     0.000
   4437,   |   4156.000 |   4410.760 |   227.214 |   4156.000 |   4156.000 |     0.000
   4438,   |   4156.000 |   4398.190 |   239.223 |   4156.000 |   4156.000 |     0.000
   4439,   |   4156.000 |   4387.510 |   214.551 |   4156.000 |   4156.000 |     0.000
   4440,   |   4156.000 |   4399.620 |   218.867 |   4156.000 |   4156.000 |     0.000
   4441,   |   4156.000 |   4430.100 |   303.448 |   4156.000 |   4156.000 |     0.000
   4442,   |   4156.000 |   4375.420 |   202.224 |   4156.000 |   4156.000 |     0.000
   4443,   |   4156.000 |   4382.750 |   233.249 |   4156.000 |   4156.000 |     0.000
   4444,   |   4156.000 |   4413.630 |   220.443 |   4156.000 |   4156.000 |     0.000
   4445,   |   4156.000 |   4411.980 |   192.524 |   4156.000 |   4156.000 |     0.000
   4446,   |   4156.000 |   4415.560 |   229.785 |   4156.000 |   4156.000 |     0.000
   4447,   |   4156.000 |   4452.180 |   279.107 |   4156.000 |   4156.000 |     0.000
   4448,   |   4156.000 |   4435.980 |   227.835 |   4156.000 |   4156.000 |     0.000
   4449,   |   4156.000 |   4399.310 |   250.996 |   4156.000 |   4156.000 |     0.000
   4450,   |   4156.000 |   4362.280 |   210.891 |   4156.000 |   4156.000 |     0.000
   4451,   |   4156.000 |   4335.240 |   191.344 |   4156.000 |   4156.000 |     0.000
   4452,   |   4156.000 |   4406.440 |   211.756 |   4156.000 |   4156.000 |     0.000
   4453,   |   4156.000 |   4368.050 |   218.348 |   4156.000 |   4156.000 |     0.000
   4454,   |   4156.000 |   4406.730 |   223.889 |   4156.000 |   4156.000 |     0.000
   4455,   |   4156.000 |   4362.160 |   207.872 |   4156.000 |   4156.000 |     0.000
   4456,   |   4156.000 |   4360.920 |   225.836 |   4156.000 |   4156.000 |     0.000
   4457,   |   4156.000 |   4378.140 |   230.336 |   4156.000 |   4156.000 |     0.000
   4458,   |   4156.000 |   4406.870 |   236.033 |   4156.000 |   4156.000 |     0.000
   4459,   |   4156.000 |   4329.840 |   192.331 |   4156.000 |   4156.000 |     0.000
   4460,   |   4156.000 |   4400.100 |   219.639 |   4156.000 |   4156.000 |     0.000
   4461,   |   4156.000 |   4386.120 |   275.978 |   4156.000 |   4156.000 |     0.000
   4462,   |   4156.000 |   4405.920 |   230.393 |   4156.000 |   4156.000 |     0.000
   4463,   |   4156.000 |   4389.500 |   246.921 |   4156.000 |   4156.000 |     0.000
   4464,   |   4156.000 |   4387.190 |   212.818 |   4156.000 |   4156.000 |     0.000
   4465,   |   4156.000 |   4375.330 |   225.279 |   4156.000 |   4156.000 |     0.000
   4466,   |   4156.000 |   4402.350 |   198.301 |   4156.000 |   4156.000 |     0.000
   4467,   |   4156.000 |   4431.950 |   280.445 |   4156.000 |   4156.000 |     0.000
   4468,   |   4156.000 |   4432.530 |   222.201 |   4156.000 |   4156.000 |     0.000
   4469,   |   4156.000 |   4431.630 |   263.236 |   4156.000 |   4156.000 |     0.000
   4470,   |   4156.000 |   4398.140 |   236.288 |   4156.000 |   4156.000 |     0.000
   4471,   |   4156.000 |   4419.520 |   221.286 |   4156.000 |   4156.000 |     0.000
   4472,   |   4156.000 |   4384.630 |   227.866 |   4156.000 |   4156.000 |     0.000
   4473,   |   4156.000 |   4377.130 |   200.820 |   4156.000 |   4156.000 |     0.000
   4474,   |   4156.000 |   4354.280 |   194.860 |   4156.000 |   4156.000 |     0.000
   4475,   |   4156.000 |   4416.130 |   259.567 |   4156.000 |   4156.000 |     0.000
   4476,   |   4156.000 |   4416.080 |   226.350 |   4156.000 |   4156.000 |     0.000
   4477,   |   4156.000 |   4405.540 |   278.266 |   4156.000 |   4156.000 |     0.000
   4478,   |   4156.000 |   4463.460 |   253.390 |   4156.000 |   4156.000 |     0.000
   4479,   |   4156.000 |   4415.930 |   249.942 |   4156.000 |   4156.000 |     0.000
   4480,   |   4156.000 |   4446.500 |   227.362 |   4156.000 |   4156.000 |     0.000
   4481,   |   4156.000 |   4463.670 |   286.398 |   4156.000 |   4156.000 |     0.000
   4482,   |   4156.000 |   4427.590 |   257.300 |   4156.000 |   4156.000 |     0.000
   4483,   |   4156.000 |   4363.970 |   208.403 |   4156.000 |   4156.000 |     0.000
   4484,   |   4156.000 |   4371.960 |   214.146 |   4156.000 |   4156.000 |     0.000
   4485,   |   4156.000 |   4383.510 |   214.384 |   4156.000 |   4156.000 |     0.000
   4486,   |   4156.000 |   4410.990 |   220.143 |   4156.000 |   4156.000 |     0.000
   4487,   |   4156.000 |   4435.630 |   237.270 |   4156.000 |   4156.000 |     0.000
   4488,   |   4156.000 |   4402.260 |   239.409 |   4156.000 |   4156.000 |     0.000
   4489,   |   4156.000 |   4432.170 |   311.363 |   4156.000 |   4156.000 |     0.000
   4490,   |   4156.000 |   4392.080 |   254.773 |   4156.000 |   4156.000 |     0.000
   4491,   |   4156.000 |   4371.950 |   227.866 |   4156.000 |   4156.000 |     0.000
   4492,   |   4156.000 |   4404.010 |   225.078 |   4156.000 |   4156.000 |     0.000
   4493,   |   4156.000 |   4379.100 |   221.360 |   4156.000 |   4156.000 |     0.000
   4494,   |   4156.000 |   4418.130 |   231.939 |   4156.000 |   4156.000 |     0.000
   4495,   |   4156.000 |   4416.910 |   218.142 |   4156.000 |   4156.000 |     0.000
   4496,   |   4156.000 |   4385.430 |   206.122 |   4156.000 |   4156.000 |     0.000
   4497,   |   4156.000 |   4402.610 |   223.893 |   4156.000 |   4156.000 |     0.000
   4498,   |   4156.000 |   4396.640 |   209.345 |   4156.000 |   4156.000 |     0.000
   4499,   |   4156.000 |   4428.520 |   292.958 |   4156.000 |   4156.000 |     0.000
   4500,   |   4156.000 |   4406.920 |   213.884 |   4156.000 |   4156.000 |     0.000
   4501,   |   4156.000 |   4356.780 |   206.246 |   4156.000 |   4156.000 |     0.000
   4502,   |   4156.000 |   4376.680 |   208.568 |   4156.000 |   4156.000 |     0.000
   4503,   |   4156.000 |   4351.380 |   175.292 |   4156.000 |   4156.000 |     0.000
   4504,   |   4156.000 |   4403.480 |   242.032 |   4156.000 |   4156.000 |     0.000
   4505,   |   4156.000 |   4359.540 |   200.548 |   4156.000 |   4156.000 |     0.000
   4506,   |   4156.000 |   4394.290 |   240.147 |   4156.000 |   4156.000 |     0.000
   4507,   |   4156.000 |   4398.750 |   239.316 |   4156.000 |   4156.000 |     0.000
   4508,   |   4156.000 |   4394.240 |   226.894 |   4156.000 |   4156.000 |     0.000
   4509,   |   4156.000 |   4441.130 |   301.663 |   4156.000 |   4156.000 |     0.000
   4510,   |   4156.000 |   4416.450 |   217.853 |   4156.000 |   4156.000 |     0.000
   4511,   |   4156.000 |   4418.060 |   224.623 |   4156.000 |   4156.000 |     0.000
   4512,   |   4156.000 |   4408.680 |   230.011 |   4156.000 |   4156.000 |     0.000
   4513,   |   4156.000 |   4373.960 |   220.676 |   4156.000 |   4156.000 |     0.000
   4514,   |   4156.000 |   4398.990 |   208.842 |   4156.000 |   4156.000 |     0.000
   4515,   |   4156.000 |   4396.880 |   235.146 |   4156.000 |   4156.000 |     0.000
   4516,   |   4156.000 |   4413.230 |   210.197 |   4156.000 |   4156.000 |     0.000
   4517,   |   4156.000 |   4406.220 |   230.986 |   4156.000 |   4156.000 |     0.000
   4518,   |   4156.000 |   4419.210 |   244.719 |   4156.000 |   4156.000 |     0.000
   4519,   |   4156.000 |   4413.290 |   227.343 |   4156.000 |   4156.000 |     0.000
   4520,   |   4156.000 |   4411.430 |   239.173 |   4156.000 |   4156.000 |     0.000
   4521,   |   4156.000 |   4397.690 |   238.901 |   4156.000 |   4156.000 |     0.000
   4522,   |   4156.000 |   4457.010 |   236.510 |   4156.000 |   4156.000 |     0.000
   4523,   |   4156.000 |   4397.680 |   226.238 |   4156.000 |   4156.000 |     0.000
   4524,   |   4156.000 |   4392.720 |   221.824 |   4156.000 |   4156.000 |     0.000
   4525,   |   4156.000 |   4392.260 |   222.626 |   4156.000 |   4156.000 |     0.000
   4526,   |   4156.000 |   4369.170 |   223.312 |   4156.000 |   4156.000 |     0.000
   4527,   |   4156.000 |   4401.440 |   205.140 |   4156.000 |   4156.000 |     0.000
   4528,   |   4156.000 |   4393.200 |   213.701 |   4156.000 |   4156.000 |     0.000
   4529,   |   4156.000 |   4422.980 |   243.248 |   4156.000 |   4156.000 |     0.000
   4530,   |   4156.000 |   4422.700 |   225.616 |   4156.000 |   4156.000 |     0.000
   4531,   |   4156.000 |   4439.570 |   270.927 |   4156.000 |   4156.000 |     0.000
   4532,   |   4156.000 |   4375.380 |   215.183 |   4156.000 |   4156.000 |     0.000
   4533,   |   4156.000 |   4389.900 |   215.391 |   4156.000 |   4156.000 |     0.000
   4534,   |   4156.000 |   4400.320 |   216.730 |   4156.000 |   4156.000 |     0.000
   4535,   |   4156.000 |   4365.610 |   218.251 |   4156.000 |   4156.000 |     0.000
   4536,   |   4156.000 |   4354.330 |   183.998 |   4156.000 |   4156.000 |     0.000
   4537,   |   4156.000 |   4380.780 |   227.612 |   4156.000 |   4156.000 |     0.000
   4538,   |   4156.000 |   4439.510 |   278.878 |   4156.000 |   4156.000 |     0.000
   4539,   |   4156.000 |   4396.280 |   231.323 |   4156.000 |   4156.000 |     0.000
   4540,   |   4156.000 |   4406.940 |   232.643 |   4156.000 |   4156.000 |     0.000
   4541,   |   4156.000 |   4455.680 |   272.818 |   4156.000 |   4156.000 |     0.000
   4542,   |   4156.000 |   4423.770 |   246.621 |   4156.000 |   4156.000 |     0.000
   4543,   |   4156.000 |   4436.910 |   279.491 |   4156.000 |   4156.000 |     0.000
   4544,   |   4156.000 |   4374.080 |   212.019 |   4156.000 |   4156.000 |     0.000
   4545,   |   4156.000 |   4376.530 |   246.850 |   4156.000 |   4156.000 |     0.000
   4546,   |   4156.000 |   4423.840 |   222.305 |   4156.000 |   4156.000 |     0.000
   4547,   |   4156.000 |   4375.950 |   194.010 |   4156.000 |   4156.000 |     0.000
   4548,   |   4156.000 |   4416.520 |   231.513 |   4156.000 |   4156.000 |     0.000
   4549,   |   4156.000 |   4422.690 |   240.886 |   4156.000 |   4156.000 |     0.000
   4550,   |   4156.000 |   4387.500 |   222.882 |   4156.000 |   4156.000 |     0.000
   4551,   |   4156.000 |   4385.420 |   217.789 |   4156.000 |   4156.000 |     0.000
   4552,   |   4156.000 |   4374.900 |   195.769 |   4156.000 |   4156.000 |     0.000
   4553,   |   4156.000 |   4417.850 |   206.704 |   4156.000 |   4156.000 |     0.000
   4554,   |   4156.000 |   4471.340 |   260.995 |   4156.000 |   4156.000 |     0.000
   4555,   |   4156.000 |   4418.840 |   241.434 |   4156.000 |   4156.000 |     0.000
   4556,   |   4156.000 |   4414.600 |   229.033 |   4156.000 |   4156.000 |     0.000
   4557,   |   4156.000 |   4374.600 |   191.942 |   4156.000 |   4156.000 |     0.000
   4558,   |   4156.000 |   4377.040 |   212.378 |   4156.000 |   4156.000 |     0.000
   4559,   |   4156.000 |   4420.390 |   227.652 |   4156.000 |   4156.000 |     0.000
   4560,   |   4156.000 |   4410.360 |   222.413 |   4156.000 |   4156.000 |     0.000
   4561,   |   4156.000 |   4374.430 |   207.222 |   4156.000 |   4156.000 |     0.000
   4562,   |   4156.000 |   4415.480 |   234.581 |   4156.000 |   4156.000 |     0.000
   4563,   |   4156.000 |   4425.380 |   232.078 |   4156.000 |   4156.000 |     0.000
   4564,   |   4156.000 |   4385.820 |   233.795 |   4156.000 |   4156.000 |     0.000
   4565,   |   4156.000 |   4364.690 |   230.643 |   4156.000 |   4156.000 |     0.000
   4566,   |   4156.000 |   4393.880 |   215.728 |   4156.000 |   4156.000 |     0.000
   4567,   |   4156.000 |   4382.710 |   205.659 |   4156.000 |   4156.000 |     0.000
   4568,   |   4156.000 |   4373.620 |   211.054 |   4156.000 |   4156.000 |     0.000
   4569,   |   4156.000 |   4348.840 |   201.098 |   4156.000 |   4156.000 |     0.000
   4570,   |   4156.000 |   4365.280 |   219.658 |   4156.000 |   4156.000 |     0.000
   4571,   |   4156.000 |   4383.590 |   216.151 |   4156.000 |   4156.000 |     0.000
   4572,   |   4156.000 |   4415.440 |   229.125 |   4156.000 |   4156.000 |     0.000
   4573,   |   4156.000 |   4372.860 |   212.421 |   4156.000 |   4156.000 |     0.000
   4574,   |   4156.000 |   4384.040 |   208.243 |   4156.000 |   4156.000 |     0.000
   4575,   |   4156.000 |   4354.950 |   215.453 |   4156.000 |   4156.000 |     0.000
   4576,   |   4156.000 |   4352.500 |   206.743 |   4156.000 |   4156.000 |     0.000
   4577,   |   4156.000 |   4424.970 |   235.553 |   4156.000 |   4156.000 |     0.000
   4578,   |   4156.000 |   4405.770 |   239.248 |   4156.000 |   4156.000 |     0.000
   4579,   |   4156.000 |   4407.140 |   217.473 |   4156.000 |   4156.000 |     0.000
   4580,   |   4156.000 |   4433.880 |   257.650 |   4156.000 |   4156.000 |     0.000
   4581,   |   4156.000 |   4409.180 |   232.777 |   4156.000 |   4156.000 |     0.000
   4582,   |   4156.000 |   4404.840 |   208.032 |   4156.000 |   4156.000 |     0.000
   4583,   |   4156.000 |   4382.870 |   216.360 |   4156.000 |   4156.000 |     0.000
   4584,   |   4156.000 |   4397.100 |   225.005 |   4156.000 |   4156.000 |     0.000
   4585,   |   4156.000 |   4406.290 |   214.325 |   4156.000 |   4156.000 |     0.000
   4586,   |   4156.000 |   4378.980 |   212.984 |   4156.000 |   4156.000 |     0.000
   4587,   |   4156.000 |   4386.390 |   204.873 |   4156.000 |   4156.000 |     0.000
   4588,   |   4156.000 |   4391.500 |   228.000 |   4156.000 |   4156.000 |     0.000
   4589,   |   4156.000 |   4412.690 |   232.154 |   4156.000 |   4156.000 |     0.000
   4590,   |   4156.000 |   4372.210 |   223.927 |   4156.000 |   4156.000 |     0.000
   4591,   |   4156.000 |   4360.030 |   190.833 |   4156.000 |   4156.000 |     0.000
   4592,   |   4156.000 |   4408.860 |   219.342 |   4156.000 |   4156.000 |     0.000
   4593,   |   4156.000 |   4404.450 |   232.287 |   4156.000 |   4156.000 |     0.000
   4594,   |   4156.000 |   4402.790 |   215.401 |   4156.000 |   4156.000 |     0.000
   4595,   |   4156.000 |   4398.060 |   225.527 |   4156.000 |   4156.000 |     0.000
   4596,   |   4156.000 |   4380.600 |   203.966 |   4156.000 |   4156.000 |     0.000
   4597,   |   4156.000 |   4407.340 |   266.092 |   4156.000 |   4156.000 |     0.000
   4598,   |   4156.000 |   4366.230 |   204.009 |   4156.000 |   4156.000 |     0.000
   4599,   |   4156.000 |   4394.660 |   243.085 |   4156.000 |   4156.000 |     0.000
   4600,   |   4156.000 |   4363.740 |   191.837 |   4156.000 |   4156.000 |     0.000
   4601,   |   4156.000 |   4386.500 |   284.128 |   4156.000 |   4156.000 |     0.000
   4602,   |   4156.000 |   4397.760 |   221.504 |   4156.000 |   4156.000 |     0.000
   4603,   |   4156.000 |   4409.880 |   267.141 |   4156.000 |   4156.000 |     0.000
   4604,   |   4156.000 |   4404.230 |   231.623 |   4156.000 |   4156.000 |     0.000
   4605,   |   4156.000 |   4440.410 |   248.593 |   4156.000 |   4156.000 |     0.000
   4606,   |   4156.000 |   4394.530 |   223.909 |   4156.000 |   4156.000 |     0.000
   4607,   |   4156.000 |   4376.670 |   225.212 |   4156.000 |   4156.000 |     0.000
   4608,   |   4156.000 |   4416.070 |   230.295 |   4156.000 |   4156.000 |     0.000
   4609,   |   4156.000 |   4441.010 |   263.802 |   4156.000 |   4156.000 |     0.000
   4610,   |   4156.000 |   4401.840 |   256.964 |   4156.000 |   4156.000 |     0.000
   4611,   |   4156.000 |   4424.460 |   244.003 |   4156.000 |   4156.000 |     0.000
   4612,   |   4156.000 |   4420.940 |   221.828 |   4156.000 |   4156.000 |     0.000
   4613,   |   4156.000 |   4372.000 |   198.775 |   4156.000 |   4156.000 |     0.000
   4614,   |   4156.000 |   4402.960 |   212.485 |   4156.000 |   4156.000 |     0.000
   4615,   |   4156.000 |   4401.830 |   214.481 |   4156.000 |   4156.000 |     0.000
   4616,   |   4156.000 |   4403.340 |   254.411 |   4156.000 |   4156.000 |     0.000
   4617,   |   4156.000 |   4350.860 |   215.933 |   4156.000 |   4156.000 |     0.000
   4618,   |   4156.000 |   4419.070 |   216.421 |   4156.000 |   4156.000 |     0.000
   4619,   |   4156.000 |   4442.810 |   252.889 |   4156.000 |   4156.000 |     0.000
   4620,   |   4156.000 |   4422.810 |   235.836 |   4156.000 |   4156.000 |     0.000
   4621,   |   4156.000 |   4336.740 |   212.131 |   4156.000 |   4156.000 |     0.000
   4622,   |   4156.000 |   4359.470 |   216.239 |   4156.000 |   4156.000 |     0.000
   4623,   |   4156.000 |   4442.360 |   236.063 |   4156.000 |   4156.000 |     0.000
   4624,   |   4156.000 |   4402.980 |   228.585 |   4156.000 |   4156.000 |     0.000
   4625,   |   4156.000 |   4440.270 |   225.435 |   4156.000 |   4156.000 |     0.000
   4626,   |   4156.000 |   4471.620 |   280.192 |   4156.000 |   4156.000 |     0.000
   4627,   |   4156.000 |   4465.500 |   287.778 |   4156.000 |   4156.000 |     0.000
   4628,   |   4156.000 |   4374.330 |   205.650 |   4156.000 |   4156.000 |     0.000
   4629,   |   4156.000 |   4338.350 |   193.371 |   4156.000 |   4156.000 |     0.000
   4630,   |   4156.000 |   4392.930 |   210.697 |   4156.000 |   4156.000 |     0.000
   4631,   |   4156.000 |   4437.660 |   222.644 |   4156.000 |   4156.000 |     0.000
   4632,   |   4156.000 |   4449.090 |   314.720 |   4156.000 |   4156.000 |     0.000
   4633,   |   4156.000 |   4397.710 |   240.941 |   4156.000 |   4156.000 |     0.000
   4634,   |   4156.000 |   4417.330 |   268.331 |   4156.000 |   4156.000 |     0.000
   4635,   |   4156.000 |   4359.540 |   215.103 |   4156.000 |   4156.000 |     0.000
   4636,   |   4156.000 |   4411.270 |   214.899 |   4156.000 |   4156.000 |     0.000
   4637,   |   4156.000 |   4405.070 |   211.965 |   4156.000 |   4156.000 |     0.000
   4638,   |   4156.000 |   4394.170 |   200.542 |   4156.000 |   4156.000 |     0.000
   4639,   |   4156.000 |   4425.210 |   272.833 |   4156.000 |   4156.000 |     0.000
   4640,   |   4156.000 |   4372.470 |   228.059 |   4156.000 |   4156.000 |     0.000
   4641,   |   4156.000 |   4363.120 |   202.232 |   4156.000 |   4156.000 |     0.000
   4642,   |   4156.000 |   4345.920 |   180.973 |   4156.000 |   4156.000 |     0.000
   4643,   |   4156.000 |   4394.640 |   260.780 |   4156.000 |   4156.000 |     0.000
   4644,   |   4156.000 |   4378.090 |   196.139 |   4156.000 |   4156.000 |     0.000
   4645,   |   4156.000 |   4335.350 |   182.409 |   4156.000 |   4156.000 |     0.000
   4646,   |   4156.000 |   4403.190 |   213.252 |   4156.000 |   4156.000 |     0.000
   4647,   |   4156.000 |   4436.850 |   279.150 |   4156.000 |   4156.000 |     0.000
   4648,   |   4156.000 |   4416.460 |   262.226 |   4156.000 |   4156.000 |     0.000
   4649,   |   4156.000 |   4406.440 |   244.797 |   4156.000 |   4156.000 |     0.000
   4650,   |   4156.000 |   4395.860 |   236.487 |   4156.000 |   4156.000 |     0.000
   4651,   |   4156.000 |   4333.940 |   188.732 |   4156.000 |   4156.000 |     0.000
   4652,   |   4156.000 |   4412.760 |   239.040 |   4156.000 |   4156.000 |     0.000
   4653,   |   4156.000 |   4413.910 |   220.041 |   4156.000 |   4156.000 |     0.000
   4654,   |   4156.000 |   4378.880 |   225.420 |   4156.000 |   4156.000 |     0.000
   4655,   |   4156.000 |   4369.240 |   195.402 |   4156.000 |   4156.000 |     0.000
   4656,   |   4156.000 |   4393.460 |   221.056 |   4156.000 |   4156.000 |     0.000
   4657,   |   4156.000 |   4380.710 |   213.744 |   4156.000 |   4156.000 |     0.000
   4658,   |   4156.000 |   4399.280 |   255.932 |   4156.000 |   4156.000 |     0.000
   4659,   |   4156.000 |   4428.930 |   242.917 |   4156.000 |   4156.000 |     0.000
   4660,   |   4156.000 |   4393.160 |   191.020 |   4156.000 |   4156.000 |     0.000
   4661,   |   4156.000 |   4358.900 |   208.270 |   4156.000 |   4156.000 |     0.000
   4662,   |   4156.000 |   4369.560 |   207.817 |   4156.000 |   4156.000 |     0.000
   4663,   |   4156.000 |   4406.000 |   220.824 |   4156.000 |   4156.000 |     0.000
   4664,   |   4156.000 |   4376.360 |   214.225 |   4156.000 |   4156.000 |     0.000
   4665,   |   4156.000 |   4367.010 |   190.271 |   4156.000 |   4156.000 |     0.000
   4666,   |   4156.000 |   4365.790 |   208.334 |   4156.000 |   4156.000 |     0.000
   4667,   |   4156.000 |   4390.200 |   226.534 |   4156.000 |   4156.000 |     0.000
   4668,   |   4156.000 |   4351.440 |   212.831 |   4156.000 |   4156.000 |     0.000
   4669,   |   4156.000 |   4385.590 |   212.997 |   4156.000 |   4156.000 |     0.000
   4670,   |   4156.000 |   4387.410 |   202.373 |   4156.000 |   4156.000 |     0.000
   4671,   |   4156.000 |   4425.310 |   259.436 |   4156.000 |   4156.000 |     0.000
   4672,   |   4156.000 |   4381.170 |   242.691 |   4156.000 |   4156.000 |     0.000
   4673,   |   4156.000 |   4412.050 |   224.830 |   4156.000 |   4156.000 |     0.000
   4674,   |   4156.000 |   4368.800 |   203.600 |   4156.000 |   4156.000 |     0.000
   4675,   |   4156.000 |   4409.460 |   236.140 |   4156.000 |   4156.000 |     0.000
   4676,   |   4156.000 |   4393.850 |   224.948 |   4156.000 |   4156.000 |     0.000
   4677,   |   4156.000 |   4373.590 |   217.321 |   4156.000 |   4156.000 |     0.000
   4678,   |   4156.000 |   4329.680 |   189.987 |   4156.000 |   4156.000 |     0.000
   4679,   |   4156.000 |   4420.100 |   224.185 |   4156.000 |   4156.000 |     0.000
   4680,   |   4156.000 |   4381.680 |   216.732 |   4156.000 |   4156.000 |     0.000
   4681,   |   4156.000 |   4372.670 |   211.151 |   4156.000 |   4156.000 |     0.000
   4682,   |   4156.000 |   4413.950 |   228.582 |   4156.000 |   4156.000 |     0.000
   4683,   |   4156.000 |   4408.180 |   243.118 |   4156.000 |   4156.000 |     0.000
   4684,   |   4156.000 |   4406.840 |   231.042 |   4156.000 |   4156.000 |     0.000
   4685,   |   4156.000 |   4436.700 |   241.820 |   4156.000 |   4156.000 |     0.000
   4686,   |   4156.000 |   4390.100 |   191.595 |   4156.000 |   4156.000 |     0.000
   4687,   |   4156.000 |   4361.580 |   180.736 |   4156.000 |   4156.000 |     0.000
   4688,   |   4156.000 |   4340.890 |   189.678 |   4156.000 |   4156.000 |     0.000
   4689,   |   4156.000 |   4455.430 |   264.616 |   4156.000 |   4156.000 |     0.000
   4690,   |   4156.000 |   4381.890 |   244.775 |   4156.000 |   4156.000 |     0.000
   4691,   |   4156.000 |   4386.980 |   216.452 |   4156.000 |   4156.000 |     0.000
   4692,   |   4156.000 |   4425.700 |   244.645 |   4156.000 |   4156.000 |     0.000
   4693,   |   4156.000 |   4404.010 |   198.525 |   4156.000 |   4156.000 |     0.000
   4694,   |   4156.000 |   4405.330 |   218.671 |   4156.000 |   4156.000 |     0.000
   4695,   |   4156.000 |   4401.680 |   247.307 |   4156.000 |   4156.000 |     0.000
   4696,   |   4156.000 |   4378.400 |   210.605 |   4156.000 |   4156.000 |     0.000
   4697,   |   4156.000 |   4357.640 |   221.958 |   4156.000 |   4156.000 |     0.000
   4698,   |   4156.000 |   4383.560 |   213.716 |   4156.000 |   4156.000 |     0.000
   4699,   |   4156.000 |   4436.080 |   236.869 |   4156.000 |   4156.000 |     0.000
   4700,   |   4156.000 |   4421.390 |   267.008 |   4156.000 |   4156.000 |     0.000
   4701,   |   4156.000 |   4381.480 |   228.971 |   4156.000 |   4156.000 |     0.000
   4702,   |   4156.000 |   4404.650 |   214.950 |   4156.000 |   4156.000 |     0.000
   4703,   |   4156.000 |   4388.260 |   228.377 |   4156.000 |   4156.000 |     0.000
   4704,   |   4156.000 |   4377.380 |   220.132 |   4156.000 |   4156.000 |     0.000
   4705,   |   4156.000 |   4446.930 |   253.202 |   4156.000 |   4156.000 |     0.000
   4706,   |   4156.000 |   4453.440 |   308.137 |   4156.000 |   4156.000 |     0.000
   4707,   |   4156.000 |   4441.150 |   240.063 |   4156.000 |   4156.000 |     0.000
   4708,   |   4156.000 |   4438.190 |   274.135 |   4156.000 |   4156.000 |     0.000
   4709,   |   4156.000 |   4389.330 |   220.115 |   4156.000 |   4156.000 |     0.000
   4710,   |   4156.000 |   4364.100 |   222.485 |   4156.000 |   4156.000 |     0.000
   4711,   |   4156.000 |   4425.610 |   265.770 |   4156.000 |   4156.000 |     0.000
   4712,   |   4156.000 |   4365.600 |   208.868 |   4156.000 |   4156.000 |     0.000
   4713,   |   4156.000 |   4399.190 |   228.067 |   4156.000 |   4156.000 |     0.000
   4714,   |   4156.000 |   4427.520 |   232.285 |   4156.000 |   4156.000 |     0.000
   4715,   |   4156.000 |   4392.640 |   213.619 |   4156.000 |   4156.000 |     0.000
   4716,   |   4156.000 |   4440.320 |   199.009 |   4156.000 |   4156.000 |     0.000
   4717,   |   4156.000 |   4460.140 |   288.464 |   4156.000 |   4156.000 |     0.000
   4718,   |   4156.000 |   4405.780 |   237.335 |   4156.000 |   4156.000 |     0.000
   4719,   |   4156.000 |   4393.240 |   187.803 |   4156.000 |   4156.000 |     0.000
   4720,   |   4156.000 |   4418.150 |   223.610 |   4156.000 |   4156.000 |     0.000
   4721,   |   4156.000 |   4403.990 |   218.008 |   4156.000 |   4156.000 |     0.000
   4722,   |   4156.000 |   4433.300 |   272.381 |   4156.000 |   4156.000 |     0.000
   4723,   |   4156.000 |   4390.870 |   216.343 |   4156.000 |   4156.000 |     0.000
   4724,   |   4156.000 |   4418.400 |   215.028 |   4156.000 |   4156.000 |     0.000
   4725,   |   4156.000 |   4417.220 |   264.877 |   4156.000 |   4156.000 |     0.000
   4726,   |   4156.000 |   4395.690 |   235.113 |   4156.000 |   4156.000 |     0.000
   4727,   |   4156.000 |   4365.140 |   193.998 |   4156.000 |   4156.000 |     0.000
   4728,   |   4156.000 |   4412.770 |   236.440 |   4156.000 |   4156.000 |     0.000
   4729,   |   4156.000 |   4416.170 |   221.782 |   4156.000 |   4156.000 |     0.000
   4730,   |   4156.000 |   4426.920 |   245.302 |   4156.000 |   4156.000 |     0.000
   4731,   |   4156.000 |   4370.640 |   203.393 |   4156.000 |   4156.000 |     0.000
   4732,   |   4156.000 |   4435.700 |   254.679 |   4156.000 |   4156.000 |     0.000
   4733,   |   4156.000 |   4445.110 |   243.114 |   4156.000 |   4156.000 |     0.000
   4734,   |   4156.000 |   4409.720 |   255.893 |   4156.000 |   4156.000 |     0.000
   4735,   |   4156.000 |   4408.140 |   222.667 |   4156.000 |   4156.000 |     0.000
   4736,   |   4156.000 |   4390.260 |   223.259 |   4156.000 |   4156.000 |     0.000
   4737,   |   4156.000 |   4386.160 |   231.045 |   4156.000 |   4156.000 |     0.000
   4738,   |   4156.000 |   4444.070 |   250.864 |   4156.000 |   4156.000 |     0.000
   4739,   |   4156.000 |   4403.580 |   239.208 |   4156.000 |   4156.000 |     0.000
   4740,   |   4156.000 |   4423.590 |   238.527 |   4156.000 |   4156.000 |     0.000
   4741,   |   4156.000 |   4403.350 |   222.959 |   4156.000 |   4156.000 |     0.000
   4742,   |   4156.000 |   4445.590 |   270.696 |   4156.000 |   4156.000 |     0.000
   4743,   |   4156.000 |   4398.810 |   257.639 |   4156.000 |   4156.000 |     0.000
   4744,   |   4156.000 |   4385.140 |   227.387 |   4156.000 |   4156.000 |     0.000
   4745,   |   4156.000 |   4462.550 |   269.975 |   4156.000 |   4156.000 |     0.000
   4746,   |   4156.000 |   4438.800 |   299.485 |   4156.000 |   4156.000 |     0.000
   4747,   |   4156.000 |   4431.380 |   251.613 |   4156.000 |   4156.000 |     0.000
   4748,   |   4156.000 |   4374.930 |   197.452 |   4156.000 |   4156.000 |     0.000
   4749,   |   4156.000 |   4374.110 |   226.645 |   4156.000 |   4156.000 |     0.000
   4750,   |   4156.000 |   4397.500 |   236.606 |   4156.000 |   4156.000 |     0.000
   4751,   |   4156.000 |   4381.000 |   205.245 |   4156.000 |   4156.000 |     0.000
   4752,   |   4156.000 |   4414.740 |   231.332 |   4156.000 |   4156.000 |     0.000
   4753,   |   4156.000 |   4354.670 |   216.719 |   4156.000 |   4156.000 |     0.000
   4754,   |   4156.000 |   4369.800 |   215.974 |   4156.000 |   4156.000 |     0.000
   4755,   |   4156.000 |   4379.120 |   201.780 |   4156.000 |   4156.000 |     0.000
   4756,   |   4156.000 |   4401.260 |   207.544 |   4156.000 |   4156.000 |     0.000
   4757,   |   4156.000 |   4443.300 |   236.955 |   4156.000 |   4156.000 |     0.000
   4758,   |   4156.000 |   4480.680 |   283.211 |   4156.000 |   4156.000 |     0.000
   4759,   |   4156.000 |   4375.620 |   237.335 |   4156.000 |   4156.000 |     0.000
   4760,   |   4156.000 |   4382.470 |   202.283 |   4156.000 |   4156.000 |     0.000
   4761,   |   4156.000 |   4418.140 |   228.238 |   4156.000 |   4156.000 |     0.000
   4762,   |   4156.000 |   4370.640 |   237.547 |   4156.000 |   4156.000 |     0.000
   4763,   |   4156.000 |   4406.910 |   221.409 |   4156.000 |   4156.000 |     0.000
   4764,   |   4156.000 |   4420.620 |   268.367 |   4156.000 |   4156.000 |     0.000
   4765,   |   4156.000 |   4404.610 |   214.988 |   4156.000 |   4156.000 |     0.000
   4766,   |   4156.000 |   4400.630 |   234.905 |   4156.000 |   4156.000 |     0.000
   4767,   |   4156.000 |   4390.280 |   223.717 |   4156.000 |   4156.000 |     0.000
   4768,   |   4156.000 |   4434.000 |   210.040 |   4156.000 |   4156.000 |     0.000
   4769,   |   4156.000 |   4368.180 |   191.710 |   4156.000 |   4156.000 |     0.000
   4770,   |   4156.000 |   4395.650 |   234.355 |   4156.000 |   4156.000 |     0.000
   4771,   |   4156.000 |   4366.810 |   226.132 |   4156.000 |   4156.000 |     0.000
   4772,   |   4156.000 |   4370.910 |   208.604 |   4156.000 |   4156.000 |     0.000
   4773,   |   4156.000 |   4371.570 |   206.138 |   4156.000 |   4156.000 |     0.000
   4774,   |   4156.000 |   4385.130 |   212.135 |   4156.000 |   4156.000 |     0.000
   4775,   |   4156.000 |   4431.880 |   271.156 |   4156.000 |   4156.000 |     0.000
   4776,   |   4156.000 |   4363.940 |   196.375 |   4156.000 |   4156.000 |     0.000
   4777,   |   4156.000 |   4386.340 |   210.561 |   4156.000 |   4156.000 |     0.000
   4778,   |   4156.000 |   4384.460 |   201.167 |   4156.000 |   4156.000 |     0.000
   4779,   |   4156.000 |   4386.400 |   214.597 |   4156.000 |   4156.000 |     0.000
   4780,   |   4156.000 |   4441.830 |   254.586 |   4156.000 |   4156.000 |     0.000
   4781,   |   4156.000 |   4356.340 |   204.628 |   4156.000 |   4156.000 |     0.000
   4782,   |   4156.000 |   4373.380 |   203.652 |   4156.000 |   4156.000 |     0.000
   4783,   |   4156.000 |   4408.010 |   244.875 |   4156.000 |   4156.000 |     0.000
   4784,   |   4156.000 |   4423.500 |   212.508 |   4156.000 |   4156.000 |     0.000
   4785,   |   4156.000 |   4422.120 |   228.303 |   4156.000 |   4156.000 |     0.000
   4786,   |   4156.000 |   4457.740 |   308.504 |   4156.000 |   4156.000 |     0.000
   4787,   |   4156.000 |   4407.250 |   204.366 |   4156.000 |   4156.000 |     0.000
   4788,   |   4156.000 |   4407.420 |   221.090 |   4156.000 |   4156.000 |     0.000
   4789,   |   4156.000 |   4412.180 |   254.007 |   4156.000 |   4156.000 |     0.000
   4790,   |   4156.000 |   4381.210 |   210.074 |   4156.000 |   4156.000 |     0.000
   4791,   |   4156.000 |   4418.390 |   238.309 |   4156.000 |   4156.000 |     0.000
   4792,   |   4156.000 |   4396.300 |   237.987 |   4156.000 |   4156.000 |     0.000
   4793,   |   4156.000 |   4421.630 |   223.668 |   4156.000 |   4156.000 |     0.000
   4794,   |   4156.000 |   4390.890 |   223.022 |   4156.000 |   4156.000 |     0.000
   4795,   |   4156.000 |   4409.340 |   229.962 |   4156.000 |   4156.000 |     0.000
   4796,   |   4156.000 |   4402.220 |   245.088 |   4156.000 |   4156.000 |     0.000
   4797,   |   4156.000 |   4419.290 |   219.404 |   4156.000 |   4156.000 |     0.000
   4798,   |   4156.000 |   4422.460 |   251.640 |   4156.000 |   4156.000 |     0.000
   4799,   |   4156.000 |   4438.590 |   278.254 |   4156.000 |   4156.000 |     0.000
   4800,   |   4156.000 |   4393.750 |   300.281 |   4156.000 |   4156.000 |     0.000
   4801,   |   4156.000 |   4407.350 |   213.801 |   4156.000 |   4156.000 |     0.000
   4802,   |   4156.000 |   4452.990 |   268.887 |   4156.000 |   4156.000 |     0.000
   4803,   |   4156.000 |   4385.850 |   216.783 |   4156.000 |   4156.000 |     0.000
   4804,   |   4156.000 |   4386.310 |   212.883 |   4156.000 |   4156.000 |     0.000
   4805,   |   4156.000 |   4396.740 |   232.169 |   4156.000 |   4156.000 |     0.000
   4806,   |   4156.000 |   4372.600 |   222.025 |   4156.000 |   4156.000 |     0.000
   4807,   |   4156.000 |   4371.900 |   196.926 |   4156.000 |   4156.000 |     0.000
   4808,   |   4156.000 |   4403.480 |   214.010 |   4156.000 |   4156.000 |     0.000
   4809,   |   4156.000 |   4446.410 |   254.965 |   4156.000 |   4156.000 |     0.000
   4810,   |   4156.000 |   4405.130 |   223.798 |   4156.000 |   4156.000 |     0.000
   4811,   |   4156.000 |   4357.490 |   196.316 |   4156.000 |   4156.000 |     0.000
   4812,   |   4156.000 |   4398.430 |   228.677 |   4156.000 |   4156.000 |     0.000
   4813,   |   4156.000 |   4390.120 |   212.892 |   4156.000 |   4156.000 |     0.000
   4814,   |   4156.000 |   4415.500 |   194.479 |   4156.000 |   4156.000 |     0.000
   4815,   |   4156.000 |   4396.700 |   215.499 |   4156.000 |   4156.000 |     0.000
   4816,   |   4156.000 |   4372.300 |   221.514 |   4156.000 |   4156.000 |     0.000
   4817,   |   4156.000 |   4369.220 |   204.506 |   4156.000 |   4156.000 |     0.000
   4818,   |   4156.000 |   4381.290 |   215.048 |   4156.000 |   4156.000 |     0.000
   4819,   |   4156.000 |   4413.440 |   256.004 |   4156.000 |   4156.000 |     0.000
   4820,   |   4156.000 |   4396.190 |   239.794 |   4156.000 |   4156.000 |     0.000
   4821,   |   4156.000 |   4440.440 |   266.738 |   4156.000 |   4156.000 |     0.000
   4822,   |   4156.000 |   4404.050 |   221.246 |   4156.000 |   4156.000 |     0.000
   4823,   |   4156.000 |   4361.900 |   205.561 |   4156.000 |   4156.000 |     0.000
   4824,   |   4156.000 |   4403.390 |   211.525 |   4156.000 |   4156.000 |     0.000
   4825,   |   4156.000 |   4451.090 |   272.284 |   4156.000 |   4156.000 |     0.000
   4826,   |   4156.000 |   4501.180 |   304.073 |   4156.000 |   4156.000 |     0.000
   4827,   |   4156.000 |   4426.000 |   298.036 |   4156.000 |   4156.000 |     0.000
   4828,   |   4156.000 |   4366.220 |   207.421 |   4156.000 |   4156.000 |     0.000
   4829,   |   4156.000 |   4368.500 |   193.078 |   4156.000 |   4156.000 |     0.000
   4830,   |   4156.000 |   4377.460 |   247.080 |   4156.000 |   4156.000 |     0.000
   4831,   |   4156.000 |   4354.350 |   206.801 |   4156.000 |   4156.000 |     0.000
   4832,   |   4156.000 |   4362.320 |   207.224 |   4156.000 |   4156.000 |     0.000
   4833,   |   4156.000 |   4382.200 |   230.322 |   4156.000 |   4156.000 |     0.000
   4834,   |   4156.000 |   4372.440 |   198.868 |   4156.000 |   4156.000 |     0.000
   4835,   |   4156.000 |   4374.940 |   204.809 |   4156.000 |   4156.000 |     0.000
   4836,   |   4156.000 |   4378.850 |   212.970 |   4156.000 |   4156.000 |     0.000
   4837,   |   4156.000 |   4402.120 |   239.404 |   4156.000 |   4156.000 |     0.000
   4838,   |   4156.000 |   4401.350 |   216.067 |   4156.000 |   4156.000 |     0.000
   4839,   |   4156.000 |   4407.360 |   221.882 |   4156.000 |   4156.000 |     0.000
   4840,   |   4156.000 |   4392.560 |   219.004 |   4156.000 |   4156.000 |     0.000
   4841,   |   4156.000 |   4438.820 |   258.489 |   4156.000 |   4156.000 |     0.000
   4842,   |   4156.000 |   4399.080 |   221.491 |   4156.000 |   4156.000 |     0.000
   4843,   |   4156.000 |   4352.020 |   200.057 |   4156.000 |   4156.000 |     0.000
   4844,   |   4156.000 |   4380.210 |   218.187 |   4156.000 |   4156.000 |     0.000
   4845,   |   4156.000 |   4393.830 |   217.979 |   4156.000 |   4156.000 |     0.000
   4846,   |   4156.000 |   4419.870 |   257.760 |   4156.000 |   4156.000 |     0.000
   4847,   |   4156.000 |   4416.450 |   217.456 |   4156.000 |   4156.000 |     0.000
   4848,   |   4156.000 |   4452.510 |   273.387 |   4156.000 |   4156.000 |     0.000
   4849,   |   4156.000 |   4444.740 |   255.058 |   4156.000 |   4156.000 |     0.000
   4850,   |   4156.000 |   4412.670 |   226.196 |   4156.000 |   4156.000 |     0.000
   4851,   |   4156.000 |   4425.480 |   221.781 |   4156.000 |   4156.000 |     0.000
   4852,   |   4156.000 |   4399.450 |   214.656 |   4156.000 |   4156.000 |     0.000
   4853,   |   4156.000 |   4391.070 |   230.053 |   4156.000 |   4156.000 |     0.000
   4854,   |   4156.000 |   4407.300 |   234.746 |   4156.000 |   4156.000 |     0.000
   4855,   |   4156.000 |   4378.520 |   185.362 |   4156.000 |   4156.000 |     0.000
   4856,   |   4156.000 |   4427.960 |   231.254 |   4156.000 |   4156.000 |     0.000
   4857,   |   4156.000 |   4420.510 |   217.662 |   4156.000 |   4156.000 |     0.000
   4858,   |   4156.000 |   4387.330 |   218.158 |   4156.000 |   4156.000 |     0.000
   4859,   |   4156.000 |   4378.450 |   208.927 |   4156.000 |   4156.000 |     0.000
   4860,   |   4156.000 |   4379.840 |   210.080 |   4156.000 |   4156.000 |     0.000
   4861,   |   4156.000 |   4421.620 |   235.905 |   4156.000 |   4156.000 |     0.000
   4862,   |   4156.000 |   4398.560 |   237.245 |   4156.000 |   4156.000 |     0.000
   4863,   |   4156.000 |   4360.410 |   225.213 |   4156.000 |   4156.000 |     0.000
   4864,   |   4156.000 |   4404.970 |   207.758 |   4156.000 |   4156.000 |     0.000
   4865,   |   4156.000 |   4372.680 |   236.016 |   4156.000 |   4156.000 |     0.000
   4866,   |   4156.000 |   4372.030 |   211.092 |   4156.000 |   4156.000 |     0.000
   4867,   |   4156.000 |   4397.350 |   230.452 |   4156.000 |   4156.000 |     0.000
   4868,   |   4156.000 |   4386.150 |   219.035 |   4156.000 |   4156.000 |     0.000
   4869,   |   4156.000 |   4352.200 |   226.816 |   4156.000 |   4156.000 |     0.000
   4870,   |   4156.000 |   4422.650 |   207.799 |   4156.000 |   4156.000 |     0.000
   4871,   |   4156.000 |   4450.020 |   253.276 |   4156.000 |   4156.000 |     0.000
   4872,   |   4156.000 |   4410.480 |   234.437 |   4156.000 |   4156.000 |     0.000
   4873,   |   4156.000 |   4415.630 |   249.585 |   4156.000 |   4156.000 |     0.000
   4874,   |   4156.000 |   4422.230 |   287.372 |   4156.000 |   4156.000 |     0.000
   4875,   |   4156.000 |   4392.510 |   223.491 |   4156.000 |   4156.000 |     0.000
   4876,   |   4156.000 |   4378.510 |   229.312 |   4156.000 |   4156.000 |     0.000
   4877,   |   4156.000 |   4348.670 |   225.068 |   4156.000 |   4156.000 |     0.000
   4878,   |   4156.000 |   4372.830 |   218.761 |   4156.000 |   4156.000 |     0.000
   4879,   |   4156.000 |   4362.960 |   207.615 |   4156.000 |   4156.000 |     0.000
   4880,   |   4156.000 |   4395.620 |   215.554 |   4156.000 |   4156.000 |     0.000
   4881,   |   4156.000 |   4382.380 |   214.896 |   4156.000 |   4156.000 |     0.000
   4882,   |   4156.000 |   4390.100 |   206.771 |   4156.000 |   4156.000 |     0.000
   4883,   |   4156.000 |   4362.610 |   223.205 |   4156.000 |   4156.000 |     0.000
   4884,   |   4156.000 |   4380.210 |   203.667 |   4156.000 |   4156.000 |     0.000
   4885,   |   4156.000 |   4355.810 |   200.131 |   4156.000 |   4156.000 |     0.000
   4886,   |   4156.000 |   4386.060 |   214.151 |   4156.000 |   4156.000 |     0.000
   4887,   |   4156.000 |   4383.960 |   220.618 |   4156.000 |   4156.000 |     0.000
   4888,   |   4156.000 |   4416.750 |   265.968 |   4156.000 |   4156.000 |     0.000
   4889,   |   4156.000 |   4389.800 |   199.515 |   4156.000 |   4156.000 |     0.000
   4890,   |   4156.000 |   4389.970 |   203.375 |   4156.000 |   4156.000 |     0.000
   4891,   |   4156.000 |   4401.860 |   216.643 |   4156.000 |   4156.000 |     0.000
   4892,   |   4156.000 |   4425.140 |   266.178 |   4156.000 |   4156.000 |     0.000
   4893,   |   4156.000 |   4444.030 |   281.973 |   4156.000 |   4156.000 |     0.000
   4894,   |   4156.000 |   4426.790 |   249.338 |   4156.000 |   4156.000 |     0.000
   4895,   |   4156.000 |   4398.480 |   226.761 |   4156.000 |   4156.000 |     0.000
   4896,   |   4156.000 |   4383.090 |   214.457 |   4156.000 |   4156.000 |     0.000
   4897,   |   4156.000 |   4381.360 |   221.490 |   4156.000 |   4156.000 |     0.000
   4898,   |   4156.000 |   4383.140 |   196.198 |   4156.000 |   4156.000 |     0.000
   4899,   |   4156.000 |   4420.030 |   234.845 |   4156.000 |   4156.000 |     0.000
   4900,   |   4156.000 |   4410.330 |   239.849 |   4156.000 |   4156.000 |     0.000
   4901,   |   4156.000 |   4431.880 |   260.735 |   4156.000 |   4156.000 |     0.000
   4902,   |   4156.000 |   4424.810 |   252.092 |   4156.000 |   4156.000 |     0.000
   4903,   |   4156.000 |   4420.560 |   240.901 |   4156.000 |   4156.000 |     0.000
   4904,   |   4156.000 |   4448.870 |   267.297 |   4156.000 |   4156.000 |     0.000
   4905,   |   4156.000 |   4436.750 |   262.588 |   4156.000 |   4156.000 |     0.000
   4906,   |   4156.000 |   4409.950 |   231.304 |   4156.000 |   4156.000 |     0.000
   4907,   |   4156.000 |   4397.170 |   220.307 |   4156.000 |   4156.000 |     0.000
   4908,   |   4156.000 |   4417.830 |   221.747 |   4156.000 |   4156.000 |     0.000
   4909,   |   4156.000 |   4414.890 |   262.310 |   4156.000 |   4156.000 |     0.000
   4910,   |   4156.000 |   4346.760 |   197.028 |   4156.000 |   4156.000 |     0.000
   4911,   |   4156.000 |   4374.700 |   222.935 |   4156.000 |   4156.000 |     0.000
   4912,   |   4156.000 |   4417.730 |   221.557 |   4156.000 |   4156.000 |     0.000
   4913,   |   4156.000 |   4388.190 |   200.039 |   4156.000 |   4156.000 |     0.000
   4914,   |   4156.000 |   4378.940 |   175.552 |   4156.000 |   4156.000 |     0.000
   4915,   |   4156.000 |   4433.610 |   254.788 |   4156.000 |   4156.000 |     0.000
   4916,   |   4156.000 |   4376.110 |   220.396 |   4156.000 |   4156.000 |     0.000
   4917,   |   4156.000 |   4359.790 |   190.834 |   4156.000 |   4156.000 |     0.000
   4918,   |   4156.000 |   4418.150 |   205.318 |   4156.000 |   4156.000 |     0.000
   4919,   |   4156.000 |   4428.410 |   218.582 |   4156.000 |   4156.000 |     0.000
   4920,   |   4156.000 |   4403.940 |   233.542 |   4156.000 |   4156.000 |     0.000
   4921,   |   4156.000 |   4404.760 |   241.179 |   4156.000 |   4156.000 |     0.000
   4922,   |   4156.000 |   4403.550 |   228.077 |   4156.000 |   4156.000 |     0.000
   4923,   |   4156.000 |   4389.020 |   214.316 |   4156.000 |   4156.000 |     0.000
   4924,   |   4156.000 |   4414.950 |   243.796 |   4156.000 |   4156.000 |     0.000
   4925,   |   4156.000 |   4408.640 |   243.513 |   4156.000 |   4156.000 |     0.000
   4926,   |   4156.000 |   4388.980 |   235.732 |   4156.000 |   4156.000 |     0.000
   4927,   |   4156.000 |   4385.900 |   209.667 |   4156.000 |   4156.000 |     0.000
   4928,   |   4156.000 |   4422.720 |   221.354 |   4156.000 |   4156.000 |     0.000
   4929,   |   4156.000 |   4400.710 |   248.179 |   4156.000 |   4156.000 |     0.000
   4930,   |   4156.000 |   4368.260 |   208.117 |   4156.000 |   4156.000 |     0.000
   4931,   |   4156.000 |   4377.240 |   204.491 |   4156.000 |   4156.000 |     0.000
   4932,   |   4156.000 |   4387.600 |   226.916 |   4156.000 |   4156.000 |     0.000
   4933,   |   4156.000 |   4425.850 |   220.986 |   4156.000 |   4156.000 |     0.000
   4934,   |   4156.000 |   4356.990 |   216.774 |   4156.000 |   4156.000 |     0.000
   4935,   |   4156.000 |   4420.580 |   235.651 |   4156.000 |   4156.000 |     0.000
   4936,   |   4156.000 |   4407.280 |   223.095 |   4156.000 |   4156.000 |     0.000
   4937,   |   4156.000 |   4416.430 |   257.472 |   4156.000 |   4156.000 |     0.000
   4938,   |   4156.000 |   4399.710 |   219.883 |   4156.000 |   4156.000 |     0.000
   4939,   |   4156.000 |   4386.570 |   205.058 |   4156.000 |   4156.000 |     0.000
   4940,   |   4156.000 |   4396.860 |   222.376 |   4156.000 |   4156.000 |     0.000
   4941,   |   4156.000 |   4382.040 |   218.318 |   4156.000 |   4156.000 |     0.000
   4942,   |   4156.000 |   4409.490 |   219.023 |   4156.000 |   4156.000 |     0.000
   4943,   |   4156.000 |   4423.070 |   274.421 |   4156.000 |   4156.000 |     0.000
   4944,   |   4156.000 |   4378.170 |   216.290 |   4156.000 |   4156.000 |     0.000
   4945,   |   4156.000 |   4374.710 |   225.550 |   4156.000 |   4156.000 |     0.000
   4946,   |   4156.000 |   4402.210 |   224.189 |   4156.000 |   4156.000 |     0.000
   4947,   |   4156.000 |   4418.460 |   300.482 |   4156.000 |   4156.000 |     0.000
   4948,   |   4156.000 |   4420.860 |   240.937 |   4156.000 |   4156.000 |     0.000
   4949,   |   4156.000 |   4402.330 |   232.701 |   4156.000 |   4156.000 |     0.000
   4950,   |   4156.000 |   4389.280 |   233.354 |   4156.000 |   4156.000 |     0.000
   4951,   |   4156.000 |   4353.010 |   199.829 |   4156.000 |   4156.000 |     0.000
   4952,   |   4156.000 |   4363.970 |   178.560 |   4156.000 |   4156.000 |     0.000
   4953,   |   4156.000 |   4409.460 |   228.242 |   4156.000 |   4156.000 |     0.000
   4954,   |   4156.000 |   4383.940 |   210.305 |   4156.000 |   4156.000 |     0.000
   4955,   |   4156.000 |   4400.040 |   217.513 |   4156.000 |   4156.000 |     0.000
   4956,   |   4156.000 |   4440.300 |   219.003 |   4156.000 |   4156.000 |     0.000
   4957,   |   4156.000 |   4457.210 |   242.968 |   4156.000 |   4156.000 |     0.000
   4958,   |   4156.000 |   4401.860 |   238.865 |   4156.000 |   4156.000 |     0.000
   4959,   |   4156.000 |   4388.280 |   228.438 |   4156.000 |   4156.000 |     0.000
   4960,   |   4156.000 |   4374.870 |   220.586 |   4156.000 |   4156.000 |     0.000
   4961,   |   4156.000 |   4389.620 |   201.514 |   4156.000 |   4156.000 |     0.000
   4962,   |   4156.000 |   4423.280 |   214.860 |   4156.000 |   4156.000 |     0.000
   4963,   |   4156.000 |   4456.470 |   296.110 |   4156.000 |   4156.000 |     0.000
   4964,   |   4156.000 |   4370.510 |   228.399 |   4156.000 |   4156.000 |     0.000
   4965,   |   4156.000 |   4374.010 |   220.513 |   4156.000 |   4156.000 |     0.000
   4966,   |   4156.000 |   4389.430 |   201.015 |   4156.000 |   4156.000 |     0.000
   4967,   |   4156.000 |   4394.210 |   220.936 |   4156.000 |   4156.000 |     0.000
   4968,   |   4156.000 |   4396.690 |   225.031 |   4156.000 |   4156.000 |     0.000
   4969,   |   4156.000 |   4414.350 |   227.446 |   4156.000 |   4156.000 |     0.000
   4970,   |   4156.000 |   4397.060 |   253.133 |   4156.000 |   4156.000 |     0.000
   4971,   |   4156.000 |   4401.460 |   226.727 |   4156.000 |   4156.000 |     0.000
   4972,   |   4156.000 |   4352.750 |   191.080 |   4156.000 |   4156.000 |     0.000
   4973,   |   4156.000 |   4420.650 |   214.940 |   4156.000 |   4156.000 |     0.000
   4974,   |   4156.000 |   4410.090 |   249.353 |   4156.000 |   4156.000 |     0.000
   4975,   |   4156.000 |   4412.810 |   218.775 |   4156.000 |   4156.000 |     0.000
   4976,   |   4156.000 |   4383.570 |   217.320 |   4156.000 |   4156.000 |     0.000
   4977,   |   4156.000 |   4413.490 |   234.169 |   4156.000 |   4156.000 |     0.000
   4978,   |   4156.000 |   4414.380 |   244.557 |   4156.000 |   4156.000 |     0.000
   4979,   |   4156.000 |   4385.700 |   211.288 |   4156.000 |   4156.000 |     0.000
   4980,   |   4156.000 |   4400.180 |   228.808 |   4156.000 |   4156.000 |     0.000
   4981,   |   4156.000 |   4387.950 |   222.360 |   4156.000 |   4156.000 |     0.000
   4982,   |   4156.000 |   4369.540 |   222.665 |   4156.000 |   4156.000 |     0.000
   4983,   |   4156.000 |   4409.360 |   244.438 |   4156.000 |   4156.000 |     0.000
   4984,   |   4156.000 |   4399.630 |   213.177 |   4156.000 |   4156.000 |     0.000
   4985,   |   4156.000 |   4372.960 |   233.584 |   4156.000 |   4156.000 |     0.000
   4986,   |   4156.000 |   4352.520 |   210.314 |   4156.000 |   4156.000 |     0.000
   4987,   |   4156.000 |   4350.630 |   198.359 |   4156.000 |   4156.000 |     0.000
   4988,   |   4156.000 |   4380.840 |   212.980 |   4156.000 |   4156.000 |     0.000
   4989,   |   4156.000 |   4419.630 |   271.653 |   4156.000 |   4156.000 |     0.000
   4990,   |   4156.000 |   4364.660 |   193.843 |   4156.000 |   4156.000 |     0.000
   4991,   |   4156.000 |   4353.180 |   189.861 |   4156.000 |   4156.000 |     0.000
   4992,   |   4156.000 |   4349.470 |   204.607 |   4156.000 |   4156.000 |     0.000
   4993,   |   4156.000 |   4371.350 |   212.429 |   4156.000 |   4156.000 |     0.000
   4994,   |   4156.000 |   4360.360 |   214.301 |   4156.000 |   4156.000 |     0.000
   4995,   |   4156.000 |   4378.350 |   222.854 |   4156.000 |   4156.000 |     0.000
   4996,   |   4156.000 |   4405.760 |   215.935 |   4156.000 |   4156.000 |     0.000
   4997,   |   4156.000 |   4416.920 |   266.590 |   4156.000 |   4156.000 |     0.000
   4998,   |   4156.000 |   4377.230 |   198.746 |   4156.000 |   4156.000 |     0.000
   4999,   |   4156.000 |   4369.620 |   226.685 |   4156.000 |   4156.000 |     0.000
   5000,   |   4156.000 |   4375.590 |   215.701 |   4156.000 |   4156.000 |     0.000